Ayaan's Suite
Timestamp,Sample Rate (Hz),Time,Ax,Ay,Az,Gx,Gy,Gz
2024-09-23 18:42:19.729297,0,43.186307,-0.0028852147413806935,-0.02352945757203875,0.0966050877605131,36.09446859390736,-100.26678939585686,72.1922225099802
2024-09-23 18:42:19.762108,0,43.186358,-0.0028852147413806935,-0.02352945757203875,0.0966050877605131,36.09446859390736,-100.26678939585686,76.200527287817
2024-09-23 18:42:19.773427,0,43.186358,-0.0029847020175114316,-0.02313149783467906,0.09725178296655933,32.08287849390507,-100.26678939585686,76.200527287817
2024-09-23 18:42:19.816586,0,43.186409,-0.0030344509719951677,-0.023429960042815445,0.0966050877605131,32.08287849390507,-96.25519929585457,80.21211738781929
2024-09-23 18:42:19.911280,0,43.186459,-0.0030344509719951677,-0.023429960042815445,0.0966050877605131,32.08287849390507,-100.26678939585686,76.200527287817
2024-09-23 18:42:19.922589,0,43.186459,-0.002586742470023829,-0.023479709566915436,0.0966050877605131,32.08287849390507,-100.26678939585686,76.200527287817
2024-09-23 18:42:19.955181,0,43.186459,-0.002586742470023829,-0.023479709566915436,0.0973015264147526,32.08287849390507,-100.26678939585686,76.200527287817
2024-09-23 18:42:19.966597,0,43.18651,-0.0024872551938930902,-0.023479709566915436,0.0973015264147526,32.08287849390507,-104.27510100388527,72.1922225099802
2024-09-23 18:42:20.009088,0,43.18651,-0.0024872551938930902,-0.02313149783467906,0.09680407370509965,40.106058693909645,-100.26678939585686,72.1922225099802
2024-09-23 18:42:20.020644,0,43.186561,-0.0024872551938930902,-0.02313149783467906,0.09680407370509965,40.106058693909645,-100.26678939585686,76.200527287817
2024-09-23 18:42:20.054781,0,43.186561,-0.0027359787006383035,-0.023280723622328886,0.09680407370509965,40.106058693909645,-100.26678939585686,76.200527287817
2024-09-23 18:42:20.066637,0,43.186561,-0.0027359787006383035,-0.023280723622328886,0.0973512698629459,60.15744537978172,-96.25519929585457,72.1922225099802
2024-09-23 18:42:20.109131,0,43.186648,-0.0030344509719951677,-0.023330473146428877,0.0970030596496862,44.11764879391193,-96.25519929585457,72.1922225099802
2024-09-23 18:42:20.120875,0,43.186648,-0.0030344509719951677,-0.023330473146428877,0.0970030596496862,44.11764879391193,-92.24360919585227,72.1922225099802
2024-09-23 18:42:20.155195,0,43.186746,-0.0027359787006383035,-0.023330473146428877,0.0970030596496862,44.11764879391193,-92.24360919585227,64.16903547978401
2024-09-23 18:42:20.166273,0,43.186746,-0.0027359787006383035,-0.023479709566915436,0.0970030596496862,52.137550501942634,-92.24360919585227,64.16903547978401
2024-09-23 18:42:20.198222,0,43.186746,-0.0027359787006383035,-0.023479709566915436,0.0970030596496862,52.137550501942634,-96.25519929585457,64.16903547978401
2024-09-23 18:42:20.251295,0,43.186798,-0.002586742470023829,-0.023479709566915436,0.0970030596496862,52.137550501942634,-96.25519929585457,72.1922225099802
2024-09-23 18:42:20.263040,0,43.186798,-0.002586742470023829,-0.023181236725942318,0.0970030596496862,52.137550501942634,-96.25519929585457,72.1922225099802
2024-09-23 18:42:20.305480,0,43.186848,-0.0028354659767690416,-0.02303200030545576,0.0970030596496862,52.137550501942634,-96.25519929585457,80.21211738781929
2024-09-23 18:42:20.347512,0,43.186848,-0.0028354659767690416,-0.02303200030545576,0.09680407370509965,36.09446859390736,-96.25519929585457,80.21211738781929
2024-09-23 18:42:20.358833,0,43.186899,-0.0022385316871478774,-0.02303200030545576,0.09680407370509965,36.09446859390736,-104.27510100388527,80.21211738781929
2024-09-23 18:42:20.402583,0,43.186989,-0.0022385316871478774,-0.023280723622328886,0.098047696365372,52.137550501942634,-92.24360919585227,72.1922225099802
2024-09-23 18:42:20.446214,0,43.186989,-0.0030344509719951677,-0.02308174982955575,0.0973015264147526,52.137550501942634,-92.24360919585227,72.1922225099802
2024-09-23 18:42:20.457208,0,43.186989,-0.0030344509719951677,-0.02308174982955575,0.0973015264147526,44.11764879391193,-88.23529758782387,76.200527287817
2024-09-23 18:42:20.499339,0,43.187087,-0.0032831742888682963,-0.02367869399252531,0.09710254654607277,40.106058693909645,-92.24360919585227,76.200527287817
2024-09-23 18:42:20.542182,0,43.187138,-0.0032831742888682963,-0.02367869399252531,0.09710254654607277,40.106058693909645,-92.24360919585227,76.200527287817
2024-09-23 18:42:20.553368,0,43.187138,-0.0030344509719951677,-0.023181236725942318,0.09675432418099966,32.08287849390507,-92.24360919585227,76.200527287817
2024-09-23 18:42:20.596198,0,43.187189,-0.0027359787006383035,-0.023230986250042305,0.09675432418099966,32.08287849390507,-92.24360919585227,76.200527287817
2024-09-23 18:42:20.607865,0,43.187189,-0.0027359787006383035,-0.023230986250042305,0.09725178296655933,32.08287849390507,-92.24360919585227,76.200527287817
2024-09-23 18:42:20.639841,0,43.187189,-0.0027359787006383035,-0.023230986250042305,0.09725178296655933,40.106058693909645,-96.25519929585457,76.200527287817
2024-09-23 18:42:20.651334,0,43.187239,-0.002785727465249955,-0.023280723622328886,0.09725178296655933,40.106058693909645,-96.25519929585457,76.200527287817
2024-09-23 18:42:20.694192,0,43.18729,-0.0030344509719951677,-0.023280723622328886,0.0970030596496862,32.08287849390507,-96.25519929585457,76.200527287817
2024-09-23 18:42:20.787687,39.25,43.18729,-0.0030344509719951677,-0.023479709566915436,0.0973015264147526,36.09446859390736,-96.25519929585457,76.200527287817
2024-09-23 18:42:20.799115,39.25,43.187379,-0.0030344509719951677,-0.023479709566915436,0.0973015264147526,36.09446859390736,-96.25519929585457,76.200527287817
2024-09-23 18:42:20.842387,39.25,43.187379,-0.0025369937054121774,-0.023230986250042305,0.09680407370509965,52.137550501942634,-100.26678939585686,64.16903547978401
2024-09-23 18:42:20.935352,39.25,43.187431,-0.0027359787006383035,-0.023230986250042305,0.09680407370509965,52.137550501942634,-100.26678939585686,64.16903547978401
2024-09-23 18:42:20.988908,39.25,43.187431,-0.0027359787006383035,-0.02313149783467906,0.09725178296655933,44.11764879391193,-92.24360919585227,76.200527287817
2024-09-23 18:42:21.000523,39.25,43.187481,-0.0027359787006383035,-0.02313149783467906,0.09725178296655933,44.11764879391193,-92.24360919585227,76.200527287817
2024-09-23 18:42:21.032179,39.25,43.187481,-0.0020395466919217514,-0.02308174982955575,0.09685382322919964,44.11764879391193,-92.24360919585227,76.200527287817
2024-09-23 18:42:21.043406,39.25,43.187481,-0.0020395466919217514,-0.02308174982955575,0.09685382322919964,40.106058693909645,-96.25519929585457,80.21211738781929
2024-09-23 18:42:21.076152,39.25,43.187532,-0.0020395466919217514,-0.02308174982955575,0.09685382322919964,40.106058693909645,-96.25519929585457,80.21211738781929
2024-09-23 18:42:21.088590,39.25,43.187532,-0.002785727465249955,-0.023429960042815445,0.09665483728461309,32.08287849390507,-96.25519929585457,80.21211738781929
2024-09-23 18:42:21.131707,39.25,43.187625,-0.0028852147413806935,-0.023181236725942318,0.0973512698629459,32.08287849390507,-96.25519929585457,72.1922225099802
2024-09-23 18:42:21.143379,39.25,43.187625,-0.0028852147413806935,-0.023181236725942318,0.0973512698629459,48.12595698684454,-96.25519929585457,72.1922225099802
2024-09-23 18:42:21.176247,39.25,43.187625,-0.0028852147413806935,-0.023181236725942318,0.0973512698629459,48.12595698684454,-96.25519929585457,72.1922225099802
2024-09-23 18:42:21.187942,39.25,43.187676,-0.0030841997366068195,-0.023429960042815445,0.09670458680871308,48.12595698684454,-96.25519929585457,72.1922225099802
2024-09-23 18:42:21.230960,39.25,43.18782,-0.0030841997366068195,-0.023429960042815445,0.09670458680871308,44.11764879391193,-96.25519929585457,76.200527287817
2024-09-23 18:42:21.243644,39.25,43.18782,-0.0030344509719951677,-0.023230986250042305,0.09670458680871308,44.11764879391193,-96.25519929585457,76.200527287817
2024-09-23 18:42:21.276659,39.25,43.18782,-0.0030344509719951677,-0.023230986250042305,0.09670458680871308,44.11764879391193,-92.24360919585227,76.200527287817
2024-09-23 18:42:21.288702,39.25,43.187871,-0.0028852147413806935,-0.023230986250042305,0.09670458680871308,44.11764879391193,-92.24360919585227,84.22370748782159
2024-09-23 18:42:21.320980,39.25,43.187871,-0.0028852147413806935,-0.02313149783467906,0.09670458680871308,44.11764879391193,-92.24360919585227,84.22370748782159
2024-09-23 18:42:21.332653,39.25,43.187964,-0.0028852147413806935,-0.02313149783467906,0.09740101331113918,28.07457030097246,-104.27510100388527,80.21211738781929
2024-09-23 18:42:21.374974,39.25,43.187964,-0.0028852147413806935,-0.023429960042815445,0.09725178296655933,28.07457030097246,-104.27510100388527,80.21211738781929
2024-09-23 18:42:21.386529,39.25,43.187964,-0.0028852147413806935,-0.023429960042815445,0.09725178296655933,28.07457030097246,-96.25519929585457,80.21211738781929
2024-09-23 18:42:21.419254,39.25,43.188016,-0.0028852147413806935,-0.023429960042815445,0.09725178296655933,28.07457030097246,-96.25519929585457,80.21211738781929
2024-09-23 18:42:21.430703,39.25,43.188016,-0.0030344509719951677,-0.02308174982955575,0.09685382322919964,44.11764879391193,-96.25519929585457,80.21211738781929
2024-09-23 18:42:21.472951,39.25,43.188066,-0.002636491424507565,-0.022982261414192504,0.09750050628343246,44.11764879391193,-96.25519929585457,80.21211738781929
2024-09-23 18:42:21.485037,39.25,43.188066,-0.002636491424507565,-0.022982261414192504,0.09750050628343246,44.11764879391193,-96.25519929585457,80.21211738781929
2024-09-23 18:42:21.516786,39.25,43.188066,-0.002636491424507565,-0.022982261414192504,0.09750050628343246,44.11764879391193,-92.24360919585227,80.21211738781929
2024-09-23 18:42:21.528637,39.25,43.188117,-0.0026862297461545674,-0.02293251340906919,0.09670458680871308,44.11764879391193,-92.24360919585227,80.21211738781929
2024-09-23 18:42:21.571049,39.25,43.188168,-0.0024872551938930902,-0.02293251340906919,0.09670458680871308,44.11764879391193,-92.24360919585227,84.22370748782159
2024-09-23 18:42:21.582422,39.25,43.188168,-0.0024872551938930902,-0.023181236725942318,0.09670458680871308,44.11764879391193,-92.24360919585227,84.22370748782159
2024-09-23 18:42:21.614341,39.25,43.188168,-0.0024872551938930902,-0.023181236725942318,0.09725178296655933,52.137550501942634,-92.24360919585227,84.22370748782159
2024-09-23 18:42:21.625989,39.25,43.188218,-0.0025369937054121774,-0.023181236725942318,0.09725178296655933,52.137550501942634,-96.25519929585457,72.1922225099802
2024-09-23 18:42:21.669448,39.25,43.188305,-0.0025369937054121774,-0.023280723622328886,0.09650560086412653,36.09446859390736,-96.25519929585457,80.21211738781929
2024-09-23 18:42:21.711876,39.25,43.188305,-0.003233425524256645,-0.02352945757203875,0.09650560086412653,36.09446859390736,-96.25519929585457,80.21211738781929
2024-09-23 18:42:21.723199,39.25,43.188305,-0.003233425524256645,-0.02352945757203875,0.09764974270391902,32.08287849390507,-92.24360919585227,80.21211738781929
2024-09-23 18:42:21.765018,39.25,43.188357,-0.002785727465249955,-0.023778180888911878,0.09710254654607277,36.09446859390736,-92.24360919585227,80.21211738781929
2024-09-23 18:42:21.777215,39.25,43.188357,-0.002785727465249955,-0.023778180888911878,0.09710254654607277,36.09446859390736,-92.24360919585227,80.21211738781929
2024-09-23 18:42:21.861626,41.04,43.188408,-0.0030344509719951677,-0.023778180888911878,0.09710254654607277,36.09446859390736,-92.24360919585227,80.21211738781929
2024-09-23 18:42:21.872556,41.04,43.188408,-0.0030344509719951677,-0.023429960042815445,0.09675432418099966,44.11764879391193,-92.24360919585227,80.21211738781929
2024-09-23 18:42:21.957284,41.04,43.188458,-0.0030344509719951677,-0.023429960042815445,0.09675432418099966,44.11764879391193,-96.25519929585457,76.200527287817
2024-09-23 18:42:21.969018,41.04,43.188458,-0.003233425524256645,-0.023280723622328886,0.09720203344245934,44.11764879391193,-96.25519929585457,76.200527287817
2024-09-23 18:42:22.011641,41.04,43.188509,-0.0027359787006383035,-0.0228827638849692,0.09720203344245934,44.11764879391193,-88.23529758782387,76.200527287817
2024-09-23 18:42:22.055087,41.04,43.188509,-0.0027359787006383035,-0.0228827638849692,0.09720203344245934,44.11764879391193,-92.24360919585227,76.200527287817
2024-09-23 18:42:22.066291,41.04,43.18856,-0.0024872551938930902,-0.0228827638849692,0.09720203344245934,44.11764879391193,-92.24360919585227,84.22370748782159
2024-09-23 18:42:22.108561,41.04,43.18856,-0.0024872551938930902,-0.023778180888911878,0.09650560086412653,48.12595698684454,-92.24360919585227,84.22370748782159
2024-09-23 18:42:22.120029,41.04,43.188647,-0.0024872551938930902,-0.023778180888911878,0.09650560086412653,48.12595698684454,-92.24360919585227,80.21211738781929
2024-09-23 18:42:22.153671,41.04,43.188647,-0.0025369937054121774,-0.023579196463302005,0.09740101331113918,48.12595698684454,-92.24360919585227,80.21211738781929
2024-09-23 18:42:22.165183,41.04,43.188647,-0.0025369937054121774,-0.023579196463302005,0.09740101331113918,40.106058693909645,-92.24360919585227,76.200527287817
2024-09-23 18:42:22.197169,41.04,43.188793,-0.0025369937054121774,-0.023579196463302005,0.09740101331113918,40.106058693909645,-92.24360919585227,76.200527287817
2024-09-23 18:42:22.208961,41.04,43.188793,-0.002636491424507565,-0.02308174982955575,0.09799795899308542,48.12595698684454,-100.26678939585686,76.200527287817
2024-09-23 18:42:22.251458,41.04,43.188845,-0.0023380189632786156,-0.023429960042815445,0.09799795899308542,48.12595698684454,-100.26678939585686,76.200527287817
2024-09-23 18:42:22.264002,41.04,43.188845,-0.0023380189632786156,-0.023429960042815445,0.09710254654607277,52.137550501942634,-100.26678939585686,76.200527287817
2024-09-23 18:42:22.296473,41.04,43.188845,-0.0023380189632786156,-0.023429960042815445,0.09710254654607277,52.137550501942634,-96.25519929585457,76.200527287817
2024-09-23 18:42:22.308375,41.04,43.188895,-0.0028354659767690416,-0.023330473146428877,0.09715228999426605,52.137550501942634,-96.25519929585457,72.1922225099802
2024-09-23 18:42:22.350628,41.04,43.188946,-0.0028354659767690416,-0.023330473146428877,0.09715228999426605,48.12595698684454,-92.24360919585227,80.21211738781929
2024-09-23 18:42:22.362545,41.04,43.188946,-0.0030841997366068195,-0.02308174982955575,0.09715228999426605,48.12595698684454,-92.24360919585227,80.21211738781929
2024-09-23 18:42:22.396034,41.04,43.188946,-0.0030841997366068195,-0.02308174982955575,0.09680407370509965,52.137550501942634,-96.25519929585457,80.21211738781929
2024-09-23 18:42:22.407860,41.04,43.188997,-0.002636491424507565,-0.02308174982955575,0.09680407370509965,52.137550501942634,-96.25519929585457,76.200527287817
2024-09-23 18:42:22.450424,41.04,43.189085,-0.002636491424507565,-0.023728432883788564,0.09715228999426605,40.106058693909645,-96.25519929585457,68.18063240997792
2024-09-23 18:42:22.492066,41.04,43.189085,-0.0029847020175114316,-0.023728432883788564,0.09715228999426605,40.106058693909645,-96.25519929585457,68.18063240997792
2024-09-23 18:42:22.503639,41.04,43.189085,-0.0029847020175114316,-0.023728432883788564,0.09725178296655933,36.09446859390736,-104.27510100388527,72.1922225099802
2024-09-23 18:42:22.541058,41.04,43.189138,-0.0029349636958644295,-0.023728432883788564,0.09725178296655933,36.09446859390736,-104.27510100388527,72.1922225099802
2024-09-23 18:42:22.552323,41.04,43.189138,-0.0029349636958644295,-0.023479709566915436,0.09690356060148622,40.106058693909645,-100.26678939585686,72.1922225099802
2024-09-23 18:42:22.594587,41.04,43.189188,-0.0029847020175114316,-0.02338022115155219,0.0973015264147526,40.106058693909645,-100.26678939585686,72.1922225099802
2024-09-23 18:42:22.606537,41.04,43.189188,-0.0029847020175114316,-0.02338022115155219,0.0973015264147526,40.106058693909645,-100.26678939585686,72.1922225099802
2024-09-23 18:42:22.639967,41.04,43.189239,-0.0029847020175114316,-0.02338022115155219,0.0973015264147526,40.106058693909645,-96.25519929585457,76.200527287817
2024-09-23 18:42:22.651190,41.04,43.189239,-0.0031836870127375577,-0.023579196463302005,0.09710254654607277,40.106058693909645,-96.25519929585457,76.200527287817
2024-09-23 18:42:22.694210,41.04,43.18929,-0.0025369937054121774,-0.023280723622328886,0.09710254654607277,48.12595698684454,-92.24360919585227,76.200527287817
2024-09-23 18:42:22.737329,41.04,43.18929,-0.0025369937054121774,-0.023280723622328886,0.09720203344245934,44.11764879391193,-96.25519929585457,76.200527287817
2024-09-23 18:42:22.749893,41.04,43.18934,-0.0030344509719951677,-0.023280723622328886,0.09720203344245934,44.11764879391193,-96.25519929585457,72.1922225099802
2024-09-23 18:42:22.782345,41.04,43.18934,-0.0030344509719951677,-0.02352945757203875,0.09720203344245934,44.11764879391193,-96.25519929585457,72.1922225099802
2024-09-23 18:42:22.793942,41.04,43.189427,-0.0030344509719951677,-0.02352945757203875,0.09715228999426605,40.106058693909645,-96.25519929585457,80.21211738781929
2024-09-23 18:42:22.836056,41.04,43.189427,-0.0024872551938930902,-0.023429960042815445,0.09680407370509965,32.08287849390507,-96.25519929585457,80.21211738781929
2024-09-23 18:42:22.847602,41.04,43.189427,-0.0024872551938930902,-0.023429960042815445,0.09680407370509965,32.08287849390507,-92.24360919585227,76.200527287817
2024-09-23 18:42:22.879912,42.42,43.189478,-0.0024872551938930902,-0.023429960042815445,0.09680407370509965,32.08287849390507,-92.24360919585227,76.200527287817
2024-09-23 18:42:22.891457,42.42,43.189478,-0.0031836870127375577,-0.02303200030545576,0.09715228999426605,28.07457030097246,-92.24360919585227,76.200527287817
2024-09-23 18:42:22.985382,42.42,43.189529,-0.0028852147413806935,-0.02303200030545576,0.09680407370509965,28.07457030097246,-92.24360919585227,80.21211738781929
2024-09-23 18:42:22.997669,42.42,43.189529,-0.0028852147413806935,-0.02303200030545576,0.09680407370509965,36.09446859390736,-92.24360919585227,80.21211738781929
2024-09-23 18:42:23.030031,42.42,43.189529,-0.0028852147413806935,-0.02303200030545576,0.09680407370509965,36.09446859390736,-92.24360919585227,80.21211738781929
2024-09-23 18:42:23.083478,42.42,43.18958,-0.0027359787006383035,-0.023280723622328886,0.0973015264147526,40.106058693909645,-100.26678939585686,80.21211738781929
2024-09-23 18:42:23.126141,42.42,43.18963,-0.0027359787006383035,-0.023280723622328886,0.0973015264147526,40.106058693909645,-100.26678939585686,76.200527287817
2024-09-23 18:42:23.138350,42.42,43.18963,-0.0028354659767690416,-0.023230986250042305,0.0973015264147526,44.11764879391193,-100.26678939585686,76.200527287817
2024-09-23 18:42:23.181130,42.42,43.189681,-0.0028852147413806935,-0.02313149783467906,0.09685382322919964,44.11764879391193,-92.24360919585227,72.1922225099802
2024-09-23 18:42:23.223161,42.42,43.189681,-0.0028852147413806935,-0.02313149783467906,0.09685382322919964,40.106058693909645,-96.25519929585457,72.1922225099802
2024-09-23 18:42:23.234911,42.42,43.189768,-0.0023380189632786156,-0.023429960042815445,0.09685382322919964,40.106058693909645,-96.25519929585457,76.200527287817
2024-09-23 18:42:23.277956,42.42,43.189866,-0.0023380189632786156,-0.023429960042815445,0.09715228999426605,36.09446859390736,-104.27510100388527,76.200527287817
2024-09-23 18:42:23.289750,42.42,43.189866,-0.0029349636958644295,-0.023429960042815445,0.09715228999426605,36.09446859390736,-104.27510100388527,76.200527287817
2024-09-23 18:42:23.322458,42.42,43.189866,-0.0029349636958644295,-0.023778180888911878,0.09705279702197278,32.08287849390507,-104.27510100388527,76.200527287817
2024-09-23 18:42:23.333979,42.42,43.189963,-0.0029349636958644295,-0.023778180888911878,0.09705279702197278,32.08287849390507,-100.26678939585686,76.200527287817
2024-09-23 18:42:23.376551,42.42,43.189963,-0.0029847020175114316,-0.02362894446842532,0.0976994861521123,44.11764879391193,-100.26678939585686,72.1922225099802
2024-09-23 18:42:23.419327,42.42,43.190014,-0.0029847020175114316,-0.02362894446842532,0.0976994861521123,44.11764879391193,-100.26678939585686,72.1922225099802
2024-09-23 18:42:23.431263,42.42,43.190014,-0.0029847020175114316,-0.02338022115155219,0.09695331012558621,40.106058693909645,-100.26678939585686,72.1922225099802
2024-09-23 18:42:23.473984,42.42,43.190065,-0.002636491424507565,-0.023280723622328886,0.09745075675933246,44.11764879391193,-100.26678939585686,72.1922225099802
2024-09-23 18:42:23.516517,42.42,43.190065,-0.002636491424507565,-0.023280723622328886,0.09745075675933246,44.11764879391193,-96.25519929585457,76.200527287817
2024-09-23 18:42:23.528686,42.42,43.190116,-0.0028354659767690416,-0.02362894446842532,0.09715228999426605,44.11764879391193,-96.25519929585457,76.200527287817
2024-09-23 18:42:23.571885,42.42,43.190116,-0.0028354659767690416,-0.02362894446842532,0.09715228999426605,44.11764879391193,-96.25519929585457,80.21211738781929
2024-09-23 18:42:23.615326,42.42,43.190166,-0.0030841997366068195,-0.023280723622328886,0.09715228999426605,44.11764879391193,-96.25519929585457,80.21211738781929
2024-09-23 18:42:23.627171,42.42,43.190166,-0.0030841997366068195,-0.023280723622328886,0.09720203344245934,40.106058693909645,-96.25519929585457,80.21211738781929
2024-09-23 18:42:23.670479,42.42,43.190217,-0.0031836870127375577,-0.023330473146428877,0.09665483728461309,32.08287849390507,-96.25519929585457,80.21211738781929
2024-09-23 18:42:23.713477,42.42,43.190304,-0.0031836870127375577,-0.023330473146428877,0.09665483728461309,32.08287849390507,-100.26678939585686,72.1922225099802
2024-09-23 18:42:23.724789,42.42,43.190304,-0.002785727465249955,-0.02367869399252531,0.09680407370509965,32.08287849390507,-100.26678939585686,72.1922225099802
2024-09-23 18:42:23.767543,42.42,43.190356,-0.002636491424507565,-0.023181236725942318,0.09680407370509965,32.08287849390507,-96.25519929585457,76.200527287817
2024-09-23 18:42:23.811277,42.42,43.190356,-0.002636491424507565,-0.023181236725942318,0.09695331012558621,44.11764879391193,-96.25519929585457,76.200527287817
2024-09-23 18:42:23.822763,42.42,43.190406,-0.003233425524256645,-0.023181236725942318,0.09695331012558621,44.11764879391193,-96.25519929585457,76.200527287817
2024-09-23 18:42:23.854701,42.42,43.190406,-0.003233425524256645,-0.02313149783467906,0.09695331012558621,44.11764879391193,-96.25519929585457,76.200527287817
2024-09-23 18:42:23.866311,42.42,43.190499,-0.003233425524256645,-0.02313149783467906,0.0970030596496862,52.137550501942634,-96.25519929585457,68.18063240997792
2024-09-23 18:42:23.908213,41.3,43.190499,-0.0026862297461545674,-0.02308174982955575,0.0970030596496862,48.12595698684454,-96.25519929585457,68.18063240997792
2024-09-23 18:42:23.920180,41.3,43.190499,-0.0026862297461545674,-0.02308174982955575,0.0970030596496862,48.12595698684454,-100.26678939585686,68.18063240997792
2024-09-23 18:42:24.003625,41.3,43.190551,-0.0026862297461545674,-0.02308174982955575,0.0970030596496862,48.12595698684454,-100.26678939585686,68.18063240997792
2024-09-23 18:42:24.015442,41.3,43.190551,-0.0026862297461545674,-0.02367869399252531,0.09675432418099966,36.09446859390736,-96.25519929585457,68.18063240997792
2024-09-23 18:42:24.059096,41.3,43.190602,-0.002785727465249955,-0.023181236725942318,0.09690356060148622,36.09446859390736,-96.25519929585457,76.200527287817
2024-09-23 18:42:24.102394,41.3,43.190653,-0.002785727465249955,-0.023181236725942318,0.09690356060148622,36.09446859390736,-100.26678939585686,76.200527287817
2024-09-23 18:42:24.114336,41.3,43.190653,-0.0026862297461545674,-0.023181236725942318,0.09690356060148622,36.09446859390736,-100.26678939585686,76.200527287817
2024-09-23 18:42:24.197981,41.3,43.190653,-0.0026862297461545674,-0.02367869399252531,0.09690356060148622,36.09446859390736,-100.26678939585686,76.200527287817
2024-09-23 18:42:24.210269,41.3,43.190703,-0.0026862297461545674,-0.02367869399252531,0.0970030596496862,40.106058693909645,-92.24360919585227,76.200527287817
2024-09-23 18:42:24.253033,41.3,43.190703,-0.0028852147413806935,-0.02308174982955575,0.09740101331113918,40.106058693909645,-96.25519929585457,76.200527287817
2024-09-23 18:42:24.265110,41.3,43.190703,-0.0028852147413806935,-0.02308174982955575,0.09740101331113918,40.106058693909645,-96.25519929585457,76.200527287817
2024-09-23 18:42:24.296888,41.3,43.190754,-0.0026862297461545674,-0.02308174982955575,0.09740101331113918,40.106058693909645,-96.25519929585457,76.200527287817
2024-09-23 18:42:24.308569,41.3,43.190754,-0.0026862297461545674,-0.023579196463302005,0.09670458680871308,48.12595698684454,-92.24360919585227,76.200527287817
2024-09-23 18:42:24.352484,41.3,43.190889,-0.002785727465249955,-0.023280723622328886,0.0973512698629459,36.09446859390736,-92.24360919585227,68.18063240997792
2024-09-23 18:42:24.394422,41.3,43.190941,-0.002785727465249955,-0.023280723622328886,0.0973512698629459,36.09446859390736,-96.25519929585457,72.1922225099802
2024-09-23 18:42:24.405361,41.3,43.190941,-0.0026862297461545674,-0.023429960042815445,0.09690356060148622,36.09446859390736,-96.25519929585457,72.1922225099802
2024-09-23 18:42:24.447024,41.3,43.191038,-0.0029847020175114316,-0.023429960042815445,0.09690356060148622,36.09446859390736,-92.24360919585227,76.200527287817
2024-09-23 18:42:24.459149,41.3,43.191038,-0.0029847020175114316,-0.023280723622328886,0.09690356060148622,36.09446859390736,-92.24360919585227,76.200527287817
2024-09-23 18:42:24.491587,41.3,43.191038,-0.0029847020175114316,-0.023280723622328886,0.0973015264147526,40.106058693909645,-92.24360919585227,76.200527287817
2024-09-23 18:42:24.502949,41.3,43.191088,-0.002785727465249955,-0.023280723622328886,0.0973015264147526,40.106058693909645,-92.24360919585227,76.200527287817
2024-09-23 18:42:24.544950,41.3,43.191088,-0.002785727465249955,-0.02352945757203875,0.09720203344245934,48.12595698684454,-100.26678939585686,80.21211738781929
2024-09-23 18:42:24.556839,41.3,43.191182,-0.002785727465249955,-0.02352945757203875,0.09720203344245934,48.12595698684454,-100.26678939585686,80.21211738781929
2024-09-23 18:42:24.588784,41.3,43.191182,-0.002636491424507565,-0.023579196463302005,0.09720203344245934,48.12595698684454,-100.26678939585686,80.21211738781929
2024-09-23 18:42:24.600220,41.3,43.191182,-0.002636491424507565,-0.023579196463302005,0.0966050877605131,56.14914060194492,-96.25519929585457,80.21211738781929
2024-09-23 18:42:24.643024,41.3,43.191233,-0.0027359787006383035,-0.02338022115155219,0.09695331012558621,40.106058693909645,-96.25519929585457,80.21211738781929
2024-09-23 18:42:24.685728,41.3,43.191233,-0.0027359787006383035,-0.02338022115155219,0.09695331012558621,40.106058693909645,-100.26678939585686,84.22370748782159
2024-09-23 18:42:24.697973,41.3,43.191284,-0.0028852147413806935,-0.023778180888911878,0.0962568775472534,40.106058693909645,-100.26678939585686,84.22370748782159
2024-09-23 18:42:24.740278,41.3,43.191335,-0.002586742470023829,-0.02352945757203875,0.0962568775472534,40.106058693909645,-88.23529758782387,80.21211738781929
2024-09-23 18:42:24.783489,41.3,43.191335,-0.002586742470023829,-0.02352945757203875,0.09620712802315341,28.07457030097246,-88.23529758782387,80.21211738781929
2024-09-23 18:42:24.795376,41.3,43.191385,-0.002387757474797703,-0.02352945757203875,0.09620712802315341,28.07457030097246,-88.23529758782387,76.200527287817
2024-09-23 18:42:24.838037,41.3,43.191385,-0.002387757474797703,-0.022982261414192504,0.0970030596496862,20.05138839341998,-96.25519929585457,80.21211738781929
2024-09-23 18:42:24.850066,41.3,43.191436,-0.002387757474797703,-0.022982261414192504,0.0970030596496862,20.05138839341998,-96.25519929585457,80.21211738781929
2024-09-23 18:42:24.882687,41.3,43.191436,-0.0029847020175114316,-0.02308174982955575,0.09725178296655933,20.05138839341998,-96.25519929585457,80.21211738781929
2024-09-23 18:42:24.894185,41.3,43.191436,-0.0029847020175114316,-0.02308174982955575,0.09725178296655933,36.09446859390736,-88.23529758782387,76.200527287817
2024-09-23 18:42:24.936850,41.2,43.191524,-0.002785727465249955,-0.023429960042815445,0.09774922960030558,44.11764879391193,-92.24360919585227,76.200527287817
2024-09-23 18:42:24.979907,41.2,43.191524,-0.002785727465249955,-0.023429960042815445,0.09774922960030558,44.11764879391193,-92.24360919585227,80.21211738781929
2024-09-23 18:42:25.032870,41.2,43.191575,-0.0032831742888682963,-0.02303200030545576,0.09710254654607277,56.14914060194492,-88.23529758782387,80.21211738781929
2024-09-23 18:42:25.075996,41.2,43.191626,-0.0032831742888682963,-0.02303200030545576,0.09710254654607277,56.14914060194492,-88.23529758782387,80.21211738781929
2024-09-23 18:42:25.087302,41.2,43.191626,-0.0029349636958644295,-0.023579196463302005,0.09720203344245934,44.11764879391193,-88.23529758782387,80.21211738781929
2024-09-23 18:42:25.131181,41.2,43.191676,-0.002785727465249955,-0.02308174982955575,0.09690356060148622,44.11764879391193,-92.24360919585227,76.200527287817
2024-09-23 18:42:25.173373,41.2,43.191676,-0.002785727465249955,-0.02308174982955575,0.09690356060148622,40.106058693909645,-96.25519929585457,76.200527287817
2024-09-23 18:42:25.185355,41.2,43.191727,-0.0029349636958644295,-0.023280723622328886,0.09690356060148622,40.106058693909645,-96.25519929585457,76.200527287817
2024-09-23 18:42:25.228027,41.2,43.191727,-0.0029349636958644295,-0.023280723622328886,0.09650560086412653,40.106058693909645,-96.25519929585457,76.200527287817
2024-09-23 18:42:25.271563,41.2,43.191727,-0.0029349636958644295,-0.023280723622328886,0.09650560086412653,28.07457030097246,-96.25519929585457,76.200527287817
2024-09-23 18:42:25.283323,41.2,43.191815,-0.0030841997366068195,-0.023778180888911878,0.09650560086412653,28.07457030097246,-96.25519929585457,72.1922225099802
2024-09-23 18:42:25.325371,41.2,43.191913,-0.0030841997366068195,-0.023778180888911878,0.09680407370509965,40.106058693909645,-96.25519929585457,80.21211738781929
2024-09-23 18:42:25.337484,41.2,43.191913,-0.0029847020175114316,-0.023778180888911878,0.09680407370509965,40.106058693909645,-96.25519929585457,80.21211738781929
2024-09-23 18:42:25.370262,41.2,43.191913,-0.0029847020175114316,-0.023280723622328886,0.09705279702197278,40.106058693909645,-96.25519929585457,80.21211738781929
2024-09-23 18:42:25.381409,41.2,43.191965,-0.0029847020175114316,-0.023280723622328886,0.09705279702197278,44.11764879391193,-96.25519929585457,80.21211738781929
2024-09-23 18:42:25.424187,41.2,43.191965,-0.002785727465249955,-0.022982261414192504,0.09670458680871308,52.137550501942634,-100.26678939585686,76.200527287817
2024-09-23 18:42:25.466879,41.2,43.192015,-0.0030841997366068195,-0.02308174982955575,0.09670458680871308,52.137550501942634,-100.26678939585686,76.200527287817
2024-09-23 18:42:25.478880,41.2,43.192015,-0.0030841997366068195,-0.02308174982955575,0.09740101331113918,36.09446859390736,-104.27510100388527,76.200527287817
2024-09-23 18:42:25.521697,41.2,43.192109,-0.0031339382481259063,-0.02303200030545576,0.09695331012558621,28.07457030097246,-104.27510100388527,80.21211738781929
2024-09-23 18:42:25.564053,41.2,43.192109,-0.0031339382481259063,-0.02303200030545576,0.09695331012558621,28.07457030097246,-96.25519929585457,80.21211738781929
2024-09-23 18:42:25.575965,41.2,43.19216,-0.002437506429281439,-0.023181236725942318,0.0970030596496862,28.07457030097246,-96.25519929585457,80.21211738781929
2024-09-23 18:42:25.619218,41.2,43.192211,-0.002785727465249955,-0.02362894446842532,0.0970030596496862,24.06297849342227,-104.27510100388527,76.200527287817
2024-09-23 18:42:25.661932,41.2,43.192211,-0.002785727465249955,-0.02362894446842532,0.0970030596496862,36.09446859390736,-96.25519929585457,76.200527287817
2024-09-23 18:42:25.673104,41.2,43.192261,-0.0032831742888682963,-0.02362894446842532,0.0970030596496862,36.09446859390736,-96.25519929585457,76.200527287817
2024-09-23 18:42:25.715204,41.2,43.192261,-0.0032831742888682963,-0.02338022115155219,0.0970030596496862,36.09446859390736,-96.25519929585457,76.200527287817
2024-09-23 18:42:25.758211,41.2,43.192261,-0.0032831742888682963,-0.02338022115155219,0.09680407370509965,48.12595698684454,-96.25519929585457,76.200527287817
2024-09-23 18:42:25.769921,41.2,43.192352,-0.0026862297461545674,-0.02338022115155219,0.09680407370509965,48.12595698684454,-88.23529758782387,72.1922225099802
2024-09-23 18:42:25.812685,41.2,43.192352,-0.0026862297461545674,-0.022833026512682618,0.0973512698629459,48.12595698684454,-88.23529758782387,72.1922225099802
2024-09-23 18:42:25.856472,41.2,43.192352,-0.0026862297461545674,-0.022833026512682618,0.0973512698629459,60.15744537978172,-100.26678939585686,72.1922225099802
2024-09-23 18:42:25.868935,41.2,43.192403,-0.0031836870127375577,-0.02352945757203875,0.0973512698629459,60.15744537978172,-100.26678939585686,64.16903547978401
2024-09-23 18:42:25.912655,41.2,43.192454,-0.003233425524256645,-0.02352945757203875,0.09685382322919964,56.14914060194492,-96.25519929585457,72.1922225099802
2024-09-23 18:42:25.955254,40.72,43.192454,-0.003233425524256645,-0.023429960042815445,0.09720203344245934,36.09446859390736,-96.25519929585457,72.1922225099802
2024-09-23 18:42:25.966658,40.72,43.192505,-0.003233425524256645,-0.023429960042815445,0.09720203344245934,36.09446859390736,-96.25519929585457,80.21211738781929
2024-09-23 18:42:26.010032,40.72,43.192505,-0.002785727465249955,-0.023429960042815445,0.09720203344245934,36.09446859390736,-96.25519929585457,80.21211738781929
2024-09-23 18:42:26.052444,40.72,43.192505,-0.002785727465249955,-0.02397715620066169,0.09685382322919964,24.06297849342227,-96.25519929585457,80.21211738781929
2024-09-23 18:42:26.063741,40.72,43.192597,-0.002785727465249955,-0.02397715620066169,0.09685382322919964,24.06297849342227,-104.27510100388527,76.200527287817
2024-09-23 18:42:26.106419,40.72,43.192597,-0.0032831742888682963,-0.02293251340906919,0.09755024973162574,48.12595698684454,-96.25519929585457,72.1922225099802
2024-09-23 18:42:26.149150,40.72,43.192694,-0.002586742470023829,-0.02293251340906919,0.09755024973162574,48.12595698684454,-96.25519929585457,72.1922225099802
2024-09-23 18:42:26.160773,40.72,43.192694,-0.002586742470023829,-0.023827930413011865,0.09685382322919964,48.12595698684454,-88.23529758782387,72.1922225099802
2024-09-23 18:42:26.203890,40.72,43.192745,-0.0030841997366068195,-0.023181236725942318,0.09740101331113918,40.106058693909645,-88.23529758782387,80.21211738781929
2024-09-23 18:42:26.248216,40.72,43.192796,-0.0030841997366068195,-0.023181236725942318,0.09740101331113918,40.106058693909645,-92.24360919585227,76.200527287817
2024-09-23 18:42:26.260540,40.72,43.192796,-0.0029847020175114316,-0.023181236725942318,0.09710254654607277,40.106058693909645,-92.24360919585227,76.200527287817
2024-09-23 18:42:26.294788,40.72,43.192796,-0.0029847020175114316,-0.023181236725942318,0.09710254654607277,40.106058693909645,-92.24360919585227,76.200527287817
2024-09-23 18:42:26.305976,40.72,43.19289,-0.0025369937054121774,-0.023230986250042305,0.09710254654607277,40.106058693909645,-96.25519929585457,72.1922225099802
2024-09-23 18:42:26.348096,40.72,43.19289,-0.0025369937054121774,-0.023230986250042305,0.09705279702197278,32.08287849390507,-96.25519929585457,72.1922225099802
2024-09-23 18:42:26.391665,40.72,43.19289,-0.0025369937054121774,-0.023230986250042305,0.09705279702197278,32.08287849390507,-96.25519929585457,80.21211738781929
2024-09-23 18:42:26.404535,40.72,43.192941,-0.0025369937054121774,-0.0228827638849692,0.09740101331113918,40.106058693909645,-96.25519929585457,80.21211738781929
2024-09-23 18:42:26.448322,40.72,43.193034,-0.0028852147413806935,-0.023778180888911878,0.09784872257259886,40.106058693909645,-96.25519929585457,76.200527287817
2024-09-23 18:42:26.491281,40.72,43.193034,-0.0028852147413806935,-0.023778180888911878,0.09784872257259886,44.11764879391193,-92.24360919585227,80.21211738781929
2024-09-23 18:42:26.502611,40.72,43.193086,-0.002586742470023829,-0.02397715620066169,0.09784872257259886,44.11764879391193,-92.24360919585227,80.21211738781929
2024-09-23 18:42:26.545627,40.72,43.193136,-0.0031339382481259063,-0.02397715620066169,0.0970030596496862,44.11764879391193,-100.26678939585686,80.21211738781929
2024-09-23 18:42:26.588624,40.72,43.193136,-0.0031339382481259063,-0.023479709566915436,0.09690356060148622,44.11764879391193,-100.26678939585686,80.21211738781929
2024-09-23 18:42:26.600036,40.72,43.193187,-0.0031339382481259063,-0.023479709566915436,0.09690356060148622,44.11764879391193,-100.26678939585686,76.200527287817
2024-09-23 18:42:26.643232,40.72,43.193187,-0.002437506429281439,-0.023330473146428877,0.09705279702197278,28.07457030097246,-100.26678939585686,76.200527287817
2024-09-23 18:42:26.686859,40.72,43.193279,-0.0027359787006383035,-0.02338022115155219,0.09705279702197278,28.07457030097246,-100.26678939585686,76.200527287817
2024-09-23 18:42:26.698973,40.72,43.193279,-0.0027359787006383035,-0.02338022115155219,0.09764974270391902,32.08287849390507,-104.27510100388527,76.200527287817
2024-09-23 18:42:26.730935,40.72,43.193279,-0.0027359787006383035,-0.02338022115155219,0.09764974270391902,32.08287849390507,-104.27510100388527,76.200527287817
2024-09-23 18:42:26.742395,40.72,43.19333,-0.0026862297461545674,-0.023181236725942318,0.09715228999426605,32.08287849390507,-104.27510100388527,76.200527287817
2024-09-23 18:42:26.784762,40.72,43.193381,-0.0027359787006383035,-0.023181236725942318,0.09715228999426605,32.08287849390507,-108.28669110388756,76.200527287817
2024-09-23 18:42:26.796809,40.72,43.193381,-0.0027359787006383035,-0.02338022115155219,0.09710254654607277,32.08287849390507,-108.28669110388756,76.200527287817
2024-09-23 18:42:26.828778,40.72,43.193381,-0.0027359787006383035,-0.02338022115155219,0.09710254654607277,32.08287849390507,-108.28669110388756,76.200527287817
2024-09-23 18:42:26.840397,40.72,43.193431,-0.002636491424507565,-0.02338022115155219,0.09710254654607277,32.08287849390507,-104.27510100388527,76.200527287817
2024-09-23 18:42:26.882792,40.72,43.193431,-0.002636491424507565,-0.02338022115155219,0.0973015264147526,52.137550501942634,-100.26678939585686,72.1922225099802
2024-09-23 18:42:26.935398,40.72,43.193482,-0.0031339382481259063,-0.023579196463302005,0.09685382322919964,44.11764879391193,-96.25519929585457,72.1922225099802
2024-09-23 18:42:26.978983,40.62,43.19357,-0.002785727465249955,-0.023579196463302005,0.09685382322919964,44.11764879391193,-96.25519929585457,80.21211738781929
2024-09-23 18:42:26.990449,40.62,43.19357,-0.002785727465249955,-0.023579196463302005,0.09710254654607277,32.08287849390507,-96.25519929585457,80.21211738781929
2024-09-23 18:42:27.033172,40.62,43.19357,-0.002785727465249955,-0.023579196463302005,0.09710254654607277,32.08287849390507,-96.25519929585457,80.21211738781929
2024-09-23 18:42:27.075537,40.62,43.193622,-0.0024872551938930902,-0.023280723622328886,0.09710254654607277,32.08287849390507,-96.25519929585457,80.21211738781929
2024-09-23 18:42:27.088058,40.62,43.193622,-0.0024872551938930902,-0.023280723622328886,0.09720203344245934,32.08287849390507,-92.24360919585227,80.21211738781929
2024-09-23 18:42:27.130543,40.62,43.193673,-0.0027359787006383035,-0.02362894446842532,0.09695331012558621,24.06297849342227,-92.24360919585227,80.21211738781929
2024-09-23 18:42:27.173675,40.62,43.193724,-0.0027359787006383035,-0.02362894446842532,0.09695331012558621,24.06297849342227,-92.24360919585227,80.21211738781929
2024-09-23 18:42:27.185281,40.62,43.193724,-0.002586742470023829,-0.023330473146428877,0.09705279702197278,24.06297849342227,-92.24360919585227,80.21211738781929
2024-09-23 18:42:27.228982,40.62,43.193814,-0.002586742470023829,-0.02338022115155219,0.09705279702197278,36.09446859390736,-104.27510100388527,76.200527287817
2024-09-23 18:42:27.270630,40.62,43.193814,-0.002586742470023829,-0.02338022115155219,0.0973512698629459,36.09446859390736,-96.25519929585457,76.200527287817
2024-09-23 18:42:27.281776,40.62,43.193865,-0.0030344509719951677,-0.02338022115155219,0.0973512698629459,36.09446859390736,-96.25519929585457,72.1922225099802
2024-09-23 18:42:27.324023,40.62,43.193865,-0.0030344509719951677,-0.023429960042815445,0.09715228999426605,48.12595698684454,-88.23529758782387,72.1922225099802
2024-09-23 18:42:27.336412,40.62,43.19396,-0.0030344509719951677,-0.023429960042815445,0.09715228999426605,48.12595698684454,-88.23529758782387,80.21211738781929
2024-09-23 18:42:27.368294,40.62,43.19396,-0.0024872551938930902,-0.02313149783467906,0.09715228999426605,48.12595698684454,-88.23529758782387,80.21211738781929
2024-09-23 18:42:27.421834,40.62,43.194012,-0.002785727465249955,-0.02313149783467906,0.09750050628343246,36.09446859390736,-92.24360919585227,80.21211738781929
2024-09-23 18:42:27.464254,40.62,43.194012,-0.002785727465249955,-0.023827930413011865,0.09725178296655933,36.09446859390736,-92.24360919585227,80.21211738781929
2024-09-23 18:42:27.518768,40.62,43.194063,-0.002437506429281439,-0.023827930413011865,0.09725178296655933,28.07457030097246,-100.26678939585686,76.200527287817
2024-09-23 18:42:27.530682,40.62,43.194063,-0.002437506429281439,-0.023479709566915436,0.09725178296655933,28.07457030097246,-100.26678939585686,76.200527287817
2024-09-23 18:42:27.562333,40.62,43.194063,-0.002437506429281439,-0.023479709566915436,0.09675432418099966,28.07457030097246,-100.26678939585686,76.200527287817
2024-09-23 18:42:27.574101,40.62,43.194113,-0.0031836870127375577,-0.023479709566915436,0.09675432418099966,28.07457030097246,-100.26678939585686,76.200527287817
2024-09-23 18:42:27.617814,40.62,43.194113,-0.0031836870127375577,-0.02303200030545576,0.0973512698629459,40.106058693909645,-100.26678939585686,76.200527287817
2024-09-23 18:42:27.629670,40.62,43.194164,-0.0031836870127375577,-0.02303200030545576,0.0973512698629459,40.106058693909645,-100.26678939585686,76.200527287817
2024-09-23 18:42:27.663016,40.62,43.194164,-0.0031339382481259063,-0.02352945757203875,0.09740101331113918,48.12595698684454,-100.26678939585686,76.200527287817
2024-09-23 18:42:27.675858,40.62,43.194164,-0.0031339382481259063,-0.02352945757203875,0.09740101331113918,48.12595698684454,-96.25519929585457,80.21211738781929
2024-09-23 18:42:27.708093,40.62,43.194255,-0.0030344509719951677,-0.02352945757203875,0.09740101331113918,48.12595698684454,-96.25519929585457,80.21211738781929
2024-09-23 18:42:27.719785,40.62,43.194255,-0.0030344509719951677,-0.023330473146428877,0.09685382322919964,48.12595698684454,-100.26678939585686,80.21211738781929
2024-09-23 18:42:27.762659,40.62,43.194352,-0.0031339382481259063,-0.023728432883788564,0.09685382322919964,48.12595698684454,-100.26678939585686,84.22370748782159
2024-09-23 18:42:27.775654,40.62,43.194352,-0.0031339382481259063,-0.023728432883788564,0.09665483728461309,44.11764879391193,-100.26678939585686,84.22370748782159
2024-09-23 18:42:27.807464,40.62,43.194403,-0.0031339382481259063,-0.023728432883788564,0.09665483728461309,44.11764879391193,-96.25519929585457,80.21211738781929
2024-09-23 18:42:27.819161,40.62,43.194403,-0.0030841997366068195,-0.02338022115155219,0.09685382322919964,44.11764879391193,-96.25519929585457,80.21211738781929
2024-09-23 18:42:27.853078,40.62,43.194403,-0.0030841997366068195,-0.02338022115155219,0.09685382322919964,36.09446859390736,-96.25519929585457,80.21211738781929
2024-09-23 18:42:27.864029,40.62,43.194453,-0.002785727465249955,-0.023579196463302005,0.09685382322919964,36.09446859390736,-100.26678939585686,76.200527287817
2024-09-23 18:42:27.905808,40.62,43.194453,-0.002785727465249955,-0.023579196463302005,0.09690356060148622,36.09446859390736,-92.24360919585227,76.200527287817
2024-09-23 18:42:28.000243,40.44,43.194504,-0.002785727465249955,-0.023579196463302005,0.09690356060148622,36.09446859390736,-92.24360919585227,76.200527287817
2024-09-23 18:42:28.012379,40.44,43.194504,-0.0027359787006383035,-0.02278327698858263,0.09725178296655933,40.106058693909645,-100.26678939585686,76.200527287817
2024-09-23 18:42:28.055399,40.44,43.194594,-0.0031339382481259063,-0.02278327698858263,0.09725178296655933,40.106058693909645,-100.26678939585686,76.200527287817
2024-09-23 18:42:28.098087,40.44,43.194594,-0.0031339382481259063,-0.02352945757203875,0.09725178296655933,40.106058693909645,-100.26678939585686,76.200527287817
2024-09-23 18:42:28.109413,40.44,43.194646,-0.0031339382481259063,-0.02352945757203875,0.09784872257259886,48.12595698684454,-92.24360919585227,76.200527287817
2024-09-23 18:42:28.152911,40.44,43.194646,-0.0029349636958644295,-0.02352945757203875,0.09675432418099966,48.12595698684454,-96.25519929585457,80.21211738781929
2024-09-23 18:42:28.196095,40.44,43.194696,-0.0026862297461545674,-0.02352945757203875,0.09675432418099966,48.12595698684454,-96.25519929585457,80.21211738781929
2024-09-23 18:42:28.207519,40.44,43.194696,-0.0026862297461545674,-0.023479709566915436,0.09755024973162574,40.106058693909645,-92.24360919585227,80.21211738781929
2024-09-23 18:42:28.249988,40.44,43.194747,-0.0021887829225362256,-0.023181236725942318,0.09715228999426605,40.106058693909645,-92.24360919585227,80.21211738781929
2024-09-23 18:42:28.262165,40.44,43.194747,-0.0021887829225362256,-0.023181236725942318,0.09715228999426605,32.08287849390507,-92.24360919585227,80.21211738781929
2024-09-23 18:42:28.295338,40.44,43.194887,-0.0021887829225362256,-0.023181236725942318,0.09715228999426605,32.08287849390507,-96.25519929585457,76.200527287817
2024-09-23 18:42:28.306392,40.44,43.194887,-0.0025369937054121774,-0.022982261414192504,0.09745075675933246,32.08287849390507,-96.25519929585457,76.200527287817
2024-09-23 18:42:28.348762,40.44,43.194938,-0.0028852147413806935,-0.02313149783467906,0.09745075675933246,28.07457030097246,-96.25519929585457,72.1922225099802
2024-09-23 18:42:28.390510,40.44,43.194938,-0.0028852147413806935,-0.02313149783467906,0.0973512698629459,52.137550501942634,-96.25519929585457,72.1922225099802
2024-09-23 18:42:28.401859,40.44,43.194989,-0.0029847020175114316,-0.02313149783467906,0.0973512698629459,52.137550501942634,-104.27510100388527,76.200527287817
2024-09-23 18:42:28.444232,40.44,43.194989,-0.0029847020175114316,-0.023579196463302005,0.0973015264147526,60.15744537978172,-96.25519929585457,76.200527287817
2024-09-23 18:42:28.455642,40.44,43.195082,-0.0029847020175114316,-0.023579196463302005,0.0973015264147526,60.15744537978172,-96.25519929585457,80.21211738781929
2024-09-23 18:42:28.487817,40.44,43.195082,-0.0020395466919217514,-0.022833026512682618,0.0973015264147526,60.15744537978172,-96.25519929585457,80.21211738781929
2024-09-23 18:42:28.539975,40.44,43.195082,-0.0020395466919217514,-0.022833026512682618,0.09670458680871308,60.15744537978172,-96.25519929585457,84.22370748782159
2024-09-23 18:42:28.551958,40.44,43.195133,-0.0033329230534799477,-0.022833026512682618,0.09670458680871308,60.15744537978172,-96.25519929585457,84.22370748782159
2024-09-23 18:42:28.583745,40.44,43.195133,-0.0033329230534799477,-0.02338022115155219,0.09670458680871308,60.15744537978172,-96.25519929585457,84.22370748782159
2024-09-23 18:42:28.595402,40.44,43.195184,-0.0033329230534799477,-0.02338022115155219,0.09695331012558621,28.07457030097246,-100.26678939585686,80.21211738781929
2024-09-23 18:42:28.637780,40.44,43.195184,-0.002785727465249955,-0.02352945757203875,0.0973512698629459,28.07457030097246,-100.26678939585686,80.21211738781929
2024-09-23 18:42:28.649162,40.44,43.195184,-0.002785727465249955,-0.02352945757203875,0.0973512698629459,28.07457030097246,-100.26678939585686,76.200527287817
2024-09-23 18:42:28.682334,40.44,43.195235,-0.002785727465249955,-0.02352945757203875,0.0973512698629459,28.07457030097246,-100.26678939585686,76.200527287817
2024-09-23 18:42:28.693647,40.44,43.195235,-0.002586742470023829,-0.02268379009219606,0.09685382322919964,28.07457030097246,-96.25519929585457,76.200527287817
2024-09-23 18:42:28.736363,40.44,43.195285,-0.0025369937054121774,-0.023181236725942318,0.09695331012558621,28.07457030097246,-96.25519929585457,76.200527287817
2024-09-23 18:42:28.748399,40.44,43.195285,-0.0025369937054121774,-0.023181236725942318,0.09695331012558621,52.137550501942634,-96.25519929585457,76.200527287817
2024-09-23 18:42:28.781927,40.44,43.195285,-0.0025369937054121774,-0.023181236725942318,0.09695331012558621,52.137550501942634,-92.24360919585227,80.21211738781929
2024-09-23 18:42:28.793978,40.44,43.195376,-0.0028852147413806935,-0.02303200030545576,0.09725178296655933,52.137550501942634,-92.24360919585227,80.21211738781929
2024-09-23 18:42:28.836777,40.44,43.195427,-0.0031339382481259063,-0.02352945757203875,0.09725178296655933,48.12595698684454,-100.26678939585686,76.200527287817
2024-09-23 18:42:28.880404,40.44,43.195427,-0.0031339382481259063,-0.02352945757203875,0.09725178296655933,44.11764879391193,-104.27510100388527,76.200527287817
2024-09-23 18:42:28.891781,40.44,43.195477,-0.0026862297461545674,-0.02352945757203875,0.09725178296655933,44.11764879391193,-104.27510100388527,76.200527287817
2024-09-23 18:42:28.927220,40.44,43.195477,-0.0026862297461545674,-0.023230986250042305,0.09725178296655933,44.11764879391193,-104.27510100388527,76.200527287817
2024-09-23 18:42:28.938484,40.44,43.195569,-0.0026862297461545674,-0.023230986250042305,0.09665483728461309,36.09446859390736,-100.26678939585686,72.1922225099802
2024-09-23 18:42:28.980786,40.44,43.195569,-0.003382661564999035,-0.02308174982955575,0.09745075675933246,36.09446859390736,-96.25519929585457,72.1922225099802
2024-09-23 18:42:28.993198,40.44,43.195569,-0.003382661564999035,-0.02308174982955575,0.09745075675933246,36.09446859390736,-96.25519929585457,80.21211738781929
2024-09-23 18:42:29.026005,40.93,43.195621,-0.0028354659767690416,-0.02308174982955575,0.09745075675933246,36.09446859390736,-96.25519929585457,80.21211738781929
2024-09-23 18:42:29.037371,40.93,43.195621,-0.0028354659767690416,-0.02352945757203875,0.09720203344245934,36.09446859390736,-108.28669110388756,80.21211738781929
2024-09-23 18:42:29.079653,40.93,43.195671,-0.0029349636958644295,-0.02352945757203875,0.09720203344245934,36.09446859390736,-108.28669110388756,76.200527287817
2024-09-23 18:42:29.121864,40.93,43.195671,-0.0029349636958644295,-0.02303200030545576,0.09725178296655933,36.09446859390736,-108.28669110388756,76.200527287817
2024-09-23 18:42:29.133218,40.93,43.195722,-0.0029349636958644295,-0.02303200030545576,0.09725178296655933,56.14914060194492,-104.27510100388527,72.1922225099802
2024-09-23 18:42:29.175786,40.93,43.195722,-0.0025369937054121774,-0.023429960042815445,0.09720203344245934,52.137550501942634,-92.24360919585227,72.1922225099802
2024-09-23 18:42:29.187543,40.93,43.195722,-0.0025369937054121774,-0.023429960042815445,0.09720203344245934,52.137550501942634,-92.24360919585227,76.200527287817
2024-09-23 18:42:29.219518,40.93,43.195773,-0.002586742470023829,-0.023429960042815445,0.09720203344245934,52.137550501942634,-92.24360919585227,76.200527287817
2024-09-23 18:42:29.230734,40.93,43.195773,-0.002586742470023829,-0.02303200030545576,0.0973512698629459,56.14914060194492,-88.23529758782387,76.200527287817
2024-09-23 18:42:29.274620,40.93,43.195823,-0.0030344509719951677,-0.023728432883788564,0.09715228999426605,40.106058693909645,-88.23529758782387,76.200527287817
2024-09-23 18:42:29.316467,40.93,43.195823,-0.0030344509719951677,-0.023728432883788564,0.09715228999426605,40.106058693909645,-100.26678939585686,76.200527287817
2024-09-23 18:42:29.328080,40.93,43.19591,-0.0028852147413806935,-0.02303200030545576,0.09764974270391902,40.106058693909645,-100.26678939585686,76.200527287817
2024-09-23 18:42:29.370148,40.93,43.195962,-0.0028852147413806935,-0.02303200030545576,0.09764974270391902,32.08287849390507,-92.24360919585227,80.21211738781929
2024-09-23 18:42:29.382244,40.93,43.195962,-0.0031339382481259063,-0.023181236725942318,0.09764974270391902,32.08287849390507,-92.24360919585227,80.21211738781929
2024-09-23 18:42:29.414387,40.93,43.195962,-0.0031339382481259063,-0.023181236725942318,0.09665483728461309,32.08287849390507,-92.24360919585227,80.21211738781929
2024-09-23 18:42:29.426013,40.93,43.196013,-0.0027359787006383035,-0.023181236725942318,0.09665483728461309,32.08287849390507,-100.26678939585686,80.21211738781929
2024-09-23 18:42:29.467790,40.93,43.196013,-0.0027359787006383035,-0.023429960042815445,0.09759999317981902,40.106058693909645,-100.26678939585686,80.21211738781929
2024-09-23 18:42:29.479463,40.93,43.196105,-0.0027359787006383035,-0.023429960042815445,0.09759999317981902,40.106058693909645,-100.26678939585686,80.21211738781929
2024-09-23 18:42:29.512622,40.93,43.196105,-0.0035318979854855937,-0.023579196463302005,0.09759999317981902,40.106058693909645,-100.26678939585686,80.21211738781929
2024-09-23 18:42:29.523694,40.93,43.196105,-0.0035318979854855937,-0.023579196463302005,0.09740101331113918,44.11764879391193,-96.25519929585457,76.200527287817
2024-09-23 18:42:29.565660,40.93,43.196157,-0.002785727465249955,-0.023280723622328886,0.0970030596496862,44.11764879391193,-96.25519929585457,76.200527287817
2024-09-23 18:42:29.660054,40.93,43.196157,-0.002785727465249955,-0.023280723622328886,0.0970030596496862,52.137550501942634,-96.25519929585457,76.200527287817
2024-09-23 18:42:29.671743,40.93,43.196208,-0.0026862297461545674,-0.023280723622328886,0.0970030596496862,52.137550501942634,-96.25519929585457,76.200527287817
2024-09-23 18:42:29.714915,40.93,43.196258,-0.002636491424507565,-0.023280723622328886,0.09690356060148622,48.12595698684454,-100.26678939585686,72.1922225099802
2024-09-23 18:42:29.758774,40.93,43.196258,-0.002636491424507565,-0.02308174982955575,0.09685382322919964,48.12595698684454,-100.26678939585686,72.1922225099802
2024-09-23 18:42:29.769796,40.93,43.196309,-0.002636491424507565,-0.02308174982955575,0.09685382322919964,48.12595698684454,-96.25519929585457,76.200527287817
2024-09-23 18:42:29.802457,40.93,43.196309,-0.0026862297461545674,-0.02308174982955575,0.09685382322919964,48.12595698684454,-96.25519929585457,76.200527287817
2024-09-23 18:42:29.814156,40.93,43.196309,-0.0026862297461545674,-0.023728432883788564,0.09680407370509965,44.11764879391193,-96.25519929585457,80.21211738781929
2024-09-23 18:42:29.855987,40.93,43.19636,-0.0030344509719951677,-0.023181236725942318,0.09690356060148622,44.11764879391193,-96.25519929585457,80.21211738781929
2024-09-23 18:42:29.867222,40.93,43.19636,-0.0030344509719951677,-0.023181236725942318,0.09690356060148622,44.11764879391193,-100.26678939585686,80.21211738781929
2024-09-23 18:42:29.910111,40.93,43.196497,-0.003233425524256645,-0.023280723622328886,0.09715228999426605,44.11764879391193,-100.26678939585686,80.21211738781929
2024-09-23 18:42:29.953211,40.93,43.196497,-0.003233425524256645,-0.023280723622328886,0.09715228999426605,44.11764879391193,-92.24360919585227,84.22370748782159
2024-09-23 18:42:29.964708,40.93,43.196548,-0.0030344509719951677,-0.02303200030545576,0.0970030596496862,44.11764879391193,-92.24360919585227,84.22370748782159
2024-09-23 18:42:30.006809,40.93,43.196598,-0.002586742470023829,-0.022982261414192504,0.0970030596496862,48.12595698684454,-96.25519929585457,72.1922225099802
2024-09-23 18:42:30.049301,40.84,43.196598,-0.002586742470023829,-0.022982261414192504,0.09720203344245934,48.12595698684454,-92.24360919585227,72.1922225099802
2024-09-23 18:42:30.061682,40.84,43.196649,-0.0026862297461545674,-0.022982261414192504,0.09720203344245934,48.12595698684454,-92.24360919585227,80.21211738781929
2024-09-23 18:42:30.104221,40.84,43.196649,-0.0026862297461545674,-0.023230986250042305,0.09710254654607277,36.09446859390736,-96.25519929585457,80.21211738781929
2024-09-23 18:42:30.197845,40.84,43.196739,-0.0026862297461545674,-0.023230986250042305,0.09710254654607277,36.09446859390736,-96.25519929585457,80.21211738781929
2024-09-23 18:42:30.209683,40.84,43.196739,-0.0026862297461545674,-0.023728432883788564,0.09705279702197278,36.09446859390736,-96.25519929585457,80.21211738781929
2024-09-23 18:42:30.242473,40.84,43.196739,-0.0026862297461545674,-0.023728432883788564,0.09705279702197278,36.09446859390736,-96.25519929585457,80.21211738781929
2024-09-23 18:42:30.254047,40.84,43.196791,-0.0025369937054121774,-0.02313149783467906,0.09705279702197278,36.09446859390736,-96.25519929585457,84.22370748782159
2024-09-23 18:42:30.296888,40.84,43.196841,-0.0025369937054121774,-0.02313149783467906,0.09774922960030558,32.08287849390507,-92.24360919585227,76.200527287817
2024-09-23 18:42:30.309029,40.84,43.196841,-0.0030344509719951677,-0.02313149783467906,0.09774922960030558,32.08287849390507,-92.24360919585227,76.200527287817
2024-09-23 18:42:30.342132,40.84,43.196841,-0.0030344509719951677,-0.023429960042815445,0.09720203344245934,36.09446859390736,-92.24360919585227,76.200527287817
2024-09-23 18:42:30.354362,40.84,43.196892,-0.0030344509719951677,-0.023429960042815445,0.09720203344245934,36.09446859390736,-100.26678939585686,72.1922225099802
2024-09-23 18:42:30.396661,40.84,43.196892,-0.003233425524256645,-0.023579196463302005,0.09645586349183995,48.12595698684454,-92.24360919585227,76.200527287817
2024-09-23 18:42:30.439792,40.84,43.196943,-0.0030841997366068195,-0.02362894446842532,0.09645586349183995,48.12595698684454,-92.24360919585227,76.200527287817
2024-09-23 18:42:30.455555,40.84,43.196943,-0.0030841997366068195,-0.02362894446842532,0.09705279702197278,40.106058693909645,-88.23529758782387,76.200527287817
2024-09-23 18:42:30.487269,40.84,43.197082,-0.0030841997366068195,-0.02362894446842532,0.09705279702197278,40.106058693909645,-88.23529758782387,76.200527287817
2024-09-23 18:42:30.498959,40.84,43.197082,-0.002586742470023829,-0.02367869399252531,0.09650560086412653,32.08287849390507,-88.23529758782387,76.200527287817
2024-09-23 18:42:30.542422,40.84,43.197133,-0.0024872551938930902,-0.023181236725942318,0.09715228999426605,32.08287849390507,-96.25519929585457,72.1922225099802
2024-09-23 18:42:30.585908,40.84,43.197133,-0.0024872551938930902,-0.023181236725942318,0.09715228999426605,24.06297849342227,-112.29828120388984,68.18063240997792
2024-09-23 18:42:30.597539,40.84,43.197183,-0.0024872551938930902,-0.023181236725942318,0.09715228999426605,24.06297849342227,-112.29828120388984,68.18063240997792
2024-09-23 18:42:30.681591,40.84,43.197183,-0.002586742470023829,-0.023181236725942318,0.09715228999426605,24.06297849342227,-112.29828120388984,68.18063240997792
2024-09-23 18:42:30.693416,40.84,43.197183,-0.002586742470023829,-0.02313149783467906,0.09705279702197278,36.09446859390736,-100.26678939585686,76.200527287817
2024-09-23 18:42:30.736379,40.84,43.197234,-0.0027359787006383035,-0.023429960042815445,0.0970030596496862,36.09446859390736,-100.26678939585686,76.200527287817
2024-09-23 18:42:30.748143,40.84,43.197234,-0.0027359787006383035,-0.023429960042815445,0.0970030596496862,36.09446859390736,-96.25519929585457,76.200527287817
2024-09-23 18:42:30.779820,40.84,43.197324,-0.0027359787006383035,-0.023429960042815445,0.0970030596496862,36.09446859390736,-96.25519929585457,80.21211738781929
2024-09-23 18:42:30.790881,40.84,43.197324,-0.002636491424507565,-0.023280723622328886,0.0973512698629459,44.11764879391193,-96.25519929585457,80.21211738781929
2024-09-23 18:42:30.834449,40.84,43.197376,-0.0029847020175114316,-0.023728432883788564,0.09720203344245934,44.11764879391193,-96.25519929585457,80.21211738781929
2024-09-23 18:42:30.876596,40.84,43.197376,-0.0029847020175114316,-0.023728432883788564,0.09720203344245934,44.11764879391193,-96.25519929585457,80.21211738781929
2024-09-23 18:42:30.889045,40.84,43.197427,-0.0027359787006383035,-0.0228827638849692,0.09720203344245934,44.11764879391193,-96.25519929585457,76.200527287817
2024-09-23 18:42:30.931058,40.84,43.197522,-0.0027359787006383035,-0.0228827638849692,0.09705279702197278,32.08287849390507,-100.26678939585686,76.200527287817
2024-09-23 18:42:30.943264,40.84,43.197522,-0.0030344509719951677,-0.0228827638849692,0.09705279702197278,32.08287849390507,-100.26678939585686,76.200527287817
2024-09-23 18:42:30.976316,40.84,43.197522,-0.0030344509719951677,-0.02362894446842532,0.09759999317981902,28.07457030097246,-100.26678939585686,76.200527287817
2024-09-23 18:42:30.987792,40.84,43.197617,-0.0030344509719951677,-0.02362894446842532,0.09759999317981902,28.07457030097246,-100.26678939585686,80.21211738781929
2024-09-23 18:42:31.030561,40.84,43.197617,-0.003233425524256645,-0.024026904205785005,0.09680407370509965,40.106058693909645,-92.24360919585227,80.21211738781929
2024-09-23 18:42:31.072151,40.93,43.197668,-0.0028852147413806935,-0.024026904205785005,0.09680407370509965,40.106058693909645,-92.24360919585227,80.21211738781929
2024-09-23 18:42:31.083766,40.93,43.197668,-0.0028852147413806935,-0.023230986250042305,0.09725178296655933,56.14914060194492,-92.24360919585227,80.21211738781929
2024-09-23 18:42:31.126576,40.93,43.197719,-0.0033329230534799477,-0.023181236725942318,0.09725178296655933,56.14914060194492,-92.24360919585227,76.200527287817
2024-09-23 18:42:31.168760,40.93,43.197719,-0.0033329230534799477,-0.023181236725942318,0.09764974270391902,48.12595698684454,-92.24360919585227,76.200527287817
2024-09-23 18:42:31.221018,40.93,43.19777,-0.0033329230534799477,-0.023181236725942318,0.09764974270391902,48.12595698684454,-92.24360919585227,76.200527287817
2024-09-23 18:42:31.232723,40.93,43.19777,-0.002586742470023829,-0.023479709566915436,0.0970030596496862,48.12595698684454,-92.24360919585227,76.200527287817
2024-09-23 18:42:31.265002,40.93,43.19777,-0.002586742470023829,-0.023479709566915436,0.0970030596496862,48.12595698684454,-92.24360919585227,76.200527287817
2024-09-23 18:42:31.276854,40.93,43.19777,-0.002586742470023829,-0.023479709566915436,0.0970030596496862,48.12595698684454,-100.26678939585686,76.200527287817
2024-09-23 18:42:31.319580,40.93,43.197821,-0.0029847020175114316,-0.023230986250042305,0.0970030596496862,48.12595698684454,-100.26678939585686,80.21211738781929
2024-09-23 18:42:31.331315,40.93,43.197821,-0.0029847020175114316,-0.023230986250042305,0.09705279702197278,36.09446859390736,-100.26678939585686,80.21211738781929
2024-09-23 18:42:31.363532,40.93,43.197821,-0.0029847020175114316,-0.023230986250042305,0.09705279702197278,36.09446859390736,-96.25519929585457,80.21211738781929
2024-09-23 18:42:31.374668,40.93,43.197872,-0.002139034157924574,-0.023280723622328886,0.09705279702197278,36.09446859390736,-96.25519929585457,80.21211738781929
2024-09-23 18:42:31.416941,40.93,43.197958,-0.002139034157924574,-0.023280723622328886,0.09705279702197278,24.06297849342227,-100.26678939585686,80.21211738781929
2024-09-23 18:42:31.470244,40.93,43.197958,-0.0028852147413806935,-0.022833026512682618,0.09715228999426605,44.11764879391193,-92.24360919585227,72.1922225099802
2024-09-23 18:42:31.512764,40.93,43.198056,-0.002636491424507565,-0.023230986250042305,0.09715228999426605,44.11764879391193,-92.24360919585227,72.1922225099802
2024-09-23 18:42:31.524363,40.93,43.198056,-0.002636491424507565,-0.023230986250042305,0.09675432418099966,60.15744537978172,-100.26678939585686,72.1922225099802
2024-09-23 18:42:31.567495,40.93,43.198107,-0.0028852147413806935,-0.023429960042815445,0.09695331012558621,40.106058693909645,-100.26678939585686,72.1922225099802
2024-09-23 18:42:31.610147,40.93,43.198202,-0.0028852147413806935,-0.023429960042815445,0.09695331012558621,40.106058693909645,-96.25519929585457,80.21211738781929
2024-09-23 18:42:31.621808,40.93,43.198202,-0.0031836870127375577,-0.023181236725942318,0.09680407370509965,40.106058693909645,-96.25519929585457,80.21211738781929
2024-09-23 18:42:31.664333,40.93,43.198253,-0.0030344509719951677,-0.023181236725942318,0.09680407370509965,36.09446859390736,-96.25519929585457,76.200527287817
2024-09-23 18:42:31.676330,40.93,43.198253,-0.0030344509719951677,-0.022982261414192504,0.09680407370509965,36.09446859390736,-96.25519929585457,76.200527287817
2024-09-23 18:42:31.708256,40.93,43.198253,-0.0030344509719951677,-0.022982261414192504,0.09665483728461309,36.09446859390736,-92.24360919585227,76.200527287817
2024-09-23 18:42:31.761765,40.93,43.198304,-0.0030841997366068195,-0.02362894446842532,0.09720203344245934,44.11764879391193,-92.24360919585227,76.200527287817
2024-09-23 18:42:31.805239,40.93,43.198397,-0.0030841997366068195,-0.02362894446842532,0.09720203344245934,44.11764879391193,-92.24360919585227,80.21211738781929
2024-09-23 18:42:31.816620,40.93,43.198397,-0.0034324103296106863,-0.02308174982955575,0.0976994861521123,44.11764879391193,-92.24360919585227,80.21211738781929
2024-09-23 18:42:31.859646,40.93,43.198448,-0.0028852147413806935,-0.023330473146428877,0.0976994861521123,48.12595698684454,-96.25519929585457,80.21211738781929
2024-09-23 18:42:31.901930,40.93,43.198448,-0.0028852147413806935,-0.023330473146428877,0.09720203344245934,52.137550501942634,-96.25519929585457,80.21211738781929
2024-09-23 18:42:31.914255,40.93,43.198499,-0.002636491424507565,-0.023330473146428877,0.09720203344245934,52.137550501942634,-96.25519929585457,76.200527287817
2024-09-23 18:42:31.956969,40.93,43.19855,-0.002636491424507565,-0.023280723622328886,0.09710254654607277,48.12595698684454,-96.25519929585457,80.21211738781929
2024-09-23 18:42:31.999719,40.93,43.19855,-0.002785727465249955,-0.023778180888911878,0.09710254654607277,48.12595698684454,-96.25519929585457,80.21211738781929
2024-09-23 18:42:32.010745,40.93,43.19855,-0.002785727465249955,-0.023778180888911878,0.09695331012558621,36.09446859390736,-96.25519929585457,76.200527287817
2024-09-23 18:42:32.054329,40.93,43.198641,-0.0027359787006383035,-0.02352945757203875,0.0973015264147526,32.08287849390507,-100.26678939585686,76.200527287817
2024-09-23 18:42:32.096949,40.55,43.198693,-0.0027359787006383035,-0.02352945757203875,0.0973015264147526,32.08287849390507,-100.26678939585686,76.200527287817
2024-09-23 18:42:32.108150,40.55,43.198693,-0.0027359787006383035,-0.02362894446842532,0.09720203344245934,24.06297849342227,-100.26678939585686,76.200527287817
2024-09-23 18:42:32.150453,40.55,43.198743,-0.0024872551938930902,-0.02362894446842532,0.09720203344245934,24.06297849342227,-104.27510100388527,76.200527287817
2024-09-23 18:42:32.193326,40.55,43.198743,-0.0024872551938930902,-0.023479709566915436,0.09725178296655933,24.06297849342227,-104.27510100388527,76.200527287817
2024-09-23 18:42:32.204664,40.55,43.198794,-0.0024872551938930902,-0.023479709566915436,0.09725178296655933,36.09446859390736,-92.24360919585227,80.21211738781929
2024-09-23 18:42:32.246599,40.55,43.198794,-0.002785727465249955,-0.023778180888911878,0.09645586349183995,52.137550501942634,-92.24360919585227,80.21211738781929
2024-09-23 18:42:32.289433,40.55,43.198794,-0.002785727465249955,-0.023778180888911878,0.09645586349183995,52.137550501942634,-92.24360919585227,84.22370748782159
2024-09-23 18:42:32.342273,40.55,43.198845,-0.0029349636958644295,-0.023330473146428877,0.09665483728461309,52.137550501942634,-92.24360919585227,84.22370748782159
2024-09-23 18:42:32.353762,40.55,43.198845,-0.0029349636958644295,-0.023330473146428877,0.09665483728461309,56.14914060194492,-96.25519929585457,84.22370748782159
2024-09-23 18:42:32.387386,40.55,43.198845,-0.0029349636958644295,-0.023330473146428877,0.09665483728461309,56.14914060194492,-96.25519929585457,76.200527287817
2024-09-23 18:42:32.398624,40.55,43.198933,-0.0031836870127375577,-0.02362894446842532,0.09690356060148622,44.11764879391193,-96.25519929585457,76.200527287817
2024-09-23 18:42:32.442146,40.55,43.198984,-0.0029349636958644295,-0.02352945757203875,0.09690356060148622,44.11764879391193,-92.24360919585227,80.21211738781929
2024-09-23 18:42:32.454253,40.55,43.198984,-0.0029349636958644295,-0.02352945757203875,0.09740101331113918,44.11764879391193,-92.24360919585227,80.21211738781929
2024-09-23 18:42:32.486870,40.55,43.198984,-0.0029349636958644295,-0.02352945757203875,0.09740101331113918,36.09446859390736,-100.26678939585686,80.21211738781929
2024-09-23 18:42:32.497968,40.55,43.199035,-0.002785727465249955,-0.023479709566915436,0.09740101331113918,36.09446859390736,-100.26678939585686,80.21211738781929
2024-09-23 18:42:32.540389,40.55,43.199086,-0.003233425524256645,-0.023479709566915436,0.09774922960030558,36.09446859390736,-96.25519929585457,76.200527287817
2024-09-23 18:42:32.583467,40.55,43.199086,-0.003233425524256645,-0.02362894446842532,0.09715228999426605,36.09446859390736,-96.25519929585457,76.200527287817
2024-09-23 18:42:32.595239,40.55,43.199226,-0.003233425524256645,-0.02362894446842532,0.09715228999426605,56.14914060194492,-92.24360919585227,80.21211738781929
2024-09-23 18:42:32.637287,40.55,43.199226,-0.0025369937054121774,-0.023479709566915436,0.09675432418099966,52.137550501942634,-92.24360919585227,80.21211738781929
2024-09-23 18:42:32.649945,40.55,43.199226,-0.0025369937054121774,-0.023479709566915436,0.09675432418099966,52.137550501942634,-96.25519929585457,76.200527287817
2024-09-23 18:42:32.682935,40.55,43.199277,-0.002636491424507565,-0.023280723622328886,0.09675432418099966,52.137550501942634,-96.25519929585457,76.200527287817
2024-09-23 18:42:32.694519,40.55,43.199277,-0.002636491424507565,-0.023280723622328886,0.09605789160266685,44.11764879391193,-100.26678939585686,76.200527287817
2024-09-23 18:42:32.736683,40.55,43.199328,-0.0029349636958644295,-0.02352945757203875,0.09715228999426605,36.09446859390736,-100.26678939585686,72.1922225099802
2024-09-23 18:42:32.779326,40.55,43.199378,-0.0029349636958644295,-0.02352945757203875,0.09715228999426605,36.09446859390736,-96.25519929585457,84.22370748782159
2024-09-23 18:42:32.791250,40.55,43.199378,-0.0029847020175114316,-0.022833026512682618,0.09705279702197278,36.09446859390736,-96.25519929585457,84.22370748782159
2024-09-23 18:42:32.833886,40.55,43.199378,-0.0029847020175114316,-0.022833026512682618,0.09705279702197278,40.106058693909645,-92.24360919585227,72.1922225099802
2024-09-23 18:42:32.875866,40.55,43.199429,-0.0029349636958644295,-0.022833026512682618,0.09705279702197278,40.106058693909645,-92.24360919585227,72.1922225099802
2024-09-23 18:42:32.887238,40.55,43.199429,-0.0029349636958644295,-0.023429960042815445,0.09655535038822652,40.106058693909645,-92.24360919585227,72.1922225099802
2024-09-23 18:42:32.930326,40.55,43.19948,-0.002586742470023829,-0.023429960042815445,0.09655535038822652,40.106058693909645,-92.24360919585227,72.1922225099802
2024-09-23 18:42:32.972604,40.55,43.19948,-0.002586742470023829,-0.023181236725942318,0.09655535038822652,40.106058693909645,-92.24360919585227,72.1922225099802
2024-09-23 18:42:32.984367,40.55,43.199567,-0.002586742470023829,-0.023181236725942318,0.09814718933766527,40.106058693909645,-96.25519929585457,76.200527287817
2024-09-23 18:42:33.026904,40.55,43.199567,-0.0031339382481259063,-0.023778180888911878,0.09665483728461309,44.11764879391193,-92.24360919585227,76.200527287817
2024-09-23 18:42:33.039037,40.55,43.199567,-0.0031339382481259063,-0.023778180888911878,0.09665483728461309,44.11764879391193,-92.24360919585227,76.200527287817
2024-09-23 18:42:33.071612,40.55,43.199618,-0.0029847020175114316,-0.023778180888911878,0.09665483728461309,44.11764879391193,-92.24360919585227,76.200527287817
2024-09-23 18:42:33.083007,40.55,43.199618,-0.0029847020175114316,-0.023479709566915436,0.09720203344245934,56.14914060194492,-96.25519929585457,76.200527287817
2024-09-23 18:42:33.125785,40.21,43.199669,-0.003482159473966507,-0.023330473146428877,0.09710254654607277,40.106058693909645,-96.25519929585457,68.18063240997792
2024-09-23 18:42:33.167645,40.21,43.199669,-0.003482159473966507,-0.023330473146428877,0.09710254654607277,40.106058693909645,-88.23529758782387,84.22370748782159
2024-09-23 18:42:33.178896,40.21,43.199762,-0.0026862297461545674,-0.022982261414192504,0.09710254654607277,40.106058693909645,-88.23529758782387,84.22370748782159
2024-09-23 18:42:33.221941,40.21,43.199814,-0.0026862297461545674,-0.022982261414192504,0.0970030596496862,36.09446859390736,-96.25519929585457,76.200527287817
2024-09-23 18:42:33.233948,40.21,43.199814,-0.0034324103296106863,-0.022982261414192504,0.0970030596496862,36.09446859390736,-96.25519929585457,76.200527287817
2024-09-23 18:42:33.266114,40.21,43.199814,-0.0034324103296106863,-0.023330473146428877,0.09695331012558621,36.09446859390736,-96.25519929585457,76.200527287817
2024-09-23 18:42:33.278037,40.21,43.199865,-0.0034324103296106863,-0.023330473146428877,0.09695331012558621,40.106058693909645,-96.25519929585457,80.21211738781929
2024-09-23 18:42:33.321646,40.21,43.199865,-0.0032831742888682963,-0.02293251340906919,0.09725178296655933,40.106058693909645,-92.24360919585227,84.22370748782159
2024-09-23 18:42:33.364665,40.21,43.199957,-0.0027359787006383035,-0.023429960042815445,0.09725178296655933,40.106058693909645,-92.24360919585227,84.22370748782159
2024-09-23 18:42:33.417303,40.21,43.200008,-0.0027359787006383035,-0.023429960042815445,0.09725178296655933,48.12595698684454,-96.25519929585457,84.22370748782159
2024-09-23 18:42:33.429938,40.21,43.200008,-0.002139034157924574,-0.023429960042815445,0.09725178296655933,48.12595698684454,-96.25519929585457,84.22370748782159
2024-09-23 18:42:33.462478,40.21,43.200008,-0.002139034157924574,-0.02308174982955575,0.0966050877605131,48.12595698684454,-96.25519929585457,84.22370748782159
2024-09-23 18:42:33.473891,40.21,43.200059,-0.002139034157924574,-0.02308174982955575,0.0966050877605131,48.12595698684454,-92.24360919585227,80.21211738781929
2024-09-23 18:42:33.516450,40.21,43.200059,-0.002636491424507565,-0.02303200030545576,0.09740101331113918,40.106058693909645,-96.25519929585457,76.200527287817
2024-09-23 18:42:33.558494,40.21,43.20011,-0.002437506429281439,-0.02303200030545576,0.09740101331113918,40.106058693909645,-96.25519929585457,76.200527287817
2024-09-23 18:42:33.570413,40.21,43.20011,-0.002437506429281439,-0.02367869399252531,0.09690356060148622,40.106058693909645,-96.25519929585457,76.200527287817
2024-09-23 18:42:33.612968,40.21,43.20016,-0.0030344509719951677,-0.02303200030545576,0.09675432418099966,40.106058693909645,-96.25519929585457,72.1922225099802
2024-09-23 18:42:33.656085,40.21,43.20016,-0.0030344509719951677,-0.02303200030545576,0.09675432418099966,40.106058693909645,-96.25519929585457,72.1922225099802
2024-09-23 18:42:33.667343,40.21,43.200251,-0.0029847020175114316,-0.023479709566915436,0.09705279702197278,40.106058693909645,-96.25519929585457,72.1922225099802
2024-09-23 18:42:33.710762,40.21,43.200302,-0.0025369937054121774,-0.023280723622328886,0.09705279702197278,44.11764879391193,-96.25519929585457,80.21211738781929
2024-09-23 18:42:33.752844,40.21,43.200302,-0.0025369937054121774,-0.023280723622328886,0.0966050877605131,48.12595698684454,-96.25519929585457,80.21211738781929
2024-09-23 18:42:33.764435,40.21,43.200353,-0.0028852147413806935,-0.023280723622328886,0.0966050877605131,48.12595698684454,-88.23529758782387,80.21211738781929
2024-09-23 18:42:33.807060,40.21,43.200353,-0.0028852147413806935,-0.023429960042815445,0.09715228999426605,52.137550501942634,-96.25519929585457,76.200527287817
2024-09-23 18:42:33.819202,40.21,43.200444,-0.0028852147413806935,-0.023429960042815445,0.09715228999426605,52.137550501942634,-96.25519929585457,76.200527287817
2024-09-23 18:42:33.851135,40.21,43.200444,-0.0031836870127375577,-0.023230986250042305,0.09715228999426605,52.137550501942634,-96.25519929585457,76.200527287817
2024-09-23 18:42:33.862127,40.21,43.200444,-0.0031836870127375577,-0.023230986250042305,0.09600815423038027,44.11764879391193,-84.22370748782159,88.23529758782387
2024-09-23 18:42:33.905427,40.21,43.200496,-0.0029349636958644295,-0.023330473146428877,0.09720203344245934,40.106058693909645,-96.25519929585457,88.23529758782387
2024-09-23 18:42:33.947846,40.21,43.200496,-0.0029349636958644295,-0.023330473146428877,0.09720203344245934,40.106058693909645,-96.25519929585457,84.22370748782159
2024-09-23 18:42:34.001948,40.21,43.200547,-0.0028852147413806935,-0.022982261414192504,0.09705279702197278,36.09446859390736,-96.25519929585457,84.22370748782159
2024-09-23 18:42:34.046498,40.21,43.200547,-0.0028852147413806935,-0.022982261414192504,0.09705279702197278,36.09446859390736,-92.24360919585227,80.21211738781929
2024-09-23 18:42:34.057952,40.21,43.200597,-0.0027359787006383035,-0.02313149783467906,0.09720203344245934,36.09446859390736,-92.24360919585227,80.21211738781929
2024-09-23 18:42:34.102744,40.21,43.200648,-0.0031339382481259063,-0.023429960042815445,0.09720203344245934,40.106058693909645,-92.24360919585227,80.21211738781929
2024-09-23 18:42:34.146226,40.34,43.200648,-0.0031339382481259063,-0.023429960042815445,0.0970030596496862,40.106058693909645,-92.24360919585227,76.200527287817
2024-09-23 18:42:34.157587,40.34,43.200699,-0.0028354659767690416,-0.023429960042815445,0.0970030596496862,40.106058693909645,-92.24360919585227,76.200527287817
2024-09-23 18:42:34.189591,40.34,43.200699,-0.0028354659767690416,-0.0228827638849692,0.0970030596496862,40.106058693909645,-92.24360919585227,76.200527287817
2024-09-23 18:42:34.202101,40.34,43.200699,-0.0028354659767690416,-0.0228827638849692,0.0973015264147526,44.11764879391193,-96.25519929585457,80.21211738781929
2024-09-23 18:42:34.244950,40.34,43.200786,-0.0028354659767690416,-0.02352945757203875,0.09650560086412653,44.11764879391193,-96.25519929585457,80.21211738781929
2024-09-23 18:42:34.257622,40.34,43.200786,-0.0028354659767690416,-0.02352945757203875,0.09650560086412653,44.11764879391193,-92.24360919585227,80.21211738781929
2024-09-23 18:42:34.289247,40.34,43.200884,-0.0028354659767690416,-0.02352945757203875,0.09650560086412653,44.11764879391193,-92.24360919585227,80.21211738781929
2024-09-23 18:42:34.300850,40.34,43.200884,-0.0031339382481259063,-0.02303200030545576,0.0970030596496862,40.106058693909645,-92.24360919585227,80.21211738781929
2024-09-23 18:42:34.344378,40.34,43.200935,-0.0024872551938930902,-0.023429960042815445,0.09655535038822652,40.106058693909645,-88.23529758782387,80.21211738781929
2024-09-23 18:42:34.386490,40.34,43.200935,-0.0024872551938930902,-0.023429960042815445,0.09655535038822652,32.08287849390507,-88.23529758782387,80.21211738781929
2024-09-23 18:42:34.398296,40.34,43.200986,-0.0028354659767690416,-0.023230986250042305,0.09655535038822652,32.08287849390507,-88.23529758782387,84.22370748782159
2024-09-23 18:42:34.440399,40.34,43.200986,-0.0028354659767690416,-0.023230986250042305,0.0966050877605131,32.08287849390507,-100.26678939585686,76.200527287817
2024-09-23 18:42:34.452528,40.34,43.201036,-0.002387757474797703,-0.023230986250042305,0.0966050877605131,32.08287849390507,-100.26678939585686,76.200527287817
2024-09-23 18:42:34.484513,40.34,43.201036,-0.002387757474797703,-0.02268379009219606,0.09710254654607277,32.08287849390507,-100.26678939585686,76.200527287817
2024-09-23 18:42:34.496356,40.34,43.201036,-0.002387757474797703,-0.02268379009219606,0.09710254654607277,44.11764879391193,-100.26678939585686,76.200527287817
2024-09-23 18:42:34.579883,40.34,43.201036,-0.002387757474797703,-0.02268379009219606,0.09710254654607277,44.11764879391193,-100.26678939585686,76.200527287817
2024-09-23 18:42:34.591586,40.34,43.201127,-0.002636491424507565,-0.02308174982955575,0.0973512698629459,44.11764879391193,-100.26678939585686,76.200527287817
2024-09-23 18:42:34.634018,40.34,43.201127,-0.002636491424507565,-0.02308174982955575,0.0973512698629459,48.12595698684454,-96.25519929585457,80.21211738781929
2024-09-23 18:42:34.644965,40.34,43.201178,-0.0026862297461545674,-0.023230986250042305,0.0973512698629459,48.12595698684454,-96.25519929585457,80.21211738781929
2024-09-23 18:42:34.687530,40.34,43.201229,-0.002387757474797703,-0.023230986250042305,0.09690356060148622,48.12595698684454,-100.26678939585686,68.18063240997792
2024-09-23 18:42:34.731321,40.34,43.201229,-0.002387757474797703,-0.02308174982955575,0.09675432418099966,44.11764879391193,-100.26678939585686,68.18063240997792
2024-09-23 18:42:34.742746,40.34,43.20128,-0.002387757474797703,-0.02308174982955575,0.09675432418099966,44.11764879391193,-100.26678939585686,72.1922225099802
2024-09-23 18:42:34.776386,40.34,43.20128,-0.002139034157924574,-0.02308174982955575,0.09675432418099966,44.11764879391193,-100.26678939585686,72.1922225099802
2024-09-23 18:42:34.788194,40.34,43.20128,-0.002139034157924574,-0.023330473146428877,0.09725178296655933,40.106058693909645,-96.25519929585457,80.21211738781929
2024-09-23 18:42:34.831582,40.34,43.20142,-0.0031836870127375577,-0.02362894446842532,0.09695331012558621,52.137550501942634,-96.25519929585457,80.21211738781929
2024-09-23 18:42:34.874256,40.34,43.201472,-0.0031836870127375577,-0.02362894446842532,0.09695331012558621,52.137550501942634,-96.25519929585457,80.21211738781929
2024-09-23 18:42:34.886093,40.34,43.201472,-0.002636491424507565,-0.023330473146428877,0.09774922960030558,56.14914060194492,-96.25519929585457,80.21211738781929
2024-09-23 18:42:34.928650,40.34,43.201522,-0.0028354659767690416,-0.023280723622328886,0.09774922960030558,56.14914060194492,-104.27510100388527,76.200527287817
2024-09-23 18:42:34.941353,40.34,43.201522,-0.0028354659767690416,-0.023280723622328886,0.09680407370509965,56.14914060194492,-104.27510100388527,76.200527287817
2024-09-23 18:42:34.973703,40.34,43.201522,-0.0028354659767690416,-0.023280723622328886,0.09680407370509965,48.12595698684454,-104.27510100388527,76.200527287817
2024-09-23 18:42:34.985315,40.34,43.201573,-0.0028354659767690416,-0.023579196463302005,0.09680407370509965,48.12595698684454,-104.27510100388527,76.200527287817
2024-09-23 18:42:35.028315,40.34,43.201624,-0.0028354659767690416,-0.023579196463302005,0.09665483728461309,48.12595698684454,-92.24360919585227,76.200527287817
2024-09-23 18:42:35.070905,40.34,43.201624,-0.003233425524256645,-0.023728432883788564,0.09740101331113918,48.12595698684454,-92.24360919585227,76.200527287817
2024-09-23 18:42:35.082751,40.34,43.201624,-0.003233425524256645,-0.023728432883788564,0.09740101331113918,32.08287849390507,-96.25519929585457,80.21211738781929
2024-09-23 18:42:35.167659,40.37,43.201712,-0.0030841997366068195,-0.023728432883788564,0.09740101331113918,32.08287849390507,-96.25519929585457,80.21211738781929
2024-09-23 18:42:35.179124,40.37,43.201712,-0.0030841997366068195,-0.0225345536717095,0.09690356060148622,28.07457030097246,-100.26678939585686,80.21211738781929
2024-09-23 18:42:35.222584,40.37,43.201764,-0.002586742470023829,-0.02303200030545576,0.09705279702197278,28.07457030097246,-100.26678939585686,80.21211738781929
2024-09-23 18:42:35.234287,40.37,43.201764,-0.002586742470023829,-0.02303200030545576,0.09705279702197278,40.106058693909645,-100.26678939585686,80.21211738781929
2024-09-23 18:42:35.265762,40.37,43.201814,-0.002586742470023829,-0.02303200030545576,0.09705279702197278,40.106058693909645,-100.26678939585686,76.200527287817
2024-09-23 18:42:35.276818,40.37,43.201814,-0.002785727465249955,-0.023479709566915436,0.0970030596496862,40.106058693909645,-100.26678939585686,76.200527287817
2024-09-23 18:42:35.319531,40.37,43.201865,-0.0030841997366068195,-0.02313149783467906,0.0970030596496862,40.106058693909645,-96.25519929585457,76.200527287817
2024-09-23 18:42:35.363003,40.37,43.201865,-0.0030841997366068195,-0.02313149783467906,0.0973512698629459,52.137550501942634,-96.25519929585457,76.200527287817
2024-09-23 18:42:35.374833,40.37,43.201915,-0.0030344509719951677,-0.02313149783467906,0.0973512698629459,52.137550501942634,-92.24360919585227,72.1922225099802
2024-09-23 18:42:35.417610,40.37,43.202053,-0.0030344509719951677,-0.023330473146428877,0.09715228999426605,32.08287849390507,-96.25519929585457,80.21211738781929
2024-09-23 18:42:35.461127,40.37,43.202053,-0.002288270198666964,-0.02308174982955575,0.09740101331113918,32.08287849390507,-96.25519929585457,80.21211738781929
2024-09-23 18:42:35.472810,40.37,43.202053,-0.002288270198666964,-0.02308174982955575,0.09740101331113918,36.09446859390736,-88.23529758782387,80.21211738781929
2024-09-23 18:42:35.515614,40.37,43.202105,-0.0025369937054121774,-0.02338022115155219,0.09740101331113918,44.11764879391193,-92.24360919585227,80.21211738781929
2024-09-23 18:42:35.558595,40.37,43.202155,-0.0028852147413806935,-0.02338022115155219,0.09740101331113918,44.11764879391193,-92.24360919585227,80.21211738781929
2024-09-23 18:42:35.570040,40.37,43.202155,-0.0028852147413806935,-0.022833026512682618,0.09725178296655933,44.11764879391193,-92.24360919585227,80.21211738781929
2024-09-23 18:42:35.613483,40.37,43.202206,-0.0028852147413806935,-0.022833026512682618,0.09725178296655933,44.11764879391193,-92.24360919585227,76.200527287817
2024-09-23 18:42:35.656619,40.37,43.202206,-0.0029349636958644295,-0.02352945757203875,0.09705279702197278,44.11764879391193,-92.24360919585227,76.200527287817
2024-09-23 18:42:35.667741,40.37,43.202206,-0.0029349636958644295,-0.02352945757203875,0.09705279702197278,52.137550501942634,-92.24360919585227,76.200527287817
2024-09-23 18:42:35.710490,40.37,43.202257,-0.0031339382481259063,-0.023429960042815445,0.09774922960030558,56.14914060194492,-100.26678939585686,76.200527287817
2024-09-23 18:42:35.754090,40.37,43.202307,-0.003233425524256645,-0.023429960042815445,0.09774922960030558,56.14914060194492,-100.26678939585686,72.1922225099802
2024-09-23 18:42:35.765923,40.37,43.202307,-0.003233425524256645,-0.02338022115155219,0.0970030596496862,52.137550501942634,-100.26678939585686,72.1922225099802
2024-09-23 18:42:35.809047,40.37,43.202395,-0.0029847020175114316,-0.02338022115155219,0.0970030596496862,52.137550501942634,-92.24360919585227,76.200527287817
2024-09-23 18:42:35.851247,40.37,43.202395,-0.0029847020175114316,-0.02338022115155219,0.0970030596496862,44.11764879391193,-92.24360919585227,76.200527287817
2024-09-23 18:42:35.863210,40.37,43.202446,-0.0029349636958644295,-0.023330473146428877,0.0970030596496862,44.11764879391193,-92.24360919585227,76.200527287817
2024-09-23 18:42:35.906028,40.37,43.202496,-0.002636491424507565,-0.023330473146428877,0.09640611396773996,36.09446859390736,-92.24360919585227,76.200527287817
2024-09-23 18:42:35.947562,40.37,43.202496,-0.002636491424507565,-0.023479709566915436,0.09705279702197278,36.09446859390736,-92.24360919585227,76.200527287817
2024-09-23 18:42:35.958830,40.37,43.202589,-0.002636491424507565,-0.023479709566915436,0.09705279702197278,36.09446859390736,-96.25519929585457,72.1922225099802
2024-09-23 18:42:36.001809,40.37,43.202589,-0.0029349636958644295,-0.02338022115155219,0.09799795899308542,44.11764879391193,-88.23529758782387,72.1922225099802
2024-09-23 18:42:36.044159,40.37,43.202641,-0.0028852147413806935,-0.02338022115155219,0.09799795899308542,44.11764879391193,-88.23529758782387,72.1922225099802
2024-09-23 18:42:36.055256,40.37,43.202641,-0.0028852147413806935,-0.0228827638849692,0.0973512698629459,44.11764879391193,-100.26678939585686,72.1922225099802
2024-09-23 18:42:36.097151,40.37,43.202692,-0.003482159473966507,-0.023429960042815445,0.0973512698629459,44.11764879391193,-100.26678939585686,76.200527287817
2024-09-23 18:42:36.110947,40.37,43.202692,-0.003482159473966507,-0.023429960042815445,0.09675432418099966,56.14914060194492,-100.26678939585686,76.200527287817
2024-09-23 18:42:36.194185,40.43,43.202743,-0.0030344509719951677,-0.023429960042815445,0.09675432418099966,56.14914060194492,-96.25519929585457,76.200527287817
2024-09-23 18:42:36.205207,40.43,43.202743,-0.0030344509719951677,-0.022733528983459317,0.09640611396773996,56.14914060194492,-96.25519929585457,76.200527287817
2024-09-23 18:42:36.238794,40.43,43.202743,-0.0030344509719951677,-0.022733528983459317,0.09640611396773996,40.106058693909645,-96.25519929585457,76.200527287817
2024-09-23 18:42:36.249881,40.43,43.202793,-0.0022385316871478774,-0.023429960042815445,0.09640611396773996,40.106058693909645,-92.24360919585227,76.200527287817
2024-09-23 18:42:36.292857,40.43,43.202844,-0.0022385316871478774,-0.023429960042815445,0.09695331012558621,40.106058693909645,-96.25519929585457,76.200527287817
2024-09-23 18:42:36.304568,40.43,43.202844,-0.0029847020175114316,-0.023429960042815445,0.09695331012558621,40.106058693909645,-96.25519929585457,76.200527287817
2024-09-23 18:42:36.336821,40.43,43.202844,-0.0029847020175114316,-0.023330473146428877,0.09740101331113918,40.106058693909645,-96.25519929585457,76.200527287817
2024-09-23 18:42:36.348542,40.43,43.202931,-0.0029847020175114316,-0.023330473146428877,0.09740101331113918,36.09446859390736,-96.25519929585457,72.1922225099802
2024-09-23 18:42:36.390598,40.43,43.202931,-0.002785727465249955,-0.02293251340906919,0.09740101331113918,40.106058693909645,-96.25519929585457,72.1922225099802
2024-09-23 18:42:36.403134,40.43,43.202931,-0.002785727465249955,-0.02293251340906919,0.09740101331113918,40.106058693909645,-96.25519929585457,80.21211738781929
2024-09-23 18:42:36.434929,40.43,43.203029,-0.002785727465249955,-0.02293251340906919,0.09740101331113918,40.106058693909645,-96.25519929585457,80.21211738781929
2024-09-23 18:42:36.446300,40.43,43.203029,-0.002785727465249955,-0.023230986250042305,0.09705279702197278,56.14914060194492,-92.24360919585227,80.21211738781929
2024-09-23 18:42:36.490739,40.43,43.20308,-0.002636491424507565,-0.02362894446842532,0.09690356060148622,52.137550501942634,-92.24360919585227,76.200527287817
2024-09-23 18:42:36.533999,40.43,43.203131,-0.002636491424507565,-0.02362894446842532,0.09690356060148622,52.137550501942634,-92.24360919585227,76.200527287817
2024-09-23 18:42:36.545729,40.43,43.203131,-0.002387757474797703,-0.023579196463302005,0.0973015264147526,52.137550501942634,-92.24360919585227,76.200527287817
2024-09-23 18:42:36.587961,40.43,43.203181,-0.002437506429281439,-0.02308174982955575,0.0973015264147526,48.12595698684454,-96.25519929585457,76.200527287817
2024-09-23 18:42:36.631715,40.43,43.203181,-0.002437506429281439,-0.02308174982955575,0.09645586349183995,36.09446859390736,-92.24360919585227,76.200527287817
2024-09-23 18:42:36.643161,40.43,43.203232,-0.0026862297461545674,-0.02308174982955575,0.09645586349183995,36.09446859390736,-92.24360919585227,80.21211738781929
2024-09-23 18:42:36.685988,40.43,43.203321,-0.0026862297461545674,-0.023579196463302005,0.0973512698629459,28.07457030097246,-100.26678939585686,72.1922225099802
2024-09-23 18:42:36.727969,40.43,43.203321,-0.0021887829225362256,-0.023579196463302005,0.0973512698629459,28.07457030097246,-100.26678939585686,72.1922225099802
2024-09-23 18:42:36.781252,40.43,43.203321,-0.0021887829225362256,-0.023429960042815445,0.09675432418099966,28.07457030097246,-100.26678939585686,76.200527287817
2024-09-23 18:42:36.793470,40.43,43.203372,-0.0021887829225362256,-0.023429960042815445,0.09675432418099966,28.07457030097246,-100.26678939585686,76.200527287817
2024-09-23 18:42:36.825854,40.43,43.203372,-0.002785727465249955,-0.02352945757203875,0.09710254654607277,28.07457030097246,-100.26678939585686,76.200527287817
2024-09-23 18:42:36.837260,40.43,43.203372,-0.002785727465249955,-0.02352945757203875,0.09710254654607277,40.106058693909645,-92.24360919585227,76.200527287817
2024-09-23 18:42:36.880567,40.43,43.203423,-0.0028354659767690416,-0.023181236725942318,0.09690356060148622,48.12595698684454,-96.25519929585457,76.200527287817
2024-09-23 18:42:36.922998,40.43,43.203474,-0.0026862297461545674,-0.023181236725942318,0.09690356060148622,48.12595698684454,-96.25519929585457,80.21211738781929
2024-09-23 18:42:36.934171,40.43,43.203474,-0.0026862297461545674,-0.02352945757203875,0.09774922960030558,44.11764879391193,-96.25519929585457,80.21211738781929
2024-09-23 18:42:36.977908,40.43,43.203525,-0.0027359787006383035,-0.02308174982955575,0.09670458680871308,44.11764879391193,-104.27510100388527,72.1922225099802
2024-09-23 18:42:37.021431,40.43,43.203525,-0.0027359787006383035,-0.02308174982955575,0.09670458680871308,40.106058693909645,-96.25519929585457,72.1922225099802
2024-09-23 18:42:37.033016,40.43,43.203615,-0.0030344509719951677,-0.023429960042815445,0.09670458680871308,40.106058693909645,-96.25519929585457,72.1922225099802
2024-09-23 18:42:37.075535,40.43,43.203666,-0.002387757474797703,-0.023429960042815445,0.09725178296655933,24.06297849342227,-96.25519929585457,80.21211738781929
2024-09-23 18:42:37.118926,40.43,43.203666,-0.002387757474797703,-0.02367869399252531,0.09750050628343246,32.08287849390507,-96.25519929585457,80.21211738781929
2024-09-23 18:42:37.131779,40.43,43.20376,-0.002387757474797703,-0.02367869399252531,0.09750050628343246,32.08287849390507,-104.27510100388527,72.1922225099802
2024-09-23 18:42:37.215668,40.44,43.20376,-0.0023380189632786156,-0.02303200030545576,0.09750050628343246,32.08287849390507,-104.27510100388527,72.1922225099802
2024-09-23 18:42:37.227398,40.44,43.20376,-0.0023380189632786156,-0.02303200030545576,0.09705279702197278,52.137550501942634,-80.21211738781929,88.23529758782387
2024-09-23 18:42:37.270579,40.44,43.203811,-0.0026862297461545674,-0.023181236725942318,0.09670458680871308,60.15744537978172,-92.24360919585227,88.23529758782387
2024-09-23 18:42:37.313364,40.44,43.203862,-0.0025369937054121774,-0.023181236725942318,0.09670458680871308,60.15744537978172,-92.24360919585227,80.21211738781929
2024-09-23 18:42:37.325237,40.44,43.203862,-0.0025369937054121774,-0.023877669304275123,0.09710254654607277,52.137550501942634,-92.24360919585227,80.21211738781929
2024-09-23 18:42:37.367770,40.44,43.203912,-0.0025369937054121774,-0.023579196463302005,0.09715228999426605,52.137550501942634,-96.25519929585457,80.21211738781929
2024-09-23 18:42:37.411414,40.44,43.203912,-0.0025369937054121774,-0.023579196463302005,0.09715228999426605,36.09446859390736,-100.26678939585686,80.21211738781929
2024-09-23 18:42:37.422797,40.44,43.203963,-0.002636491424507565,-0.02308174982955575,0.09715228999426605,36.09446859390736,-100.26678939585686,80.21211738781929
2024-09-23 18:42:37.465155,40.44,43.204055,-0.0027359787006383035,-0.02308174982955575,0.09640611396773996,28.07457030097246,-92.24360919585227,80.21211738781929
2024-09-23 18:42:37.507415,40.44,43.204055,-0.0027359787006383035,-0.023579196463302005,0.09759999317981902,28.07457030097246,-92.24360919585227,80.21211738781929
2024-09-23 18:42:37.519556,40.44,43.20415,-0.0027359787006383035,-0.023579196463302005,0.09759999317981902,36.09446859390736,-96.25519929585457,76.200527287817
2024-09-23 18:42:37.562275,40.44,43.20415,-0.002139034157924574,-0.023330473146428877,0.09809744588947199,72.1922225099802,-96.25519929585457,76.200527287817
2024-09-23 18:42:37.573959,40.44,43.20415,-0.002139034157924574,-0.023330473146428877,0.09809744588947199,72.1922225099802,-96.25519929585457,76.200527287817
2024-09-23 18:42:37.606734,40.44,43.204201,-0.0026862297461545674,-0.02338022115155219,0.09809744588947199,72.1922225099802,-96.25519929585457,76.200527287817
2024-09-23 18:42:37.618612,40.44,43.204201,-0.0026862297461545674,-0.02338022115155219,0.09690356060148622,76.200527287817,-100.26678939585686,76.200527287817
2024-09-23 18:42:37.661864,40.44,43.204252,-0.0031836870127375577,-0.023429960042815445,0.09740101331113918,68.18063240997792,-100.26678939585686,72.1922225099802
2024-09-23 18:42:37.704903,40.44,43.204302,-0.002437506429281439,-0.023429960042815445,0.09740101331113918,68.18063240997792,-92.24360919585227,80.21211738781929
2024-09-23 18:42:37.716340,40.44,43.204302,-0.002437506429281439,-0.0228827638849692,0.0966050877605131,68.18063240997792,-92.24360919585227,80.21211738781929
2024-09-23 18:42:37.759064,40.44,43.204353,-0.003233425524256645,-0.023479709566915436,0.0966050877605131,24.06297849342227,-104.27510100388527,68.18063240997792
2024-09-23 18:42:37.802236,40.44,43.204353,-0.003233425524256645,-0.023479709566915436,0.0973015264147526,28.07457030097246,-104.27510100388527,68.18063240997792
2024-09-23 18:42:37.813867,40.44,43.204404,-0.0031836870127375577,-0.023479709566915436,0.0973015264147526,28.07457030097246,-104.27510100388527,68.18063240997792
2024-09-23 18:42:37.846108,40.44,43.204404,-0.0031836870127375577,-0.023479709566915436,0.0973015264147526,28.07457030097246,-104.27510100388527,68.18063240997792
2024-09-23 18:42:37.857763,40.44,43.204491,-0.0031836870127375577,-0.023479709566915436,0.09745075675933246,36.09446859390736,-96.25519929585457,72.1922225099802
2024-09-23 18:42:37.900311,40.44,43.204491,-0.002288270198666964,-0.02293251340906919,0.09580916828579372,0.0,-96.25519929585457,72.1922225099802
2024-09-23 18:42:37.912215,40.44,43.204491,-0.002288270198666964,-0.02293251340906919,0.09580916828579372,0.0,-112.29828120388984,84.22370748782159
2024-09-23 18:42:37.945033,40.44,43.204542,-0.002288270198666964,-0.02293251340906919,0.09580916828579372,0.0,-112.29828120388984,84.22370748782159
2024-09-23 18:42:37.956241,40.44,43.204542,-0.0030344509719951677,-0.023181236725942318,0.09740101331113918,80.21211738781929,-84.22370748782159,84.22370748782159
2024-09-23 18:42:37.998458,40.44,43.204593,-0.0030344509719951677,-0.023181236725942318,0.09740101331113918,80.21211738781929,-84.22370748782159,80.21211738781929
2024-09-23 18:42:38.009526,40.44,43.204593,-0.0030344509719951677,-0.023181236725942318,0.09610764112676684,116.30987130389214,-84.22370748782159,80.21211738781929
2024-09-23 18:42:38.043391,40.44,43.204593,-0.0030344509719951677,-0.023181236725942318,0.09610764112676684,116.30987130389214,-68.18063240997792,88.23529758782387
2024-09-23 18:42:38.054700,40.44,43.204644,-0.0028852147413806935,-0.023479709566915436,0.09685382322919964,116.30987130389214,-68.18063240997792,88.23529758782387
2024-09-23 18:42:38.097905,40.44,43.204694,-0.002785727465249955,-0.023479709566915436,0.09685382322919964,64.16903547978401,-72.1922225099802,88.23529758782387
2024-09-23 18:42:38.109117,40.44,43.204694,-0.002785727465249955,-0.023429960042815445,0.09685382322919964,64.16903547978401,-72.1922225099802,88.23529758782387
2024-09-23 18:42:38.141003,40.44,43.204694,-0.002785727465249955,-0.023429960042815445,0.09799795899308542,20.05138839341998,-72.1922225099802,88.23529758782387
2024-09-23 18:42:38.153230,40.44,43.204745,-0.002586742470023829,-0.023429960042815445,0.09799795899308542,20.05138839341998,-100.26678939585686,80.21211738781929
2024-09-23 18:42:38.237783,40.73,43.204745,-0.002586742470023829,-0.023230986250042305,0.09799795899308542,20.05138839341998,-100.26678939585686,80.21211738781929
2024-09-23 18:42:38.249751,40.73,43.204832,-0.002586742470023829,-0.023230986250042305,0.09759999317981902,40.106058693909645,-108.28669110388756,72.1922225099802
2024-09-23 18:42:38.292811,40.73,43.204832,-0.0028354659767690416,-0.0228827638849692,0.09740101331113918,36.09446859390736,-116.30987130389214,72.1922225099802
2024-09-23 18:42:38.304583,40.73,43.204832,-0.0028354659767690416,-0.0228827638849692,0.09740101331113918,36.09446859390736,-116.30987130389214,64.16903547978401
2024-09-23 18:42:38.336915,40.73,43.204884,-0.0023380189632786156,-0.023579196463302005,0.09740101331113918,36.09446859390736,-116.30987130389214,64.16903547978401
2024-09-23 18:42:38.348089,40.73,43.204884,-0.0023380189632786156,-0.023579196463302005,0.09710254654607277,44.11764879391193,-100.26678939585686,64.16903547978401
2024-09-23 18:42:38.390211,40.73,43.204934,-0.0029847020175114316,-0.02308174982955575,0.09745075675933246,44.11764879391193,-100.26678939585686,72.1922225099802
2024-09-23 18:42:38.402232,40.73,43.204934,-0.0029847020175114316,-0.02308174982955575,0.09745075675933246,36.09446859390736,-100.26678939585686,72.1922225099802
2024-09-23 18:42:38.434371,40.73,43.204934,-0.0029847020175114316,-0.02308174982955575,0.09745075675933246,36.09446859390736,-100.26678939585686,68.18063240997792
2024-09-23 18:42:38.445885,40.73,43.204985,-0.002785727465249955,-0.023728432883788564,0.09710254654607277,36.09446859390736,-100.26678939585686,68.18063240997792
2024-09-23 18:42:38.488989,40.73,43.205078,-0.0028354659767690416,-0.022833026512682618,0.09710254654607277,40.106058693909645,-92.24360919585227,80.21211738781929
2024-09-23 18:42:38.531278,40.73,43.205078,-0.0028354659767690416,-0.022833026512682618,0.09680407370509965,60.15744537978172,-92.24360919585227,80.21211738781929
2024-09-23 18:42:38.542708,40.73,43.205129,-0.0022385316871478774,-0.022833026512682618,0.09680407370509965,60.15744537978172,-96.25519929585457,76.200527287817
2024-09-23 18:42:38.585928,40.73,43.205222,-0.0022385316871478774,-0.022833026512682618,0.09665483728461309,28.07457030097246,-88.23529758782387,80.21211738781929
2024-09-23 18:42:38.628337,40.73,43.205222,-0.0030344509719951677,-0.022833026512682618,0.09665483728461309,28.07457030097246,-88.23529758782387,80.21211738781929
2024-09-23 18:42:38.639353,40.73,43.205222,-0.0030344509719951677,-0.023479709566915436,0.09764974270391902,36.09446859390736,-100.26678939585686,72.1922225099802
2024-09-23 18:42:38.681807,40.73,43.205274,-0.0025369937054121774,-0.02308174982955575,0.09675432418099966,44.11764879391193,-100.26678939585686,72.1922225099802
2024-09-23 18:42:38.693415,40.73,43.205274,-0.0025369937054121774,-0.02308174982955575,0.09675432418099966,44.11764879391193,-100.26678939585686,72.1922225099802
2024-09-23 18:42:38.726098,40.73,43.205325,-0.0025369937054121774,-0.02308174982955575,0.09675432418099966,44.11764879391193,-100.26678939585686,76.200527287817
2024-09-23 18:42:38.737213,40.73,43.205325,-0.002586742470023829,-0.023181236725942318,0.09715228999426605,52.137550501942634,-100.26678939585686,76.200527287817
2024-09-23 18:42:38.778845,40.73,43.205375,-0.002636491424507565,-0.023330473146428877,0.09715228999426605,52.137550501942634,-92.24360919585227,80.21211738781929
2024-09-23 18:42:38.790822,40.73,43.205375,-0.002636491424507565,-0.023330473146428877,0.09725178296655933,52.137550501942634,-92.24360919585227,80.21211738781929
2024-09-23 18:42:38.823394,40.73,43.205375,-0.002636491424507565,-0.023330473146428877,0.09725178296655933,48.12595698684454,-92.24360919585227,80.21211738781929
2024-09-23 18:42:38.834800,40.73,43.205426,-0.0024872551938930902,-0.023827930413011865,0.09725178296655933,48.12595698684454,-92.24360919585227,76.200527287817
2024-09-23 18:42:38.878198,40.73,43.205477,-0.0024872551938930902,-0.023827930413011865,0.09680407370509965,36.09446859390736,-108.28669110388756,80.21211738781929
2024-09-23 18:42:38.889657,40.73,43.205477,-0.003482159473966507,-0.023827930413011865,0.09680407370509965,36.09446859390736,-108.28669110388756,80.21211738781929
2024-09-23 18:42:38.921716,40.73,43.205477,-0.003482159473966507,-0.023728432883788564,0.09745075675933246,36.09446859390736,-108.28669110388756,80.21211738781929
2024-09-23 18:42:38.933779,40.73,43.205563,-0.003482159473966507,-0.023728432883788564,0.09745075675933246,40.106058693909645,-92.24360919585227,76.200527287817
2024-09-23 18:42:38.976298,40.73,43.205563,-0.0029349636958644295,-0.023579196463302005,0.0976994861521123,36.09446859390736,-96.25519929585457,76.200527287817
2024-09-23 18:42:39.018608,40.73,43.205615,-0.0027359787006383035,-0.023579196463302005,0.0976994861521123,36.09446859390736,-96.25519929585457,76.200527287817
2024-09-23 18:42:39.030777,40.73,43.205615,-0.0027359787006383035,-0.02367869399252531,0.0973512698629459,44.11764879391193,-96.25519929585457,76.200527287817
2024-09-23 18:42:39.074663,40.73,43.205666,-0.0030344509719951677,-0.023429960042815445,0.09745075675933246,48.12595698684454,-96.25519929585457,72.1922225099802
2024-09-23 18:42:39.118723,40.73,43.205716,-0.0030344509719951677,-0.023429960042815445,0.09745075675933246,48.12595698684454,-96.25519929585457,76.200527287817
2024-09-23 18:42:39.130367,40.73,43.205716,-0.0030344509719951677,-0.023330473146428877,0.09779897304849887,48.12595698684454,-96.25519929585457,76.200527287817
2024-09-23 18:42:39.162735,40.73,43.205716,-0.0030344509719951677,-0.023330473146428877,0.09779897304849887,56.14914060194492,-96.25519929585457,76.200527287817
2024-09-23 18:42:39.174175,40.73,43.205767,-0.0023380189632786156,-0.023230986250042305,0.09779897304849887,56.14914060194492,-96.25519929585457,76.200527287817
2024-09-23 18:42:39.267540,40.52,43.205818,-0.0023380189632786156,-0.023230986250042305,0.09740101331113918,44.11764879391193,-96.25519929585457,84.22370748782159
2024-09-23 18:42:39.279713,40.52,43.205818,-0.002586742470023829,-0.023230986250042305,0.09740101331113918,44.11764879391193,-96.25519929585457,84.22370748782159
2024-09-23 18:42:39.312670,40.52,43.205818,-0.002586742470023829,-0.02293251340906919,0.09705279702197278,32.08287849390507,-96.25519929585457,84.22370748782159
2024-09-23 18:42:39.324133,40.52,43.205905,-0.002586742470023829,-0.02293251340906919,0.09705279702197278,32.08287849390507,-100.26678939585686,76.200527287817
2024-09-23 18:42:39.366650,40.52,43.205905,-0.0023380189632786156,-0.023181236725942318,0.09705279702197278,36.09446859390736,-96.25519929585457,80.21211738781929
2024-09-23 18:42:39.410307,40.52,43.205956,-0.0027359787006383035,-0.023181236725942318,0.09705279702197278,36.09446859390736,-96.25519929585457,80.21211738781929
2024-09-23 18:42:39.422473,40.52,43.205956,-0.0027359787006383035,-0.023181236725942318,0.09745075675933246,40.106058693909645,-100.26678939585686,80.21211738781929
2024-09-23 18:42:39.454958,40.52,43.205956,-0.0027359787006383035,-0.023181236725942318,0.09745075675933246,40.106058693909645,-100.26678939585686,76.200527287817
2024-09-23 18:42:39.466588,40.52,43.206007,-0.0028852147413806935,-0.023181236725942318,0.09745075675933246,40.106058693909645,-100.26678939585686,76.200527287817
2024-09-23 18:42:39.508443,40.52,43.206007,-0.0028852147413806935,-0.023429960042815445,0.09705279702197278,44.11764879391193,-100.26678939585686,76.200527287817
2024-09-23 18:42:39.520013,40.52,43.206101,-0.0028852147413806935,-0.023429960042815445,0.09705279702197278,44.11764879391193,-100.26678939585686,68.18063240997792
2024-09-23 18:42:39.552628,40.52,43.206101,-0.002387757474797703,-0.023429960042815445,0.09705279702197278,44.11764879391193,-100.26678939585686,68.18063240997792
2024-09-23 18:42:39.564475,40.52,43.206101,-0.002387757474797703,-0.023579196463302005,0.09695331012558621,52.137550501942634,-88.23529758782387,76.200527287817
2024-09-23 18:42:39.606653,40.52,43.206152,-0.0024872551938930902,-0.02308174982955575,0.09680407370509965,52.137550501942634,-88.23529758782387,76.200527287817
2024-09-23 18:42:39.617666,40.52,43.206152,-0.0024872551938930902,-0.02308174982955575,0.09680407370509965,56.14914060194492,-84.22370748782159,76.200527287817
2024-09-23 18:42:39.650982,40.52,43.206152,-0.0024872551938930902,-0.02308174982955575,0.09680407370509965,56.14914060194492,-84.22370748782159,80.21211738781929
2024-09-23 18:42:39.662654,40.52,43.206203,-0.003233425524256645,-0.02367869399252531,0.09705279702197278,32.08287849390507,-84.22370748782159,80.21211738781929
2024-09-23 18:42:39.705079,40.52,43.206295,-0.002785727465249955,-0.02367869399252531,0.09705279702197278,32.08287849390507,-100.26678939585686,80.21211738781929
2024-09-23 18:42:39.717003,40.52,43.206295,-0.002785727465249955,-0.02367869399252531,0.09764974270391902,32.08287849390507,-100.26678939585686,80.21211738781929
2024-09-23 18:42:39.800380,40.52,43.206295,-0.002785727465249955,-0.02367869399252531,0.09764974270391902,24.06297849342227,-100.26678939585686,80.21211738781929
2024-09-23 18:42:39.811986,40.52,43.206346,-0.0031339382481259063,-0.023230986250042305,0.09764974270391902,24.06297849342227,-100.26678939585686,80.21211738781929
2024-09-23 18:42:39.854286,40.52,43.206397,-0.0030344509719951677,-0.023230986250042305,0.09789846602079214,32.08287849390507,-96.25519929585457,80.21211738781929
2024-09-23 18:42:39.896423,40.52,43.206397,-0.0030344509719951677,-0.022733528983459317,0.0970030596496862,32.08287849390507,-96.25519929585457,80.21211738781929
2024-09-23 18:42:39.908149,40.52,43.20649,-0.0030344509719951677,-0.022733528983459317,0.0970030596496862,48.12595698684454,-100.26678939585686,76.200527287817
2024-09-23 18:42:39.951321,40.52,43.20649,-0.002586742470023829,-0.022982261414192504,0.09725178296655933,52.137550501942634,-100.26678939585686,76.200527287817
2024-09-23 18:42:39.993590,40.52,43.206541,-0.002586742470023829,-0.022982261414192504,0.09725178296655933,52.137550501942634,-100.26678939585686,72.1922225099802
2024-09-23 18:42:40.004811,40.52,43.206541,-0.003482159473966507,-0.02412639262114825,0.09705279702197278,40.106058693909645,-100.26678939585686,72.1922225099802
2024-09-23 18:42:40.047545,40.52,43.206637,-0.002437506429281439,-0.024026904205785005,0.09705279702197278,40.106058693909645,-84.22370748782159,80.21211738781929
2024-09-23 18:42:40.059696,40.52,43.206637,-0.002437506429281439,-0.024026904205785005,0.09670458680871308,40.106058693909645,-84.22370748782159,80.21211738781929
2024-09-23 18:42:40.092085,40.52,43.206637,-0.002437506429281439,-0.024026904205785005,0.09670458680871308,28.07457030097246,-92.24360919585227,80.21211738781929
2024-09-23 18:42:40.103547,40.52,43.206688,-0.002785727465249955,-0.023181236725942318,0.09670458680871308,28.07457030097246,-92.24360919585227,80.21211738781929
2024-09-23 18:42:40.146615,40.52,43.206739,-0.002785727465249955,-0.023181236725942318,0.0973512698629459,28.07457030097246,-92.24360919585227,76.200527287817
2024-09-23 18:42:40.158059,40.52,43.206739,-0.002636491424507565,-0.023181236725942318,0.0973512698629459,28.07457030097246,-92.24360919585227,76.200527287817
2024-09-23 18:42:40.191608,40.52,43.206739,-0.002636491424507565,-0.023330473146428877,0.09710254654607277,40.106058693909645,-88.23529758782387,76.200527287817
2024-09-23 18:42:40.204241,40.52,43.206831,-0.002636491424507565,-0.023330473146428877,0.09710254654607277,40.106058693909645,-88.23529758782387,80.21211738781929
2024-09-23 18:42:40.287912,40.73,43.206831,-0.002785727465249955,-0.02308174982955575,0.09710254654607277,40.106058693909645,-88.23529758782387,80.21211738781929
2024-09-23 18:42:40.299898,40.73,43.206831,-0.002785727465249955,-0.02308174982955575,0.09745075675933246,48.12595698684454,-96.25519929585457,80.21211738781929
2024-09-23 18:42:40.342594,40.73,43.206882,-0.002785727465249955,-0.0228827638849692,0.09720203344245934,52.137550501942634,-100.26678939585686,80.21211738781929
2024-09-23 18:42:40.384951,40.73,43.206933,-0.0029847020175114316,-0.0228827638849692,0.09720203344245934,52.137550501942634,-100.26678939585686,68.18063240997792
2024-09-23 18:42:40.396489,40.73,43.206933,-0.0029847020175114316,-0.023778180888911878,0.09745075675933246,40.106058693909645,-100.26678939585686,68.18063240997792
2024-09-23 18:42:40.439439,40.73,43.206984,-0.0027359787006383035,-0.023280723622328886,0.09695331012558621,40.106058693909645,-104.27510100388527,76.200527287817
2024-09-23 18:42:40.481207,40.73,43.206984,-0.0027359787006383035,-0.023280723622328886,0.09695331012558621,32.08287849390507,-96.25519929585457,76.200527287817
2024-09-23 18:42:40.493053,40.73,43.207034,-0.0030841997366068195,-0.02352945757203875,0.09695331012558621,32.08287849390507,-96.25519929585457,76.200527287817
2024-09-23 18:42:40.535613,40.73,43.207034,-0.0030841997366068195,-0.02352945757203875,0.09725178296655933,32.08287849390507,-96.25519929585457,76.200527287817
2024-09-23 18:42:40.578935,40.73,43.207034,-0.0030841997366068195,-0.02352945757203875,0.09725178296655933,36.09446859390736,-100.26678939585686,76.200527287817
2024-09-23 18:42:40.590003,40.73,43.207126,-0.0028354659767690416,-0.02263404056809607,0.09725178296655933,36.09446859390736,-100.26678939585686,76.200527287817
2024-09-23 18:42:40.634252,40.73,43.207221,-0.0028852147413806935,-0.02263404056809607,0.09819693278585856,48.12595698684454,-92.24360919585227,80.21211738781929
2024-09-23 18:42:40.678656,40.73,43.207221,-0.0028852147413806935,-0.023429960042815445,0.0973015264147526,56.14914060194492,-92.24360919585227,80.21211738781929
2024-09-23 18:42:40.690054,40.73,43.207272,-0.0028852147413806935,-0.023429960042815445,0.0973015264147526,56.14914060194492,-88.23529758782387,80.21211738781929
2024-09-23 18:42:40.722446,40.73,43.207272,-0.002785727465249955,-0.023429960042815445,0.0973015264147526,56.14914060194492,-88.23529758782387,80.21211738781929
2024-09-23 18:42:40.733838,40.73,43.207272,-0.002785727465249955,-0.023280723622328886,0.09710254654607277,44.11764879391193,-88.23529758782387,80.21211738781929
2024-09-23 18:42:40.776028,40.73,43.207323,-0.0026862297461545674,-0.023330473146428877,0.09710254654607277,44.11764879391193,-88.23529758782387,80.21211738781929
2024-09-23 18:42:40.787421,40.73,43.207323,-0.0026862297461545674,-0.023330473146428877,0.09710254654607277,40.106058693909645,-92.24360919585227,80.21211738781929
2024-09-23 18:42:40.820419,40.73,43.207323,-0.0026862297461545674,-0.023330473146428877,0.09710254654607277,40.106058693909645,-92.24360919585227,76.200527287817
2024-09-23 18:42:40.832213,40.73,43.207417,-0.0036811340262279837,-0.023330473146428877,0.09690356060148622,32.08287849390507,-92.24360919585227,76.200527287817
2024-09-23 18:42:40.874196,40.73,43.207468,-0.0026862297461545674,-0.023330473146428877,0.09690356060148622,32.08287849390507,-96.25519929585457,72.1922225099802
2024-09-23 18:42:40.885232,40.73,43.207468,-0.0026862297461545674,-0.023280723622328886,0.09695331012558621,32.08287849390507,-96.25519929585457,72.1922225099802
2024-09-23 18:42:40.917182,40.73,43.207468,-0.0026862297461545674,-0.023280723622328886,0.09695331012558621,36.09446859390736,-96.25519929585457,72.1922225099802
2024-09-23 18:42:40.929245,40.73,43.207519,-0.0033329230534799477,-0.022982261414192504,0.09695331012558621,36.09446859390736,-96.25519929585457,72.1922225099802
2024-09-23 18:42:40.972794,40.73,43.207519,-0.0033329230534799477,-0.022982261414192504,0.0973512698629459,40.106058693909645,-88.23529758782387,76.200527287817
2024-09-23 18:42:40.985039,40.73,43.207569,-0.0029847020175114316,-0.022982261414192504,0.0973512698629459,40.106058693909645,-88.23529758782387,76.200527287817
2024-09-23 18:42:41.016461,40.73,43.207569,-0.0029847020175114316,-0.023230986250042305,0.09725178296655933,40.106058693909645,-88.23529758782387,76.200527287817
2024-09-23 18:42:41.027824,40.73,43.20766,-0.0029847020175114316,-0.023230986250042305,0.09725178296655933,52.137550501942634,-100.26678939585686,76.200527287817
2024-09-23 18:42:41.070680,40.73,43.20766,-0.0024872551938930902,-0.02352945757203875,0.09725178296655933,52.137550501942634,-100.26678939585686,76.200527287817
2024-09-23 18:42:41.112735,40.73,43.20766,-0.0024872551938930902,-0.02352945757203875,0.0970030596496862,52.137550501942634,-100.26678939585686,76.200527287817
2024-09-23 18:42:41.123459,40.73,43.207711,-0.002636491424507565,-0.02352945757203875,0.0970030596496862,56.14914060194492,-88.23529758782387,72.1922225099802
2024-09-23 18:42:41.166400,40.73,43.207711,-0.002636491424507565,-0.023330473146428877,0.09695331012558621,40.106058693909645,-96.25519929585457,72.1922225099802
2024-09-23 18:42:41.178559,40.73,43.207762,-0.002636491424507565,-0.023330473146428877,0.09695331012558621,40.106058693909645,-96.25519929585457,76.200527287817
2024-09-23 18:42:41.211414,40.73,43.207762,-0.0024872551938930902,-0.023330473146428877,0.09695331012558621,40.106058693909645,-96.25519929585457,76.200527287817
2024-09-23 18:42:41.223251,40.73,43.207762,-0.0024872551938930902,-0.02308174982955575,0.0973015264147526,36.09446859390736,-96.25519929585457,80.21211738781929
2024-09-23 18:42:41.316544,40.9,43.207812,-0.0030344509719951677,-0.023280723622328886,0.09725178296655933,28.07457030097246,-100.26678939585686,80.21211738781929
2024-09-23 18:42:41.360117,40.9,43.207863,-0.0028852147413806935,-0.023280723622328886,0.09725178296655933,28.07457030097246,-100.26678939585686,76.200527287817
2024-09-23 18:42:41.371557,40.9,43.207863,-0.0028852147413806935,-0.02313149783467906,0.09720203344245934,32.08287849390507,-100.26678939585686,76.200527287817
2024-09-23 18:42:41.414449,40.9,43.207954,-0.0027359787006383035,-0.023230986250042305,0.09764974270391902,32.08287849390507,-100.26678939585686,72.1922225099802
2024-09-23 18:42:41.457940,40.9,43.207954,-0.0027359787006383035,-0.023230986250042305,0.09764974270391902,44.11764879391193,-96.25519929585457,76.200527287817
2024-09-23 18:42:41.471039,40.9,43.208005,-0.0028354659767690416,-0.023330473146428877,0.09764974270391902,44.11764879391193,-96.25519929585457,76.200527287817
2024-09-23 18:42:41.502870,40.9,43.208005,-0.0028354659767690416,-0.023330473146428877,0.09705279702197278,44.11764879391193,-96.25519929585457,76.200527287817
2024-09-23 18:42:41.514994,40.9,43.208055,-0.002785727465249955,-0.023330473146428877,0.09705279702197278,52.137550501942634,-92.24360919585227,72.1922225099802
2024-09-23 18:42:41.556773,40.9,43.208055,-0.002785727465249955,-0.02303200030545576,0.09685382322919964,36.09446859390736,-96.25519929585457,72.1922225099802
2024-09-23 18:42:41.568607,40.9,43.208196,-0.002785727465249955,-0.02303200030545576,0.09685382322919964,36.09446859390736,-96.25519929585457,72.1922225099802
2024-09-23 18:42:41.601664,40.9,43.208196,-0.0023380189632786156,-0.02303200030545576,0.09685382322919964,36.09446859390736,-96.25519929585457,72.1922225099802
2024-09-23 18:42:41.612828,40.9,43.208196,-0.0023380189632786156,-0.02352945757203875,0.09710254654607277,28.07457030097246,-92.24360919585227,80.21211738781929
2024-09-23 18:42:41.655264,40.9,43.208247,-0.0031836870127375577,-0.023778180888911878,0.09779897304849887,28.07457030097246,-92.24360919585227,80.21211738781929
2024-09-23 18:42:41.666455,40.9,43.208247,-0.0031836870127375577,-0.023778180888911878,0.09779897304849887,36.09446859390736,-96.25519929585457,80.21211738781929
2024-09-23 18:42:41.700106,40.9,43.208298,-0.0031836870127375577,-0.023778180888911878,0.09779897304849887,36.09446859390736,-96.25519929585457,80.21211738781929
2024-09-23 18:42:41.712260,40.9,43.208298,-0.002785727465249955,-0.022982261414192504,0.09819693278585856,60.15744537978172,-96.25519929585457,80.21211738781929
2024-09-23 18:42:41.747214,40.9,43.208298,-0.002785727465249955,-0.022982261414192504,0.09819693278585856,60.15744537978172,-92.24360919585227,80.21211738781929
2024-09-23 18:42:41.758635,40.9,43.208349,-0.002139034157924574,-0.022833026512682618,0.09720203344245934,60.15744537978172,-92.24360919585227,76.200527287817
2024-09-23 18:42:41.800465,40.9,43.208399,-0.002139034157924574,-0.022833026512682618,0.09720203344245934,56.14914060194492,-92.24360919585227,76.200527287817
2024-09-23 18:42:41.812161,40.9,43.208399,-0.0020892956464054874,-0.02352945757203875,0.09720203344245934,56.14914060194492,-92.24360919585227,76.200527287817
2024-09-23 18:42:41.845703,40.9,43.208399,-0.0020892956464054874,-0.02352945757203875,0.09695331012558621,36.09446859390736,-92.24360919585227,76.200527287817
2024-09-23 18:42:41.857181,40.9,43.20845,-0.0035816467500972456,-0.02352945757203875,0.09695331012558621,36.09446859390736,-88.23529758782387,80.21211738781929
2024-09-23 18:42:41.899613,40.9,43.20845,-0.0035816467500972456,-0.023827930413011865,0.09725178296655933,44.11764879391193,-88.23529758782387,72.1922225099802
2024-09-23 18:42:41.910988,40.9,43.208537,-0.0035816467500972456,-0.023827930413011865,0.09725178296655933,44.11764879391193,-88.23529758782387,72.1922225099802
2024-09-23 18:42:41.943643,40.9,43.208537,-0.0031339382481259063,-0.023429960042815445,0.09725178296655933,44.11764879391193,-88.23529758782387,72.1922225099802
2024-09-23 18:42:41.955512,40.9,43.208537,-0.0031339382481259063,-0.023429960042815445,0.09750050628343246,36.09446859390736,-88.23529758782387,80.21211738781929
2024-09-23 18:42:41.998005,40.9,43.208589,-0.002288270198666964,-0.023330473146428877,0.09725178296655933,32.08287849390507,-96.25519929585457,80.21211738781929
2024-09-23 18:42:42.040166,40.9,43.208639,-0.002288270198666964,-0.023330473146428877,0.09725178296655933,32.08287849390507,-96.25519929585457,80.21211738781929
2024-09-23 18:42:42.052005,40.9,43.208639,-0.0027359787006383035,-0.02313149783467906,0.09720203344245934,28.07457030097246,-96.25519929585457,80.21211738781929
2024-09-23 18:42:42.095597,40.9,43.20869,-0.002437506429281439,-0.02367869399252531,0.0973512698629459,28.07457030097246,-96.25519929585457,80.21211738781929
2024-09-23 18:42:42.138073,40.9,43.20869,-0.002437506429281439,-0.02367869399252531,0.0973512698629459,44.11764879391193,-88.23529758782387,80.21211738781929
2024-09-23 18:42:42.149636,40.9,43.208741,-0.002785727465249955,-0.02313149783467906,0.0973512698629459,44.11764879391193,-88.23529758782387,76.200527287817
2024-09-23 18:42:42.191435,40.9,43.208741,-0.002785727465249955,-0.02313149783467906,0.09705279702197278,56.14914060194492,-104.27510100388527,72.1922225099802
2024-09-23 18:42:42.202906,40.9,43.208791,-0.0031339382481259063,-0.02313149783467906,0.09705279702197278,56.14914060194492,-104.27510100388527,72.1922225099802
2024-09-23 18:42:42.234768,40.9,43.208791,-0.0031339382481259063,-0.023579196463302005,0.09705279702197278,56.14914060194492,-104.27510100388527,72.1922225099802
2024-09-23 18:42:42.245880,40.9,43.208878,-0.0031339382481259063,-0.023579196463302005,0.09690356060148622,40.106058693909645,-96.25519929585457,80.21211738781929
2024-09-23 18:42:42.340522,41.29,43.208878,-0.002785727465249955,-0.023280723622328886,0.0973015264147526,44.11764879391193,-100.26678939585686,72.1922225099802
2024-09-23 18:42:42.383859,41.29,43.20893,-0.0027359787006383035,-0.022982261414192504,0.0973015264147526,44.11764879391193,-100.26678939585686,72.1922225099802
2024-09-23 18:42:42.395505,41.29,43.20893,-0.0027359787006383035,-0.022982261414192504,0.09695331012558621,32.08287849390507,-92.24360919585227,72.1922225099802
2024-09-23 18:42:42.437996,41.29,43.208981,-0.0033329230534799477,-0.022733528983459317,0.09710254654607277,32.08287849390507,-92.24360919585227,76.200527287817
2024-09-23 18:42:42.479656,41.29,43.208981,-0.0033329230534799477,-0.022733528983459317,0.09710254654607277,32.08287849390507,-96.25519929585457,76.200527287817
2024-09-23 18:42:42.491751,41.29,43.209031,-0.0030841997366068195,-0.02308174982955575,0.09720203344245934,32.08287849390507,-96.25519929585457,76.200527287817
2024-09-23 18:42:42.534501,41.29,43.209082,-0.0028852147413806935,-0.02308174982955575,0.09720203344245934,40.106058693909645,-92.24360919585227,80.21211738781929
2024-09-23 18:42:42.546434,41.29,43.209082,-0.0028852147413806935,-0.02308174982955575,0.09720203344245934,40.106058693909645,-92.24360919585227,80.21211738781929
2024-09-23 18:42:42.579239,41.29,43.209082,-0.0028852147413806935,-0.02308174982955575,0.09690356060148622,48.12595698684454,-96.25519929585457,80.21211738781929
2024-09-23 18:42:42.590442,41.29,43.209174,-0.0029847020175114316,-0.02308174982955575,0.09690356060148622,48.12595698684454,-96.25519929585457,72.1922225099802
2024-09-23 18:42:42.634307,41.29,43.209174,-0.0029847020175114316,-0.022833026512682618,0.09705279702197278,48.12595698684454,-96.25519929585457,72.1922225099802
2024-09-23 18:42:42.676289,41.29,43.209174,-0.0029847020175114316,-0.022833026512682618,0.09705279702197278,48.12595698684454,-96.25519929585457,84.22370748782159
2024-09-23 18:42:42.730623,41.29,43.209268,-0.0027359787006383035,-0.022982261414192504,0.09695331012558621,40.106058693909645,-104.27510100388527,84.22370748782159
2024-09-23 18:42:42.773431,41.29,43.20932,-0.0028354659767690416,-0.022982261414192504,0.09695331012558621,40.106058693909645,-104.27510100388527,64.16903547978401
2024-09-23 18:42:42.785047,41.29,43.20932,-0.0028354659767690416,-0.0228827638849692,0.09715228999426605,32.08287849390507,-104.27510100388527,64.16903547978401
2024-09-23 18:42:42.827282,41.29,43.209371,-0.0026862297461545674,-0.023827930413011865,0.09745075675933246,32.08287849390507,-100.26678939585686,68.18063240997792
2024-09-23 18:42:42.869408,41.29,43.209371,-0.0026862297461545674,-0.023827930413011865,0.09745075675933246,36.09446859390736,-104.27510100388527,68.18063240997792
2024-09-23 18:42:42.880685,41.29,43.209422,-0.002636491424507565,-0.023479709566915436,0.09745075675933246,36.09446859390736,-104.27510100388527,76.200527287817
2024-09-23 18:42:42.922764,41.29,43.209472,-0.002636491424507565,-0.023479709566915436,0.09690356060148622,36.09446859390736,-100.26678939585686,76.200527287817
2024-09-23 18:42:42.934282,41.29,43.209472,-0.0029847020175114316,-0.023479709566915436,0.09690356060148622,36.09446859390736,-100.26678939585686,76.200527287817
2024-09-23 18:42:42.966489,41.29,43.209472,-0.0029847020175114316,-0.02367869399252531,0.09725178296655933,36.09446859390736,-100.26678939585686,76.200527287817
2024-09-23 18:42:42.978146,41.29,43.20961,-0.0029847020175114316,-0.02367869399252531,0.09725178296655933,44.11764879391193,-92.24360919585227,76.200527287817
2024-09-23 18:42:43.021194,41.29,43.20961,-0.002288270198666964,-0.02303200030545576,0.09759999317981902,52.137550501942634,-92.24360919585227,76.200527287817
2024-09-23 18:42:43.032665,41.29,43.20961,-0.002288270198666964,-0.02303200030545576,0.09759999317981902,52.137550501942634,-92.24360919585227,80.21211738781929
2024-09-23 18:42:43.064666,41.29,43.209661,-0.0030344509719951677,-0.02303200030545576,0.09759999317981902,52.137550501942634,-92.24360919585227,80.21211738781929
2024-09-23 18:42:43.075965,41.29,43.209661,-0.0030344509719951677,-0.02352945757203875,0.0973015264147526,40.106058693909645,-96.25519929585457,80.21211738781929
2024-09-23 18:42:43.118690,41.29,43.209712,-0.0035816467500972456,-0.02338022115155219,0.0973015264147526,40.106058693909645,-96.25519929585457,76.200527287817
2024-09-23 18:42:43.131275,41.29,43.209712,-0.0035816467500972456,-0.02338022115155219,0.09695331012558621,32.08287849390507,-96.25519929585457,76.200527287817
2024-09-23 18:42:43.164180,41.29,43.209763,-0.0035816467500972456,-0.02338022115155219,0.09695331012558621,32.08287849390507,-100.26678939585686,76.200527287817
2024-09-23 18:42:43.175543,41.29,43.209763,-0.0030841997366068195,-0.023330473146428877,0.09695331012558621,32.08287849390507,-100.26678939585686,76.200527287817
2024-09-23 18:42:43.218953,41.29,43.209813,-0.002437506429281439,-0.023330473146428877,0.09695331012558621,32.08287849390507,-100.26678939585686,80.21211738781929
2024-09-23 18:42:43.261617,41.29,43.209813,-0.002437506429281439,-0.02352945757203875,0.09715228999426605,44.11764879391193,-100.26678939585686,80.21211738781929
2024-09-23 18:42:43.273390,41.29,43.209864,-0.002437506429281439,-0.02352945757203875,0.09715228999426605,44.11764879391193,-96.25519929585457,80.21211738781929
2024-09-23 18:42:43.306207,41.29,43.209864,-0.0030344509719951677,-0.02352945757203875,0.09715228999426605,44.11764879391193,-96.25519929585457,80.21211738781929
2024-09-23 18:42:43.358856,41.24,43.209864,-0.0030344509719951677,-0.023778180888911878,0.09710254654607277,56.14914060194492,-96.25519929585457,80.21211738781929
2024-09-23 18:42:43.370427,41.24,43.209951,-0.0030344509719951677,-0.023778180888911878,0.09710254654607277,56.14914060194492,-92.24360919585227,76.200527287817
2024-09-23 18:42:43.413977,41.24,43.209951,-0.0028852147413806935,-0.02367869399252531,0.0973015264147526,56.14914060194492,-92.24360919585227,80.21211738781929
2024-09-23 18:42:43.456371,41.24,43.210002,-0.0025369937054121774,-0.02313149783467906,0.0973015264147526,56.14914060194492,-92.24360919585227,80.21211738781929
2024-09-23 18:42:43.467751,41.24,43.210002,-0.0025369937054121774,-0.02313149783467906,0.09675432418099966,28.07457030097246,-92.24360919585227,80.21211738781929
2024-09-23 18:42:43.510314,41.24,43.210053,-0.0032831742888682963,-0.02352945757203875,0.09794820946898543,28.07457030097246,-92.24360919585227,80.21211738781929
2024-09-23 18:42:43.553988,41.24,43.210104,-0.0032831742888682963,-0.02352945757203875,0.09794820946898543,28.07457030097246,-96.25519929585457,72.1922225099802
2024-09-23 18:42:43.565407,41.24,43.210104,-0.002586742470023829,-0.02367869399252531,0.09715228999426605,28.07457030097246,-96.25519929585457,72.1922225099802
2024-09-23 18:42:43.607973,41.24,43.210197,-0.0026862297461545674,-0.023280723622328886,0.09715228999426605,68.18063240997792,-96.25519929585457,72.1922225099802
2024-09-23 18:42:43.650122,41.24,43.210197,-0.0026862297461545674,-0.023280723622328886,0.0970030596496862,56.14914060194492,-96.25519929585457,72.1922225099802
2024-09-23 18:42:43.661479,41.24,43.210247,-0.0025369937054121774,-0.023280723622328886,0.0970030596496862,56.14914060194492,-104.27510100388527,68.18063240997792
2024-09-23 18:42:43.704283,41.24,43.210247,-0.0025369937054121774,-0.02303200030545576,0.09710254654607277,48.12595698684454,-92.24360919585227,80.21211738781929
2024-09-23 18:42:43.716444,41.24,43.210341,-0.0025369937054121774,-0.02303200030545576,0.09710254654607277,48.12595698684454,-92.24360919585227,80.21211738781929
2024-09-23 18:42:43.748738,41.24,43.210341,-0.002586742470023829,-0.02303200030545576,0.09710254654607277,48.12595698684454,-92.24360919585227,80.21211738781929
2024-09-23 18:42:43.802579,41.24,43.210341,-0.002586742470023829,-0.023479709566915436,0.09794820946898543,56.14914060194492,-92.24360919585227,80.21211738781929
2024-09-23 18:42:43.815360,41.24,43.210392,-0.002586742470023829,-0.023479709566915436,0.09794820946898543,56.14914060194492,-92.24360919585227,80.21211738781929
2024-09-23 18:42:43.847304,41.24,43.210392,-0.0026862297461545674,-0.023579196463302005,0.09794820946898543,56.14914060194492,-92.24360919585227,80.21211738781929
2024-09-23 18:42:43.900914,41.24,43.210443,-0.003233425524256645,-0.023579196463302005,0.09715228999426605,52.137550501942634,-92.24360919585227,80.21211738781929
2024-09-23 18:42:43.944519,41.24,43.210443,-0.003233425524256645,-0.02293251340906919,0.09715228999426605,32.08287849390507,-92.24360919585227,80.21211738781929
2024-09-23 18:42:43.956241,41.24,43.210494,-0.003233425524256645,-0.02293251340906919,0.09715228999426605,32.08287849390507,-100.26678939585686,76.200527287817
2024-09-23 18:42:43.988625,41.24,43.210494,-0.0031339382481259063,-0.02293251340906919,0.09715228999426605,32.08287849390507,-100.26678939585686,76.200527287817
2024-09-23 18:42:44.000404,41.24,43.210494,-0.0031339382481259063,-0.023479709566915436,0.09720203344245934,32.08287849390507,-100.26678939585686,80.21211738781929
2024-09-23 18:42:44.044683,41.24,43.210544,-0.002586742470023829,-0.02268379009219606,0.0973512698629459,32.08287849390507,-100.26678939585686,80.21211738781929
2024-09-23 18:42:44.056815,41.24,43.210544,-0.002586742470023829,-0.02268379009219606,0.0973512698629459,48.12595698684454,-92.24360919585227,80.21211738781929
2024-09-23 18:42:44.090295,41.24,43.210636,-0.0025369937054121774,-0.02268379009219606,0.0973512698629459,48.12595698684454,-92.24360919585227,76.200527287817
2024-09-23 18:42:44.101822,41.24,43.210636,-0.0025369937054121774,-0.02352945757203875,0.09720203344245934,44.11764879391193,-92.24360919585227,76.200527287817
2024-09-23 18:42:44.144154,41.24,43.210733,-0.002636491424507565,-0.023579196463302005,0.0970030596496862,44.11764879391193,-88.23529758782387,80.21211738781929
2024-09-23 18:42:44.186813,41.24,43.210733,-0.002636491424507565,-0.023579196463302005,0.0970030596496862,52.137550501942634,-96.25519929585457,80.21211738781929
2024-09-23 18:42:44.198903,41.24,43.210783,-0.0031339382481259063,-0.02308174982955575,0.0970030596496862,52.137550501942634,-96.25519929585457,76.200527287817
2024-09-23 18:42:44.242445,41.24,43.210834,-0.0030841997366068195,-0.02308174982955575,0.0976994861521123,32.08287849390507,-88.23529758782387,84.22370748782159
2024-09-23 18:42:44.285342,41.24,43.210834,-0.0030841997366068195,-0.02367869399252531,0.09750050628343246,40.106058693909645,-88.23529758782387,84.22370748782159
2024-09-23 18:42:44.297266,41.24,43.210834,-0.0030841997366068195,-0.02367869399252531,0.09750050628343246,40.106058693909645,-92.24360919585227,80.21211738781929
2024-09-23 18:42:44.329832,41.24,43.210926,-0.0030841997366068195,-0.02367869399252531,0.09750050628343246,40.106058693909645,-92.24360919585227,80.21211738781929
2024-09-23 18:42:44.382959,41.32,43.210926,-0.0029349636958644295,-0.023479709566915436,0.09784872257259886,40.106058693909645,-92.24360919585227,80.21211738781929
2024-09-23 18:42:44.394214,41.32,43.210926,-0.0029349636958644295,-0.023479709566915436,0.09784872257259886,52.137550501942634,-92.24360919585227,80.21211738781929
2024-09-23 18:42:44.437221,41.32,43.210977,-0.0025369937054121774,-0.023579196463302005,0.09705279702197278,40.106058693909645,-92.24360919585227,80.21211738781929
2024-09-23 18:42:44.480588,41.32,43.211029,-0.0025369937054121774,-0.023579196463302005,0.09705279702197278,40.106058693909645,-96.25519929585457,80.21211738781929
2024-09-23 18:42:44.492380,41.32,43.211029,-0.0029349636958644295,-0.02352945757203875,0.09720203344245934,40.106058693909645,-96.25519929585457,80.21211738781929
2024-09-23 18:42:44.524485,41.32,43.211029,-0.0029349636958644295,-0.02352945757203875,0.09720203344245934,44.11764879391193,-96.25519929585457,80.21211738781929
2024-09-23 18:42:44.535958,41.32,43.211079,-0.002288270198666964,-0.02293251340906919,0.09720203344245934,44.11764879391193,-100.26678939585686,76.200527287817
2024-09-23 18:42:44.578094,41.32,43.211079,-0.002288270198666964,-0.02293251340906919,0.09759999317981902,48.12595698684454,-92.24360919585227,76.200527287817
2024-09-23 18:42:44.589962,41.32,43.21113,-0.0028354659767690416,-0.02293251340906919,0.09759999317981902,48.12595698684454,-92.24360919585227,80.21211738781929
2024-09-23 18:42:44.623255,41.32,43.21113,-0.0028354659767690416,-0.02338022115155219,0.09759999317981902,48.12595698684454,-92.24360919585227,80.21211738781929
2024-09-23 18:42:44.634872,41.32,43.211222,-0.0028354659767690416,-0.02338022115155219,0.09680407370509965,52.137550501942634,-88.23529758782387,80.21211738781929
2024-09-23 18:42:44.677465,41.32,43.211222,-0.0030841997366068195,-0.023579196463302005,0.0970030596496862,32.08287849390507,-96.25519929585457,80.21211738781929
2024-09-23 18:42:44.689652,41.32,43.211222,-0.0030841997366068195,-0.023579196463302005,0.0970030596496862,32.08287849390507,-96.25519929585457,76.200527287817
2024-09-23 18:42:44.722160,41.32,43.211316,-0.002785727465249955,-0.023579196463302005,0.0970030596496862,32.08287849390507,-96.25519929585457,76.200527287817
2024-09-23 18:42:44.734177,41.32,43.211316,-0.002785727465249955,-0.023479709566915436,0.09740101331113918,36.09446859390736,-96.25519929585457,76.200527287817
2024-09-23 18:42:44.776058,41.32,43.211368,-0.0024872551938930902,-0.02352945757203875,0.09705279702197278,36.09446859390736,-96.25519929585457,76.200527287817
2024-09-23 18:42:44.787740,41.32,43.211368,-0.0024872551938930902,-0.02352945757203875,0.09705279702197278,36.09446859390736,-96.25519929585457,76.200527287817
2024-09-23 18:42:44.819229,41.32,43.211368,-0.0024872551938930902,-0.02352945757203875,0.09705279702197278,36.09446859390736,-92.24360919585227,72.1922225099802
2024-09-23 18:42:44.830549,41.32,43.211418,-0.0026862297461545674,-0.023330473146428877,0.09680407370509965,36.09446859390736,-92.24360919585227,72.1922225099802
2024-09-23 18:42:44.873156,41.32,43.211418,-0.0026862297461545674,-0.023330473146428877,0.09680407370509965,52.137550501942634,-92.24360919585227,72.1922225099802
2024-09-23 18:42:44.915031,41.32,43.211469,-0.0026862297461545674,-0.023330473146428877,0.09680407370509965,52.137550501942634,-92.24360919585227,72.1922225099802
2024-09-23 18:42:44.926274,41.32,43.211469,-0.0026862297461545674,-0.023181236725942318,0.09690356060148622,36.09446859390736,-96.25519929585457,72.1922225099802
2024-09-23 18:42:44.969005,41.32,43.21152,-0.0028852147413806935,-0.023181236725942318,0.09690356060148622,36.09446859390736,-96.25519929585457,80.21211738781929
2024-09-23 18:42:44.980560,41.32,43.21152,-0.0028852147413806935,-0.023330473146428877,0.09710254654607277,36.09446859390736,-96.25519929585457,80.21211738781929
2024-09-23 18:42:45.012645,41.32,43.21152,-0.0028852147413806935,-0.023330473146428877,0.09710254654607277,36.09446859390736,-96.25519929585457,80.21211738781929
2024-09-23 18:42:45.023650,41.32,43.211608,-0.002387757474797703,-0.02338022115155219,0.09690356060148622,36.09446859390736,-96.25519929585457,80.21211738781929
2024-09-23 18:42:45.066607,41.32,43.211608,-0.002387757474797703,-0.02338022115155219,0.09690356060148622,28.07457030097246,-100.26678939585686,76.200527287817
2024-09-23 18:42:45.077787,41.32,43.21166,-0.002636491424507565,-0.023230986250042305,0.09690356060148622,28.07457030097246,-100.26678939585686,76.200527287817
2024-09-23 18:42:45.112604,41.32,43.21166,-0.002636491424507565,-0.023230986250042305,0.0970030596496862,28.07457030097246,-100.26678939585686,76.200527287817
2024-09-23 18:42:45.124099,41.32,43.211711,-0.002636491424507565,-0.023230986250042305,0.0970030596496862,24.06297849342227,-100.26678939585686,76.200527287817
2024-09-23 18:42:45.166693,41.32,43.211711,-0.002636491424507565,-0.023181236725942318,0.09745075675933246,48.12595698684454,-96.25519929585457,80.21211738781929
2024-09-23 18:42:45.178420,41.32,43.211803,-0.002636491424507565,-0.023181236725942318,0.09745075675933246,48.12595698684454,-96.25519929585457,80.21211738781929
2024-09-23 18:42:45.212152,41.32,43.211803,-0.0029349636958644295,-0.02308174982955575,0.09715228999426605,48.12595698684454,-96.25519929585457,80.21211738781929
2024-09-23 18:42:45.223400,41.32,43.211803,-0.0029349636958644295,-0.02308174982955575,0.09715228999426605,52.137550501942634,-100.26678939585686,72.1922225099802
2024-09-23 18:42:45.266302,41.32,43.211855,-0.0028852147413806935,-0.023877669304275123,0.09710254654607277,48.12595698684454,-84.22370748782159,72.1922225099802
2024-09-23 18:42:45.310141,41.32,43.211906,-0.002586742470023829,-0.023181236725942318,0.09710254654607277,48.12595698684454,-84.22370748782159,84.22370748782159
2024-09-23 18:42:45.322198,41.32,43.211906,-0.002586742470023829,-0.023181236725942318,0.09685382322919964,48.12595698684454,-84.22370748782159,84.22370748782159
2024-09-23 18:42:45.406377,41.61,43.211956,-0.002586742470023829,-0.023181236725942318,0.09685382322919964,48.12595698684454,-92.24360919585227,72.1922225099802
2024-09-23 18:42:45.418025,41.61,43.211956,-0.0031339382481259063,-0.023181236725942318,0.09685382322919964,48.12595698684454,-92.24360919585227,72.1922225099802
2024-09-23 18:42:45.460761,41.61,43.212007,-0.0031339382481259063,-0.023181236725942318,0.09740101331113918,44.11764879391193,-104.27510100388527,76.200527287817
2024-09-23 18:42:45.503759,41.61,43.212007,-0.002785727465249955,-0.023230986250042305,0.09645586349183995,44.11764879391193,-104.27510100388527,76.200527287817
2024-09-23 18:42:45.515461,41.61,43.212007,-0.002785727465249955,-0.023230986250042305,0.09645586349183995,32.08287849390507,-100.26678939585686,76.200527287817
2024-09-23 18:42:45.557864,41.61,43.212058,-0.002586742470023829,-0.023230986250042305,0.09725178296655933,44.11764879391193,-104.27510100388527,76.200527287817
2024-09-23 18:42:45.601309,41.61,43.212145,-0.002785727465249955,-0.023230986250042305,0.09725178296655933,44.11764879391193,-104.27510100388527,76.200527287817
2024-09-23 18:42:45.612716,41.61,43.212145,-0.002785727465249955,-0.023280723622328886,0.09720203344245934,56.14914060194492,-104.27510100388527,76.200527287817
2024-09-23 18:42:45.655427,41.61,43.212243,-0.0028354659767690416,-0.023479709566915436,0.09675432418099966,56.14914060194492,-92.24360919585227,72.1922225099802
2024-09-23 18:42:45.697339,41.61,43.212243,-0.0028354659767690416,-0.023479709566915436,0.09675432418099966,52.137550501942634,-92.24360919585227,72.1922225099802
2024-09-23 18:42:45.709593,41.61,43.212294,-0.0030841997366068195,-0.023181236725942318,0.09675432418099966,52.137550501942634,-92.24360919585227,76.200527287817
2024-09-23 18:42:45.752972,41.61,43.212345,-0.0024872551938930902,-0.023181236725942318,0.09650560086412653,40.106058693909645,-92.24360919585227,76.200527287817
2024-09-23 18:42:45.796036,41.61,43.212345,-0.0024872551938930902,-0.02352945757203875,0.0966050877605131,32.08287849390507,-92.24360919585227,76.200527287817
2024-09-23 18:42:45.807601,41.61,43.212437,-0.0024872551938930902,-0.02352945757203875,0.0966050877605131,32.08287849390507,-96.25519929585457,80.21211738781929
2024-09-23 18:42:45.851119,41.61,43.212437,-0.002437506429281439,-0.02293251340906919,0.0966050877605131,32.08287849390507,-96.25519929585457,80.21211738781929
2024-09-23 18:42:45.894628,41.61,43.212437,-0.002437506429281439,-0.02293251340906919,0.09710254654607277,44.11764879391193,-96.25519929585457,80.21211738781929
2024-09-23 18:42:45.906201,41.61,43.212489,-0.0029847020175114316,-0.02293251340906919,0.09710254654607277,44.11764879391193,-96.25519929585457,80.21211738781929
2024-09-23 18:42:45.948956,41.61,43.212539,-0.0029847020175114316,-0.023230986250042305,0.09715228999426605,44.11764879391193,-96.25519929585457,84.22370748782159
2024-09-23 18:42:45.993031,41.61,43.212539,-0.003382661564999035,-0.02303200030545576,0.09705279702197278,40.106058693909645,-96.25519929585457,84.22370748782159
2024-09-23 18:42:46.004972,41.61,43.212539,-0.003382661564999035,-0.02303200030545576,0.09705279702197278,40.106058693909645,-96.25519929585457,76.200527287817
2024-09-23 18:42:46.038583,41.61,43.21259,-0.0028354659767690416,-0.02303200030545576,0.09705279702197278,40.106058693909645,-96.25519929585457,76.200527287817
2024-09-23 18:42:46.050305,41.61,43.21259,-0.0028354659767690416,-0.023330473146428877,0.0973512698629459,56.14914060194492,-92.24360919585227,76.200527287817
2024-09-23 18:42:46.093046,41.61,43.212641,-0.002636491424507565,-0.023330473146428877,0.09665483728461309,56.14914060194492,-92.24360919585227,76.200527287817
2024-09-23 18:42:46.105072,41.61,43.212641,-0.002636491424507565,-0.023330473146428877,0.09665483728461309,48.12595698684454,-92.24360919585227,76.200527287817
2024-09-23 18:42:46.136855,41.61,43.212641,-0.002636491424507565,-0.023330473146428877,0.09665483728461309,48.12595698684454,-96.25519929585457,76.200527287817
2024-09-23 18:42:46.148237,41.61,43.212731,-0.002437506429281439,-0.023728432883788564,0.0973015264147526,48.12595698684454,-96.25519929585457,76.200527287817
2024-09-23 18:42:46.190951,41.61,43.212782,-0.0029847020175114316,-0.02308174982955575,0.0973015264147526,32.08287849390507,-96.25519929585457,72.1922225099802
2024-09-23 18:42:46.234592,41.61,43.212782,-0.0029847020175114316,-0.02308174982955575,0.09695331012558621,28.07457030097246,-92.24360919585227,72.1922225099802
2024-09-23 18:42:46.245702,41.61,43.212833,-0.0031339382481259063,-0.02308174982955575,0.09695331012558621,28.07457030097246,-92.24360919585227,80.21211738781929
2024-09-23 18:42:46.287874,41.61,43.212925,-0.0031339382481259063,-0.023280723622328886,0.0973512698629459,48.12595698684454,-100.26678939585686,80.21211738781929
2024-09-23 18:42:46.330248,41.61,43.212925,-0.0033329230534799477,-0.02308174982955575,0.0973512698629459,48.12595698684454,-100.26678939585686,80.21211738781929
2024-09-23 18:42:46.342511,41.61,43.212925,-0.0033329230534799477,-0.02308174982955575,0.09710254654607277,40.106058693909645,-96.25519929585457,76.200527287817
2024-09-23 18:42:46.385084,41.61,43.212976,-0.0026862297461545674,-0.02308174982955575,0.09710254654607277,40.106058693909645,-96.25519929585457,76.200527287817
2024-09-23 18:42:46.427599,41.72,43.212976,-0.0026862297461545674,-0.02303200030545576,0.09740101331113918,40.106058693909645,-96.25519929585457,76.200527287817
2024-09-23 18:42:46.439110,41.72,43.213027,-0.0026862297461545674,-0.02303200030545576,0.09740101331113918,48.12595698684454,-96.25519929585457,80.21211738781929
2024-09-23 18:42:46.482558,41.72,43.213027,-0.0019400594157910128,-0.02338022115155219,0.09720203344245934,56.14914060194492,-96.25519929585457,80.21211738781929
2024-09-23 18:42:46.494385,41.72,43.213027,-0.0019400594157910128,-0.02338022115155219,0.09720203344245934,56.14914060194492,-96.25519929585457,76.200527287817
2024-09-23 18:42:46.526656,41.72,43.213078,-0.0029349636958644295,-0.02338022115155219,0.09720203344245934,56.14914060194492,-96.25519929585457,76.200527287817
2024-09-23 18:42:46.538118,41.72,43.213078,-0.0029349636958644295,-0.02303200030545576,0.09695331012558621,40.106058693909645,-96.25519929585457,76.200527287817
2024-09-23 18:42:46.581117,41.72,43.213128,-0.0028354659767690416,-0.023429960042815445,0.09670458680871308,32.08287849390507,-96.25519929585457,72.1922225099802
2024-09-23 18:42:46.623677,41.72,43.213128,-0.0028354659767690416,-0.023429960042815445,0.09670458680871308,32.08287849390507,-96.25519929585457,84.22370748782159
2024-09-23 18:42:46.635165,41.72,43.213179,-0.0027359787006383035,-0.02313149783467906,0.0973015264147526,32.08287849390507,-96.25519929585457,84.22370748782159
2024-09-23 18:42:46.677885,41.72,43.213268,-0.0028354659767690416,-0.02308174982955575,0.0973015264147526,32.08287849390507,-96.25519929585457,84.22370748782159
2024-09-23 18:42:46.720440,41.72,43.213268,-0.0028354659767690416,-0.02308174982955575,0.0970030596496862,40.106058693909645,-96.25519929585457,84.22370748782159
2024-09-23 18:42:46.733079,41.72,43.213319,-0.002387757474797703,-0.02308174982955575,0.0970030596496862,40.106058693909645,-100.26678939585686,76.200527287817
2024-09-23 18:42:46.776543,41.72,43.213412,-0.002387757474797703,-0.023479709566915436,0.09715228999426605,56.14914060194492,-96.25519929585457,84.22370748782159
2024-09-23 18:42:46.818649,41.72,43.213412,-0.0025369937054121774,-0.023479709566915436,0.09715228999426605,56.14914060194492,-96.25519929585457,84.22370748782159
2024-09-23 18:42:46.829822,41.72,43.213412,-0.0025369937054121774,-0.023479709566915436,0.09720203344245934,36.09446859390736,-92.24360919585227,80.21211738781929
2024-09-23 18:42:46.873264,41.72,43.213464,-0.002636491424507565,-0.023330473146428877,0.0966050877605131,40.106058693909645,-96.25519929585457,80.21211738781929
2024-09-23 18:42:46.915446,41.72,43.213514,-0.002636491424507565,-0.023330473146428877,0.0966050877605131,40.106058693909645,-96.25519929585457,76.200527287817
2024-09-23 18:42:46.927149,41.72,43.213514,-0.0029847020175114316,-0.02352945757203875,0.09685382322919964,36.09446859390736,-96.25519929585457,76.200527287817
2024-09-23 18:42:46.969566,41.72,43.213514,-0.0029847020175114316,-0.02352945757203875,0.09685382322919964,36.09446859390736,-80.21211738781929,76.200527287817
2024-09-23 18:42:47.013408,41.72,43.213565,-0.0029847020175114316,-0.02352945757203875,0.09685382322919964,36.09446859390736,-80.21211738781929,88.23529758782387
2024-09-23 18:42:47.025558,41.72,43.213565,-0.0029349636958644295,-0.02338022115155219,0.09774922960030558,32.08287849390507,-80.21211738781929,88.23529758782387
2024-09-23 18:42:47.069074,41.72,43.213616,-0.0026862297461545674,-0.023728432883788564,0.09720203344245934,32.08287849390507,-96.25519929585457,84.22370748782159
2024-09-23 18:42:47.112489,41.72,43.213616,-0.0026862297461545674,-0.023728432883788564,0.09720203344245934,32.08287849390507,-96.25519929585457,80.21211738781929
2024-09-23 18:42:47.124180,41.72,43.213666,-0.0034324103296106863,-0.022982261414192504,0.09720203344245934,32.08287849390507,-96.25519929585457,80.21211738781929
2024-09-23 18:42:47.167077,41.72,43.213753,-0.0032831742888682963,-0.022982261414192504,0.09720203344245934,44.11764879391193,-92.24360919585227,76.200527287817
2024-09-23 18:42:47.208713,41.72,43.213753,-0.0032831742888682963,-0.023579196463302005,0.09670458680871308,44.11764879391193,-92.24360919585227,76.200527287817
2024-09-23 18:42:47.219794,41.72,43.213851,-0.0032831742888682963,-0.023579196463302005,0.09670458680871308,48.12595698684454,-92.24360919585227,84.22370748782159
2024-09-23 18:42:47.263195,41.72,43.213851,-0.0029847020175114316,-0.023181236725942318,0.09784872257259886,104.27510100388527,-84.22370748782159,80.21211738781929
2024-09-23 18:42:47.305901,41.72,43.213902,-0.0027359787006383035,-0.023181236725942318,0.09784872257259886,104.27510100388527,-84.22370748782159,80.21211738781929
2024-09-23 18:42:47.317718,41.72,43.213902,-0.0027359787006383035,-0.023280723622328886,0.09620712802315341,60.15744537978172,-92.24360919585227,80.21211738781929
2024-09-23 18:42:47.360682,41.72,43.213953,-0.002636491424507565,-0.02362894446842532,0.09670458680871308,-8.019899146708847,-92.24360919585227,76.200527287817
2024-09-23 18:42:47.405230,41.72,43.214004,-0.002636491424507565,-0.02362894446842532,0.09670458680871308,-8.019899146708847,-100.26678939585686,76.200527287817
2024-09-23 18:42:47.459110,41.59,43.214004,-0.002636491424507565,-0.02367869399252531,0.09695331012558621,-20.05138839341998,-96.25519929585457,76.200527287817
2024-09-23 18:42:47.552868,41.59,43.214054,-0.0027359787006383035,-0.023330473146428877,0.0973015264147526,-20.05138839341998,-96.25519929585457,76.200527287817
2024-09-23 18:42:47.564695,41.59,43.214054,-0.0027359787006383035,-0.023330473146428877,0.0973015264147526,56.14914060194492,-100.26678939585686,76.200527287817
2024-09-23 18:42:47.598517,41.59,43.214105,-0.0027359787006383035,-0.023330473146428877,0.0973015264147526,56.14914060194492,-100.26678939585686,76.200527287817
2024-09-23 18:42:47.609749,41.59,43.214105,-0.0025369937054121774,-0.023479709566915436,0.09750050628343246,60.15744537978172,-100.26678939585686,76.200527287817
2024-09-23 18:42:47.652192,41.59,43.214192,-0.002785727465249955,-0.023181236725942318,0.09750050628343246,60.15744537978172,-96.25519929585457,80.21211738781929
2024-09-23 18:42:47.664724,41.59,43.214192,-0.002785727465249955,-0.023181236725942318,0.09650560086412653,60.15744537978172,-96.25519929585457,80.21211738781929
2024-09-23 18:42:47.697745,41.59,43.214192,-0.002785727465249955,-0.023181236725942318,0.09650560086412653,48.12595698684454,-100.26678939585686,80.21211738781929
2024-09-23 18:42:47.709442,41.59,43.214243,-0.0031339382481259063,-0.023429960042815445,0.09650560086412653,48.12595698684454,-100.26678939585686,80.21211738781929
2024-09-23 18:42:47.751559,41.59,43.214294,-0.0032831742888682963,-0.023429960042815445,0.09705279702197278,28.07457030097246,-92.24360919585227,72.1922225099802
2024-09-23 18:42:47.793787,41.59,43.214294,-0.0032831742888682963,-0.023230986250042305,0.09755024973162574,28.07457030097246,-92.24360919585227,72.1922225099802
2024-09-23 18:42:47.805778,41.59,43.214436,-0.0032831742888682963,-0.023230986250042305,0.09755024973162574,32.08287849390507,-88.23529758782387,76.200527287817
2024-09-23 18:42:47.848265,41.59,43.214436,-0.0025369937054121774,-0.023479709566915436,0.0973015264147526,-32.08287849390507,-104.27510100388527,76.200527287817
2024-09-23 18:42:47.859740,41.59,43.214436,-0.0025369937054121774,-0.023479709566915436,0.0973015264147526,-32.08287849390507,-104.27510100388527,80.21211738781929
2024-09-23 18:42:47.892183,41.59,43.214487,-0.0023380189632786156,-0.022833026512682618,0.0973015264147526,-32.08287849390507,-104.27510100388527,80.21211738781929
2024-09-23 18:42:47.903899,41.59,43.214487,-0.0023380189632786156,-0.022833026512682618,0.09750050628343246,0.0,-104.27510100388527,80.21211738781929
2024-09-23 18:42:47.947732,41.59,43.214538,-0.0027359787006383035,-0.023280723622328886,0.09784872257259886,36.09446859390736,-104.27510100388527,80.21211738781929
2024-09-23 18:42:47.990897,41.59,43.214589,-0.0027359787006383035,-0.023280723622328886,0.09784872257259886,36.09446859390736,-104.27510100388527,80.21211738781929
2024-09-23 18:42:48.002423,41.59,43.214589,-0.0031836870127375577,-0.02293251340906919,0.09640611396773996,36.09446859390736,-104.27510100388527,80.21211738781929
2024-09-23 18:42:48.045152,41.59,43.214589,-0.0031836870127375577,-0.02293251340906919,0.09640611396773996,64.16903547978401,-104.27510100388527,80.21211738781929
2024-09-23 18:42:48.088026,41.59,43.21464,-0.0031836870127375577,-0.02293251340906919,0.09640611396773996,64.16903547978401,-92.24360919585227,76.200527287817
2024-09-23 18:42:48.099469,41.59,43.21464,-0.0029847020175114316,-0.023579196463302005,0.09640611396773996,64.16903547978401,-92.24360919585227,76.200527287817
2024-09-23 18:42:48.142321,41.59,43.21464,-0.0029847020175114316,-0.023579196463302005,0.09680407370509965,64.16903547978401,-92.24360919585227,76.200527287817
2024-09-23 18:42:48.185039,41.59,43.21464,-0.0029847020175114316,-0.023579196463302005,0.09680407370509965,40.106058693909645,-92.24360919585227,76.200527287817
2024-09-23 18:42:48.196572,41.59,43.21469,-0.0028852147413806935,-0.023579196463302005,0.09680407370509965,40.106058693909645,-92.24360919585227,76.200527287817
2024-09-23 18:42:48.239119,41.59,43.214777,-0.002636491424507565,-0.023579196463302005,0.09685382322919964,24.06297849342227,-96.25519929585457,80.21211738781929
2024-09-23 18:42:48.282747,41.59,43.214777,-0.002636491424507565,-0.02367869399252531,0.09705279702197278,32.08287849390507,-96.25519929585457,80.21211738781929
2024-09-23 18:42:48.293942,41.59,43.214829,-0.002636491424507565,-0.02367869399252531,0.09705279702197278,32.08287849390507,-96.25519929585457,80.21211738781929
2024-09-23 18:42:48.336925,41.59,43.214829,-0.002636491424507565,-0.023230986250042305,0.09779897304849887,40.106058693909645,-96.25519929585457,76.200527287817
2024-09-23 18:42:48.379834,41.59,43.214924,-0.0028354659767690416,-0.023230986250042305,0.09779897304849887,40.106058693909645,-96.25519929585457,76.200527287817
2024-09-23 18:42:48.391413,41.59,43.214924,-0.0028354659767690416,-0.023230986250042305,0.09685382322919964,44.11764879391193,-96.25519929585457,76.200527287817
2024-09-23 18:42:48.433933,41.59,43.215022,-0.0029847020175114316,-0.023230986250042305,0.09685382322919964,44.11764879391193,-96.25519929585457,80.21211738781929
2024-09-23 18:42:48.477030,41.31,43.215022,-0.0029847020175114316,-0.023429960042815445,0.09705279702197278,24.06297849342227,-96.25519929585457,80.21211738781929
2024-09-23 18:42:48.488897,41.31,43.215073,-0.0029847020175114316,-0.023429960042815445,0.09705279702197278,24.06297849342227,-96.25519929585457,72.1922225099802
2024-09-23 18:42:48.531428,41.31,43.215073,-0.0028852147413806935,-0.02313149783467906,0.0973015264147526,32.08287849390507,-92.24360919585227,76.200527287817
2024-09-23 18:42:48.574798,41.31,43.215124,-0.0028852147413806935,-0.02352945757203875,0.0973015264147526,32.08287849390507,-92.24360919585227,76.200527287817
2024-09-23 18:42:48.586417,41.31,43.215124,-0.0028852147413806935,-0.02352945757203875,0.09690356060148622,40.106058693909645,-96.25519929585457,76.200527287817
2024-09-23 18:42:48.629176,41.31,43.215174,-0.0027359787006383035,-0.023330473146428877,0.09685382322919964,40.106058693909645,-96.25519929585457,80.21211738781929
2024-09-23 18:42:48.671562,41.31,43.215174,-0.0027359787006383035,-0.023330473146428877,0.09685382322919964,48.12595698684454,-96.25519929585457,80.21211738781929
2024-09-23 18:42:48.683036,41.31,43.215265,-0.002785727465249955,-0.023429960042815445,0.09685382322919964,48.12595698684454,-96.25519929585457,76.200527287817
2024-09-23 18:42:48.726392,41.31,43.215316,-0.003482159473966507,-0.023429960042815445,0.09715228999426605,44.11764879391193,-96.25519929585457,76.200527287817
2024-09-23 18:42:48.768644,41.31,43.215316,-0.003482159473966507,-0.023280723622328886,0.09755024973162574,44.11764879391193,-96.25519929585457,76.200527287817
2024-09-23 18:42:48.779665,41.31,43.215367,-0.003482159473966507,-0.023280723622328886,0.09755024973162574,44.11764879391193,-92.24360919585227,72.1922225099802
2024-09-23 18:42:48.822157,41.31,43.215367,-0.0029847020175114316,-0.02362894446842532,0.09710254654607277,32.08287849390507,-92.24360919585227,72.1922225099802
2024-09-23 18:42:48.834077,41.31,43.215367,-0.0029847020175114316,-0.02362894446842532,0.09710254654607277,32.08287849390507,-92.24360919585227,76.200527287817
2024-09-23 18:42:48.866209,41.31,43.21546,-0.0027359787006383035,-0.02362894446842532,0.09710254654607277,32.08287849390507,-92.24360919585227,76.200527287817
2024-09-23 18:42:48.878028,41.31,43.21546,-0.0027359787006383035,-0.023429960042815445,0.09725178296655933,28.07457030097246,-96.25519929585457,76.200527287817
2024-09-23 18:42:48.920701,41.31,43.215511,-0.002288270198666964,-0.02308174982955575,0.098047696365372,28.07457030097246,-96.25519929585457,84.22370748782159
2024-09-23 18:42:48.963037,41.31,43.215511,-0.002288270198666964,-0.02308174982955575,0.098047696365372,28.07457030097246,-100.26678939585686,76.200527287817
2024-09-23 18:42:48.974738,41.31,43.215562,-0.0027359787006383035,-0.02352945757203875,0.09690356060148622,28.07457030097246,-100.26678939585686,76.200527287817
2024-09-23 18:42:49.017465,41.31,43.215613,-0.0026862297461545674,-0.02293251340906919,0.09690356060148622,44.11764879391193,-96.25519929585457,76.200527287817
2024-09-23 18:42:49.060423,41.31,43.215613,-0.0026862297461545674,-0.02293251340906919,0.09745075675933246,48.12595698684454,-96.25519929585457,76.200527287817
2024-09-23 18:42:49.071767,41.31,43.215663,-0.0028354659767690416,-0.02293251340906919,0.09745075675933246,48.12595698684454,-92.24360919585227,76.200527287817
2024-09-23 18:42:49.115500,41.31,43.215752,-0.0028354659767690416,-0.0228827638849692,0.09720203344245934,48.12595698684454,-88.23529758782387,76.200527287817
2024-09-23 18:42:49.158088,41.31,43.215752,-0.0028852147413806935,-0.023579196463302005,0.09720203344245934,48.12595698684454,-88.23529758782387,76.200527287817
2024-09-23 18:42:49.169263,41.31,43.215752,-0.0028852147413806935,-0.023579196463302005,0.09640611396773996,32.08287849390507,-100.26678939585686,72.1922225099802
2024-09-23 18:42:49.211403,41.31,43.215804,-0.0028354659767690416,-0.023230986250042305,0.09720203344245934,32.08287849390507,-100.26678939585686,72.1922225099802
2024-09-23 18:42:49.222816,41.31,43.215804,-0.0028354659767690416,-0.023230986250042305,0.09720203344245934,28.07457030097246,-104.27510100388527,72.1922225099802
2024-09-23 18:42:49.255803,41.31,43.215854,-0.0028354659767690416,-0.023230986250042305,0.09720203344245934,28.07457030097246,-104.27510100388527,72.1922225099802
2024-09-23 18:42:49.267007,41.31,43.215854,-0.0028354659767690416,-0.023728432883788564,0.09680407370509965,36.09446859390736,-104.27510100388527,72.1922225099802
2024-09-23 18:42:49.309625,41.31,43.215905,-0.002387757474797703,-0.023778180888911878,0.09680407370509965,36.09446859390736,-100.26678939585686,72.1922225099802
2024-09-23 18:42:49.321685,41.31,43.215905,-0.002387757474797703,-0.023778180888911878,0.09764974270391902,36.09446859390736,-100.26678939585686,72.1922225099802
2024-09-23 18:42:49.355048,41.31,43.215905,-0.002387757474797703,-0.023778180888911878,0.09764974270391902,40.106058693909645,-100.26678939585686,68.18063240997792
2024-09-23 18:42:49.366256,41.31,43.215956,-0.002636491424507565,-0.023181236725942318,0.09764974270391902,40.106058693909645,-100.26678939585686,68.18063240997792
2024-09-23 18:42:49.408035,41.31,43.216006,-0.0030841997366068195,-0.023181236725942318,0.09710254654607277,44.11764879391193,-92.24360919585227,72.1922225099802
2024-09-23 18:42:49.450661,41.31,43.216006,-0.0030841997366068195,-0.023579196463302005,0.09715228999426605,44.11764879391193,-92.24360919585227,72.1922225099802
2024-09-23 18:42:49.462679,41.31,43.216006,-0.0030841997366068195,-0.023579196463302005,0.09715228999426605,52.137550501942634,-84.22370748782159,72.1922225099802
2024-09-23 18:42:49.506464,41.22,43.216093,-0.0026862297461545674,-0.023330473146428877,0.09690356060148622,52.137550501942634,-84.22370748782159,76.200527287817
2024-09-23 18:42:49.518206,41.22,43.216093,-0.0026862297461545674,-0.023330473146428877,0.09690356060148622,40.106058693909645,-84.22370748782159,76.200527287817
2024-09-23 18:42:49.602575,41.22,43.216145,-0.0027359787006383035,-0.02293251340906919,0.09690356060148622,40.106058693909645,-96.25519929585457,76.200527287817
2024-09-23 18:42:49.614697,41.22,43.216145,-0.0027359787006383035,-0.02293251340906919,0.09665483728461309,40.106058693909645,-96.25519929585457,76.200527287817
2024-09-23 18:42:49.647957,41.22,43.216145,-0.0027359787006383035,-0.02293251340906919,0.09665483728461309,40.106058693909645,-96.25519929585457,76.200527287817
2024-09-23 18:42:49.659051,41.22,43.216196,-0.002785727465249955,-0.023479709566915436,0.09665483728461309,40.106058693909645,-96.25519929585457,76.200527287817
2024-09-23 18:42:49.701729,41.22,43.216246,-0.0030841997366068195,-0.023479709566915436,0.09685382322919964,36.09446859390736,-100.26678939585686,76.200527287817
2024-09-23 18:42:49.745101,41.22,43.216246,-0.0030841997366068195,-0.023280723622328886,0.09705279702197278,36.09446859390736,-100.26678939585686,76.200527287817
2024-09-23 18:42:49.756618,41.22,43.216297,-0.0030841997366068195,-0.023280723622328886,0.09705279702197278,36.09446859390736,-100.26678939585686,72.1922225099802
2024-09-23 18:42:49.800118,41.22,43.216297,-0.0027359787006383035,-0.023330473146428877,0.0970030596496862,40.106058693909645,-96.25519929585457,76.200527287817
2024-09-23 18:42:49.842382,41.22,43.216435,-0.0031339382481259063,-0.023330473146428877,0.0970030596496862,40.106058693909645,-96.25519929585457,76.200527287817
2024-09-23 18:42:49.854186,41.22,43.216435,-0.0031339382481259063,-0.023330473146428877,0.09695331012558621,48.12595698684454,-92.24360919585227,76.200527287817
2024-09-23 18:42:49.897059,41.22,43.216487,-0.002586742470023829,-0.022833026512682618,0.09695331012558621,36.09446859390736,-92.24360919585227,76.200527287817
2024-09-23 18:42:49.939784,41.22,43.216487,-0.002586742470023829,-0.022833026512682618,0.09695331012558621,36.09446859390736,-100.26678939585686,76.200527287817
2024-09-23 18:42:49.950946,41.22,43.216537,-0.0029349636958644295,-0.023429960042815445,0.09675432418099966,36.09446859390736,-100.26678939585686,76.200527287817
2024-09-23 18:42:49.993203,41.22,43.216588,-0.0026862297461545674,-0.02352945757203875,0.09675432418099966,40.106058693909645,-96.25519929585457,80.21211738781929
2024-09-23 18:42:50.037198,41.22,43.216588,-0.0026862297461545674,-0.02352945757203875,0.09650560086412653,24.06297849342227,-96.25519929585457,80.21211738781929
2024-09-23 18:42:50.048354,41.22,43.216639,-0.0031339382481259063,-0.02352945757203875,0.09650560086412653,24.06297849342227,-96.25519929585457,80.21211738781929
2024-09-23 18:42:50.090224,41.22,43.216727,-0.0031339382481259063,-0.023280723622328886,0.09665483728461309,32.08287849390507,-100.26678939585686,76.200527287817
2024-09-23 18:42:50.132200,41.22,43.216727,-0.002636491424507565,-0.023280723622328886,0.09665483728461309,32.08287849390507,-100.26678939585686,76.200527287817
2024-09-23 18:42:50.144070,41.22,43.216727,-0.002636491424507565,-0.023479709566915436,0.0976994861521123,36.09446859390736,-96.25519929585457,72.1922225099802
2024-09-23 18:42:50.187517,41.22,43.216779,-0.0030344509719951677,-0.022982261414192504,0.09720203344245934,36.09446859390736,-96.25519929585457,72.1922225099802
2024-09-23 18:42:50.198501,41.22,43.216779,-0.0030344509719951677,-0.022982261414192504,0.09720203344245934,32.08287849390507,-88.23529758782387,72.1922225099802
2024-09-23 18:42:50.230794,41.22,43.216829,-0.0030344509719951677,-0.022982261414192504,0.09720203344245934,32.08287849390507,-88.23529758782387,80.21211738781929
2024-09-23 18:42:50.241791,41.22,43.216829,-0.0033329230534799477,-0.023181236725942318,0.09715228999426605,36.09446859390736,-88.23529758782387,80.21211738781929
2024-09-23 18:42:50.326022,41.22,43.216829,-0.0033329230534799477,-0.023181236725942318,0.09715228999426605,36.09446859390736,-92.24360919585227,80.21211738781929
2024-09-23 18:42:50.337258,41.22,43.21688,-0.0027359787006383035,-0.02268379009219606,0.0973512698629459,36.09446859390736,-92.24360919585227,88.23529758782387
2024-09-23 18:42:50.380262,41.22,43.216931,-0.0027359787006383035,-0.02268379009219606,0.0973512698629459,36.09446859390736,-96.25519929585457,76.200527287817
2024-09-23 18:42:50.391581,41.22,43.216931,-0.0029847020175114316,-0.022982261414192504,0.0973512698629459,36.09446859390736,-96.25519929585457,76.200527287817
2024-09-23 18:42:50.423889,41.22,43.216931,-0.0029847020175114316,-0.022982261414192504,0.09764974270391902,36.09446859390736,-96.25519929585457,76.200527287817
2024-09-23 18:42:50.435372,41.22,43.216981,-0.003233425524256645,-0.022982261414192504,0.09764974270391902,48.12595698684454,-96.25519929585457,80.21211738781929
2024-09-23 18:42:50.478006,41.22,43.216981,-0.003233425524256645,-0.02362894446842532,0.09690356060148622,36.09446859390736,-96.25519929585457,80.21211738781929
2024-09-23 18:42:50.530219,40.81,43.217068,-0.0031339382481259063,-0.02303200030545576,0.09764974270391902,36.09446859390736,-96.25519929585457,84.22370748782159
2024-09-23 18:42:50.572626,40.81,43.217068,-0.0031339382481259063,-0.02303200030545576,0.09764974270391902,36.09446859390736,-92.24360919585227,76.200527287817
2024-09-23 18:42:50.583814,40.81,43.217166,-0.0035816467500972456,-0.02338022115155219,0.09750050628343246,36.09446859390736,-92.24360919585227,76.200527287817
2024-09-23 18:42:50.667470,40.81,43.217166,-0.0035816467500972456,-0.02338022115155219,0.09750050628343246,44.11764879391193,-92.24360919585227,76.200527287817
2024-09-23 18:42:50.679070,40.81,43.217218,-0.0023380189632786156,-0.023778180888911878,0.09750050628343246,44.11764879391193,-96.25519929585457,80.21211738781929
2024-09-23 18:42:50.721758,40.81,43.217218,-0.0023380189632786156,-0.023778180888911878,0.09695331012558621,48.12595698684454,-92.24360919585227,80.21211738781929
2024-09-23 18:42:50.733434,40.81,43.217269,-0.0028354659767690416,-0.023778180888911878,0.09695331012558621,48.12595698684454,-92.24360919585227,80.21211738781929
2024-09-23 18:42:50.766867,40.81,43.217269,-0.0028354659767690416,-0.023579196463302005,0.09750050628343246,48.12595698684454,-92.24360919585227,80.21211738781929
2024-09-23 18:42:50.778550,40.81,43.217269,-0.0028354659767690416,-0.023579196463302005,0.09750050628343246,44.11764879391193,-96.25519929585457,76.200527287817
2024-09-23 18:42:50.821558,40.81,43.217319,-0.0028354659767690416,-0.023579196463302005,0.09750050628343246,44.11764879391193,-96.25519929585457,76.200527287817
2024-09-23 18:42:50.863814,40.81,43.217319,-0.0022385316871478774,-0.023579196463302005,0.09750050628343246,44.11764879391193,-96.25519929585457,76.200527287817
2024-09-23 18:42:50.874826,40.81,43.217319,-0.0022385316871478774,-0.023728432883788564,0.09695331012558621,36.09446859390736,-104.27510100388527,80.21211738781929
2024-09-23 18:42:50.916783,40.81,43.21741,-0.0030344509719951677,-0.02338022115155219,0.09710254654607277,36.09446859390736,-104.27510100388527,80.21211738781929
2024-09-23 18:42:50.929004,40.81,43.21741,-0.0030344509719951677,-0.02338022115155219,0.09710254654607277,44.11764879391193,-96.25519929585457,80.21211738781929
2024-09-23 18:42:50.961404,40.81,43.21741,-0.0030344509719951677,-0.02338022115155219,0.09710254654607277,44.11764879391193,-96.25519929585457,80.21211738781929
2024-09-23 18:42:50.973030,40.81,43.217508,-0.0026862297461545674,-0.0225345536717095,0.09725178296655933,36.09446859390736,-96.25519929585457,80.21211738781929
2024-09-23 18:42:51.015153,40.81,43.217559,-0.0025369937054121774,-0.024275627522658133,0.09725178296655933,36.09446859390736,-96.25519929585457,80.21211738781929
2024-09-23 18:42:51.026813,40.81,43.217559,-0.0025369937054121774,-0.024275627522658133,0.09745075675933246,36.09446859390736,-96.25519929585457,80.21211738781929
2024-09-23 18:42:51.059948,40.81,43.217559,-0.0025369937054121774,-0.024275627522658133,0.09745075675933246,40.106058693909645,-92.24360919585227,80.21211738781929
2024-09-23 18:42:51.071579,40.81,43.21761,-0.0028354659767690416,-0.023429960042815445,0.09745075675933246,40.106058693909645,-92.24360919585227,84.22370748782159
2024-09-23 18:42:51.114084,40.81,43.217705,-0.002785727465249955,-0.023429960042815445,0.09695331012558621,36.09446859390736,-100.26678939585686,80.21211738781929
2024-09-23 18:42:51.156565,40.81,43.217705,-0.002785727465249955,-0.02308174982955575,0.09715228999426605,36.09446859390736,-100.26678939585686,80.21211738781929
2024-09-23 18:42:51.168353,40.81,43.2178,-0.002785727465249955,-0.02308174982955575,0.09715228999426605,44.11764879391193,-92.24360919585227,76.200527287817
2024-09-23 18:42:51.211508,40.81,43.2178,-0.0028852147413806935,-0.023479709566915436,0.09665483728461309,40.106058693909645,-96.25519929585457,76.200527287817
2024-09-23 18:42:51.223456,40.81,43.2178,-0.0028852147413806935,-0.023479709566915436,0.09665483728461309,40.106058693909645,-96.25519929585457,80.21211738781929
2024-09-23 18:42:51.256233,40.81,43.217852,-0.0026862297461545674,-0.022833026512682618,0.09665483728461309,40.106058693909645,-96.25519929585457,80.21211738781929
2024-09-23 18:42:51.268032,40.81,43.217852,-0.0026862297461545674,-0.022833026512682618,0.0970030596496862,36.09446859390736,-92.24360919585227,80.21211738781929
2024-09-23 18:42:51.311110,40.81,43.217902,-0.0028354659767690416,-0.02362894446842532,0.09645586349183995,32.08287849390507,-92.24360919585227,76.200527287817
2024-09-23 18:42:51.353413,40.81,43.217902,-0.0028354659767690416,-0.02362894446842532,0.09645586349183995,32.08287849390507,-92.24360919585227,76.200527287817
2024-09-23 18:42:51.405902,40.81,43.217953,-0.0026862297461545674,-0.023330473146428877,0.09715228999426605,40.106058693909645,-92.24360919585227,76.200527287817
2024-09-23 18:42:51.417888,40.81,43.217953,-0.0026862297461545674,-0.023330473146428877,0.09715228999426605,40.106058693909645,-92.24360919585227,76.200527287817
2024-09-23 18:42:51.450518,40.81,43.218004,-0.0026862297461545674,-0.023330473146428877,0.09715228999426605,40.106058693909645,-92.24360919585227,80.21211738781929
2024-09-23 18:42:51.461755,40.81,43.218004,-0.002636491424507565,-0.02362894446842532,0.09680407370509965,36.09446859390736,-92.24360919585227,80.21211738781929
2024-09-23 18:42:51.503777,40.81,43.218055,-0.0030344509719951677,-0.023429960042815445,0.09680407370509965,36.09446859390736,-88.23529758782387,76.200527287817
2024-09-23 18:42:51.546517,40.76,43.218055,-0.0030344509719951677,-0.023429960042815445,0.09759999317981902,40.106058693909645,-88.23529758782387,76.200527287817
2024-09-23 18:42:51.558017,40.76,43.218141,-0.0030344509719951677,-0.023429960042815445,0.09759999317981902,40.106058693909645,-96.25519929585457,72.1922225099802
2024-09-23 18:42:51.600966,40.76,43.218141,-0.0030344509719951677,-0.023230986250042305,0.09764974270391902,40.106058693909645,-96.25519929585457,80.21211738781929
2024-09-23 18:42:51.613024,40.76,43.218192,-0.0030344509719951677,-0.023230986250042305,0.09764974270391902,40.106058693909645,-96.25519929585457,80.21211738781929
2024-09-23 18:42:51.644644,40.76,43.218192,-0.0027359787006383035,-0.02367869399252531,0.09764974270391902,40.106058693909645,-96.25519929585457,80.21211738781929
2024-09-23 18:42:51.655828,40.76,43.218192,-0.0027359787006383035,-0.02367869399252531,0.09675432418099966,-44.11764879391193,-108.28669110388756,76.200527287817
2024-09-23 18:42:51.698819,40.76,43.218287,-0.003233425524256645,-0.023280723622328886,0.09789846602079214,40.106058693909645,-108.28669110388756,76.200527287817
2024-09-23 18:42:51.710478,40.76,43.218287,-0.003233425524256645,-0.023280723622328886,0.09789846602079214,40.106058693909645,-104.27510100388527,76.200527287817
2024-09-23 18:42:51.743567,40.76,43.218339,-0.0028852147413806935,-0.023280723622328886,0.09789846602079214,40.106058693909645,-104.27510100388527,64.16903547978401
2024-09-23 18:42:51.755838,40.76,43.218339,-0.0028852147413806935,-0.023579196463302005,0.09715228999426605,64.16903547978401,-104.27510100388527,64.16903547978401
2024-09-23 18:42:51.797939,40.76,43.21839,-0.0024872551938930902,-0.023230986250042305,0.09710254654607277,64.16903547978401,-96.25519929585457,76.200527287817
2024-09-23 18:42:51.841727,40.76,43.21839,-0.0024872551938930902,-0.023230986250042305,0.09710254654607277,64.16903547978401,-88.23529758782387,80.21211738781929
2024-09-23 18:42:51.852980,40.76,43.218441,-0.0028852147413806935,-0.023230986250042305,0.09710254654607277,64.16903547978401,-88.23529758782387,80.21211738781929
2024-09-23 18:42:51.895307,40.76,43.218491,-0.0029349636958644295,-0.023230986250042305,0.09715228999426605,40.106058693909645,-92.24360919585227,76.200527287817
2024-09-23 18:42:51.937190,40.76,43.218491,-0.0029349636958644295,-0.02308174982955575,0.09745075675933246,40.106058693909645,-92.24360919585227,76.200527287817
2024-09-23 18:42:51.949189,40.76,43.21858,-0.0029349636958644295,-0.02308174982955575,0.09745075675933246,40.106058693909645,-92.24360919585227,72.1922225099802
2024-09-23 18:42:51.992004,40.76,43.21858,-0.0029847020175114316,-0.0228827638849692,0.09715228999426605,40.106058693909645,-96.25519929585457,76.200527287817
2024-09-23 18:42:52.034170,40.76,43.218631,-0.002586742470023829,-0.0228827638849692,0.09715228999426605,40.106058693909645,-96.25519929585457,76.200527287817
2024-09-23 18:42:52.045792,40.76,43.218631,-0.002586742470023829,-0.02367869399252531,0.0966050877605131,32.08287849390507,-92.24360919585227,76.200527287817
2024-09-23 18:42:52.089459,40.76,43.218682,-0.003482159473966507,-0.02338022115155219,0.0973015264147526,48.12595698684454,-92.24360919585227,80.21211738781929
2024-09-23 18:42:52.132767,40.76,43.218733,-0.003482159473966507,-0.02338022115155219,0.0973015264147526,48.12595698684454,-92.24360919585227,72.1922225099802
2024-09-23 18:42:52.145024,40.76,43.218733,-0.002785727465249955,-0.023181236725942318,0.09720203344245934,48.12595698684454,-92.24360919585227,72.1922225099802
2024-09-23 18:42:52.187911,40.76,43.218783,-0.0026862297461545674,-0.023181236725942318,0.09720203344245934,44.11764879391193,-100.26678939585686,76.200527287817
2024-09-23 18:42:52.231054,40.76,43.218783,-0.0026862297461545674,-0.023181236725942318,0.09675432418099966,40.106058693909645,-100.26678939585686,76.200527287817
2024-09-23 18:42:52.242854,40.76,43.218834,-0.0030841997366068195,-0.023181236725942318,0.09675432418099966,40.106058693909645,-96.25519929585457,72.1922225099802
2024-09-23 18:42:52.285810,40.76,43.218921,-0.0030841997366068195,-0.023230986250042305,0.09705279702197278,40.106058693909645,-96.25519929585457,76.200527287817
2024-09-23 18:42:52.327626,40.76,43.218921,-0.0030344509719951677,-0.02338022115155219,0.09705279702197278,40.106058693909645,-96.25519929585457,76.200527287817
2024-09-23 18:42:52.339861,40.76,43.218921,-0.0030344509719951677,-0.02338022115155219,0.09710254654607277,40.106058693909645,-92.24360919585227,68.18063240997792
2024-09-23 18:42:52.383110,40.76,43.218972,-0.002437506429281439,-0.02338022115155219,0.09789846602079214,44.11764879391193,-92.24360919585227,68.18063240997792
2024-09-23 18:42:52.424841,40.76,43.219023,-0.002437506429281439,-0.02338022115155219,0.09789846602079214,44.11764879391193,-92.24360919585227,72.1922225099802
2024-09-23 18:42:52.435782,40.76,43.219023,-0.0029847020175114316,-0.023728432883788564,0.09675432418099966,36.09446859390736,-92.24360919585227,72.1922225099802
2024-09-23 18:42:52.520256,40.76,43.219023,-0.0029847020175114316,-0.023728432883788564,0.09675432418099966,36.09446859390736,-92.24360919585227,72.1922225099802
2024-09-23 18:42:52.532239,40.76,43.219074,-0.0029847020175114316,-0.02367869399252531,0.09675432418099966,36.09446859390736,-92.24360919585227,72.1922225099802
2024-09-23 18:42:52.574110,40.46,43.219074,-0.0029847020175114316,-0.02367869399252531,0.09750050628343246,48.12595698684454,-96.25519929585457,72.1922225099802
2024-09-23 18:42:52.585849,40.46,43.219124,-0.002636491424507565,-0.02367869399252531,0.09750050628343246,48.12595698684454,-96.25519929585457,72.1922225099802
2024-09-23 18:42:52.618743,40.46,43.219124,-0.002636491424507565,-0.02308174982955575,0.09750050628343246,48.12595698684454,-96.25519929585457,72.1922225099802
2024-09-23 18:42:52.630171,40.46,43.219175,-0.002636491424507565,-0.02308174982955575,0.09695331012558621,44.11764879391193,-96.25519929585457,80.21211738781929
2024-09-23 18:42:52.673398,40.46,43.219175,-0.0028354659767690416,-0.02352945757203875,0.09725178296655933,36.09446859390736,-104.27510100388527,80.21211738781929
2024-09-23 18:42:52.685590,40.46,43.219175,-0.0028354659767690416,-0.02352945757203875,0.09725178296655933,36.09446859390736,-104.27510100388527,76.200527287817
2024-09-23 18:42:52.770512,40.46,43.219262,-0.0032831742888682963,-0.023230986250042305,0.09745075675933246,36.09446859390736,-104.27510100388527,76.200527287817
2024-09-23 18:42:52.782994,40.46,43.219262,-0.0032831742888682963,-0.023230986250042305,0.09745075675933246,44.11764879391193,-96.25519929585457,76.200527287817
2024-09-23 18:42:52.815247,40.46,43.21936,-0.0032831742888682963,-0.023230986250042305,0.09745075675933246,44.11764879391193,-96.25519929585457,72.1922225099802
2024-09-23 18:42:52.829940,40.46,43.21936,-0.003233425524256645,-0.02367869399252531,0.0973512698629459,36.09446859390736,-96.25519929585457,72.1922225099802
2024-09-23 18:42:52.863601,40.46,43.21936,-0.003233425524256645,-0.02367869399252531,0.0973512698629459,36.09446859390736,-96.25519929585457,76.200527287817
2024-09-23 18:42:52.874645,40.46,43.219412,-0.0022385316871478774,-0.02338022115155219,0.09655535038822652,36.09446859390736,-96.25519929585457,76.200527287817
2024-09-23 18:42:52.917607,40.46,43.219462,-0.003233425524256645,-0.02338022115155219,0.09655535038822652,40.106058693909645,-92.24360919585227,76.200527287817
2024-09-23 18:42:52.929808,40.46,43.219462,-0.003233425524256645,-0.023429960042815445,0.09655535038822652,40.106058693909645,-92.24360919585227,76.200527287817
2024-09-23 18:42:52.962384,40.46,43.219462,-0.003233425524256645,-0.023429960042815445,0.09670458680871308,44.11764879391193,-100.26678939585686,76.200527287817
2024-09-23 18:42:52.974044,40.46,43.219513,-0.0028354659767690416,-0.023429960042815445,0.09670458680871308,44.11764879391193,-100.26678939585686,80.21211738781929
2024-09-23 18:42:53.016543,40.46,43.219652,-0.0028354659767690416,-0.023479709566915436,0.09685382322919964,36.09446859390736,-96.25519929585457,72.1922225099802
2024-09-23 18:42:53.059156,40.46,43.219652,-0.002437506429281439,-0.02338022115155219,0.09755024973162574,36.09446859390736,-96.25519929585457,72.1922225099802
2024-09-23 18:42:53.071383,40.46,43.219652,-0.002437506429281439,-0.02338022115155219,0.09755024973162574,36.09446859390736,-100.26678939585686,76.200527287817
2024-09-23 18:42:53.114007,40.46,43.219704,-0.0023380189632786156,-0.023579196463302005,0.09680407370509965,40.106058693909645,-92.24360919585227,76.200527287817
2024-09-23 18:42:53.157581,40.46,43.219754,-0.0031339382481259063,-0.023579196463302005,0.09680407370509965,40.106058693909645,-92.24360919585227,80.21211738781929
2024-09-23 18:42:53.169107,40.46,43.219754,-0.0031339382481259063,-0.02313149783467906,0.0970030596496862,36.09446859390736,-92.24360919585227,80.21211738781929
2024-09-23 18:42:53.212337,40.46,43.219805,-0.0024872551938930902,-0.02352945757203875,0.09695331012558621,36.09446859390736,-88.23529758782387,76.200527287817
2024-09-23 18:42:53.254922,40.46,43.219805,-0.0024872551938930902,-0.02352945757203875,0.09695331012558621,44.11764879391193,-96.25519929585457,76.200527287817
2024-09-23 18:42:53.265887,40.46,43.219856,-0.0030344509719951677,-0.02303200030545576,0.09695331012558621,44.11764879391193,-96.25519929585457,72.1922225099802
2024-09-23 18:42:53.307590,40.46,43.219906,-0.0028852147413806935,-0.02303200030545576,0.09755024973162574,40.106058693909645,-96.25519929585457,76.200527287817
2024-09-23 18:42:53.350318,40.46,43.219906,-0.0028852147413806935,-0.023728432883788564,0.09635636444363997,40.106058693909645,-96.25519929585457,76.200527287817
2024-09-23 18:42:53.361821,40.46,43.219993,-0.0028852147413806935,-0.023728432883788564,0.09635636444363997,32.08287849390507,-96.25519929585457,76.200527287817
2024-09-23 18:42:53.403806,40.46,43.219993,-0.0028852147413806935,-0.02367869399252531,0.09690356060148622,28.07457030097246,-88.23529758782387,76.200527287817
2024-09-23 18:42:53.415550,40.46,43.219993,-0.0028852147413806935,-0.02367869399252531,0.09690356060148622,28.07457030097246,-88.23529758782387,84.22370748782159
2024-09-23 18:42:53.499398,40.46,43.220045,-0.0028354659767690416,-0.02352945757203875,0.09690356060148622,28.07457030097246,-88.23529758782387,84.22370748782159
2024-09-23 18:42:53.510526,40.46,43.220045,-0.0028354659767690416,-0.02352945757203875,0.0973512698629459,36.09446859390736,-96.25519929585457,84.22370748782159
2024-09-23 18:42:53.553316,40.46,43.220096,-0.002586742470023829,-0.02362894446842532,0.0973512698629459,36.09446859390736,-96.25519929585457,80.21211738781929
2024-09-23 18:42:53.648558,40.24,43.220146,-0.002586742470023829,-0.02362894446842532,0.09789846602079214,44.11764879391193,-100.26678939585686,76.200527287817
2024-09-23 18:42:53.660431,40.24,43.220146,-0.0025369937054121774,-0.02362894446842532,0.09789846602079214,44.11764879391193,-100.26678939585686,76.200527287817
2024-09-23 18:42:53.692763,40.24,43.220146,-0.0025369937054121774,-0.023230986250042305,0.09690356060148622,44.11764879391193,-100.26678939585686,76.200527287817
2024-09-23 18:42:53.704522,40.24,43.220197,-0.0025369937054121774,-0.023230986250042305,0.09690356060148622,40.106058693909645,-96.25519929585457,80.21211738781929
2024-09-23 18:42:53.747431,40.24,43.220197,-0.002636491424507565,-0.023579196463302005,0.09710254654607277,44.11764879391193,-96.25519929585457,76.200527287817
2024-09-23 18:42:53.789918,40.24,43.220248,-0.0025369937054121774,-0.023579196463302005,0.09710254654607277,44.11764879391193,-96.25519929585457,76.200527287817
2024-09-23 18:42:53.801222,40.24,43.220248,-0.0025369937054121774,-0.02338022115155219,0.09665483728461309,36.09446859390736,-100.26678939585686,76.200527287817
2024-09-23 18:42:53.843449,40.24,43.220384,-0.002586742470023829,-0.023827930413011865,0.09695331012558621,36.09446859390736,-100.26678939585686,84.22370748782159
2024-09-23 18:42:53.855387,40.24,43.220384,-0.002586742470023829,-0.023827930413011865,0.09695331012558621,40.106058693909645,-100.26678939585686,84.22370748782159
2024-09-23 18:42:53.887292,40.24,43.220384,-0.002586742470023829,-0.023827930413011865,0.09695331012558621,40.106058693909645,-96.25519929585457,80.21211738781929
2024-09-23 18:42:53.898318,40.24,43.220483,-0.003233425524256645,-0.022833026512682618,0.09710254654607277,40.106058693909645,-96.25519929585457,80.21211738781929
2024-09-23 18:42:53.941840,40.24,43.220533,-0.002785727465249955,-0.02293251340906919,0.09710254654607277,36.09446859390736,-96.25519929585457,80.21211738781929
2024-09-23 18:42:53.984422,40.24,43.220533,-0.002785727465249955,-0.02293251340906919,0.09650560086412653,52.137550501942634,-96.25519929585457,80.21211738781929
2024-09-23 18:42:53.995580,40.24,43.220584,-0.0029349636958644295,-0.02293251340906919,0.09650560086412653,52.137550501942634,-100.26678939585686,72.1922225099802
2024-09-23 18:42:54.038079,40.24,43.220584,-0.0029349636958644295,-0.02263404056809607,0.09715228999426605,52.137550501942634,-96.25519929585457,76.200527287817
2024-09-23 18:42:54.050081,40.24,43.220676,-0.0029349636958644295,-0.02263404056809607,0.09715228999426605,52.137550501942634,-96.25519929585457,76.200527287817
2024-09-23 18:42:54.082341,40.24,43.220676,-0.0032831742888682963,-0.023429960042815445,0.09715228999426605,52.137550501942634,-96.25519929585457,76.200527287817
2024-09-23 18:42:54.093364,40.24,43.220676,-0.0032831742888682963,-0.023429960042815445,0.09725178296655933,44.11764879391193,-100.26678939585686,80.21211738781929
2024-09-23 18:42:54.135978,40.24,43.220728,-0.0030841997366068195,-0.02367869399252531,0.0970030596496862,44.11764879391193,-100.26678939585686,80.21211738781929
2024-09-23 18:42:54.148209,40.24,43.220728,-0.0030841997366068195,-0.02367869399252531,0.0970030596496862,44.11764879391193,-92.24360919585227,80.21211738781929
2024-09-23 18:42:54.180730,40.24,43.220778,-0.0026862297461545674,-0.02367869399252531,0.0970030596496862,44.11764879391193,-92.24360919585227,80.21211738781929
2024-09-23 18:42:54.192573,40.24,43.220778,-0.0026862297461545674,-0.022982261414192504,0.0970030596496862,44.11764879391193,-92.24360919585227,80.21211738781929
2024-09-23 18:42:54.235350,40.24,43.220829,-0.0026862297461545674,-0.022982261414192504,0.0973512698629459,40.106058693909645,-92.24360919585227,76.200527287817
2024-09-23 18:42:54.277797,40.24,43.220829,-0.0026862297461545674,-0.0228827638849692,0.09705279702197278,40.106058693909645,-92.24360919585227,76.200527287817
2024-09-23 18:42:54.289696,40.24,43.22088,-0.0026862297461545674,-0.0228827638849692,0.09705279702197278,56.14914060194492,-88.23529758782387,72.1922225099802
2024-09-23 18:42:54.333549,40.24,43.22088,-0.0030344509719951677,-0.0228827638849692,0.09705279702197278,56.14914060194492,-88.23529758782387,72.1922225099802
2024-09-23 18:42:54.376533,40.24,43.22088,-0.0030344509719951677,-0.023479709566915436,0.09710254654607277,48.12595698684454,-88.23529758782387,72.1922225099802
2024-09-23 18:42:54.387637,40.24,43.22093,-0.0030344509719951677,-0.023479709566915436,0.09710254654607277,48.12595698684454,-100.26678939585686,68.18063240997792
2024-09-23 18:42:54.431484,40.24,43.22093,-0.0023380189632786156,-0.02278327698858263,0.09784872257259886,32.08287849390507,-92.24360919585227,76.200527287817
2024-09-23 18:42:54.525372,40.24,43.221017,-0.0029847020175114316,-0.02352945757203875,0.09670458680871308,32.08287849390507,-92.24360919585227,76.200527287817
2024-09-23 18:42:54.537469,40.24,43.221017,-0.0029847020175114316,-0.02352945757203875,0.09670458680871308,40.106058693909645,-92.24360919585227,76.200527287817
2024-09-23 18:42:54.569810,40.24,43.221069,-0.0029847020175114316,-0.02352945757203875,0.09670458680871308,40.106058693909645,-92.24360919585227,72.1922225099802
2024-09-23 18:42:54.581748,40.24,43.221069,-0.0031836870127375577,-0.023280723622328886,0.09750050628343246,44.11764879391193,-92.24360919585227,72.1922225099802
2024-09-23 18:42:54.625044,40.24,43.221119,-0.0030841997366068195,-0.023579196463302005,0.0973015264147526,44.11764879391193,-92.24360919585227,76.200527287817
2024-09-23 18:42:54.669085,40.35,43.221119,-0.0030841997366068195,-0.023579196463302005,0.0973015264147526,48.12595698684454,-92.24360919585227,76.200527287817
2024-09-23 18:42:54.681328,40.35,43.221214,-0.0023380189632786156,-0.022833026512682618,0.0973015264147526,48.12595698684454,-92.24360919585227,76.200527287817
2024-09-23 18:42:54.713789,40.35,43.221214,-0.0023380189632786156,-0.022833026512682618,0.09710254654607277,48.12595698684454,-92.24360919585227,76.200527287817
2024-09-23 18:42:54.724849,40.35,43.221265,-0.0030841997366068195,-0.022833026512682618,0.09710254654607277,36.09446859390736,-96.25519929585457,80.21211738781929
2024-09-23 18:42:54.768052,40.35,43.221265,-0.0030841997366068195,-0.023330473146428877,0.0973015264147526,44.11764879391193,-96.25519929585457,80.21211738781929
2024-09-23 18:42:54.779082,40.35,43.221407,-0.0030841997366068195,-0.023330473146428877,0.0973015264147526,44.11764879391193,-96.25519929585457,72.1922225099802
2024-09-23 18:42:54.811400,40.35,43.221407,-0.0030841997366068195,-0.023330473146428877,0.0973015264147526,44.11764879391193,-96.25519929585457,72.1922225099802
2024-09-23 18:42:54.822526,40.35,43.221407,-0.0030841997366068195,-0.023280723622328886,0.09755024973162574,36.09446859390736,-96.25519929585457,76.200527287817
2024-09-23 18:42:54.864788,40.35,43.221459,-0.002636491424507565,-0.02367869399252531,0.09745075675933246,36.09446859390736,-96.25519929585457,76.200527287817
2024-09-23 18:42:54.876665,40.35,43.221459,-0.002636491424507565,-0.02367869399252531,0.09745075675933246,40.106058693909645,-100.26678939585686,76.200527287817
2024-09-23 18:42:54.908509,40.35,43.221459,-0.002636491424507565,-0.02367869399252531,0.09745075675933246,40.106058693909645,-100.26678939585686,76.200527287817
2024-09-23 18:42:54.920046,40.35,43.221509,-0.0031339382481259063,-0.023181236725942318,0.09710254654607277,40.106058693909645,-100.26678939585686,76.200527287817
2024-09-23 18:42:54.962255,40.35,43.22156,-0.0030841997366068195,-0.023181236725942318,0.09710254654607277,40.106058693909645,-96.25519929585457,72.1922225099802
2024-09-23 18:42:54.973735,40.35,43.22156,-0.0030841997366068195,-0.022982261414192504,0.09750050628343246,40.106058693909645,-96.25519929585457,72.1922225099802
2024-09-23 18:42:55.005869,40.35,43.22156,-0.0030841997366068195,-0.022982261414192504,0.09750050628343246,40.106058693909645,-96.25519929585457,72.1922225099802
2024-09-23 18:42:55.016855,40.35,43.221611,-0.002785727465249955,-0.023330473146428877,0.09750050628343246,40.106058693909645,-100.26678939585686,80.21211738781929
2024-09-23 18:42:55.059721,40.35,43.221611,-0.002785727465249955,-0.023330473146428877,0.09670458680871308,40.106058693909645,-96.25519929585457,84.22370748782159
2024-09-23 18:42:55.071172,40.35,43.221661,-0.0028852147413806935,-0.023330473146428877,0.09670458680871308,40.106058693909645,-96.25519929585457,84.22370748782159
2024-09-23 18:42:55.113840,40.35,43.221749,-0.0028852147413806935,-0.023778180888911878,0.09774922960030558,36.09446859390736,-96.25519929585457,76.200527287817
2024-09-23 18:42:55.157238,40.35,43.221749,-0.0024872551938930902,-0.02313149783467906,0.09750050628343246,36.09446859390736,-96.25519929585457,76.200527287817
2024-09-23 18:42:55.168636,40.35,43.221749,-0.0024872551938930902,-0.02313149783467906,0.09750050628343246,40.106058693909645,-96.25519929585457,76.200527287817
2024-09-23 18:42:55.201153,40.35,43.2218,-0.0024872551938930902,-0.02313149783467906,0.09750050628343246,40.106058693909645,-96.25519929585457,76.200527287817
2024-09-23 18:42:55.212538,40.35,43.2218,-0.0030344509719951677,-0.02313149783467906,0.09665483728461309,40.106058693909645,-92.24360919585227,76.200527287817
2024-09-23 18:42:55.255769,40.35,43.221851,-0.0027359787006383035,-0.023429960042815445,0.09665483728461309,40.106058693909645,-92.24360919585227,72.1922225099802
2024-09-23 18:42:55.266854,40.35,43.221851,-0.0027359787006383035,-0.023429960042815445,0.09725178296655933,40.106058693909645,-92.24360919585227,72.1922225099802
2024-09-23 18:42:55.300506,40.35,43.221851,-0.0027359787006383035,-0.023429960042815445,0.09725178296655933,40.106058693909645,-92.24360919585227,72.1922225099802
2024-09-23 18:42:55.311946,40.35,43.221901,-0.0030841997366068195,-0.023280723622328886,0.09680407370509965,40.106058693909645,-92.24360919585227,72.1922225099802
2024-09-23 18:42:55.405266,40.35,43.221952,-0.0030344509719951677,-0.023330473146428877,0.09680407370509965,44.11764879391193,-92.24360919585227,76.200527287817
2024-09-23 18:42:55.448641,40.35,43.221952,-0.0030344509719951677,-0.023330473146428877,0.09665483728461309,44.11764879391193,-96.25519929585457,76.200527287817
2024-09-23 18:42:55.460517,40.35,43.222003,-0.0023380189632786156,-0.023330473146428877,0.09665483728461309,44.11764879391193,-96.25519929585457,80.21211738781929
2024-09-23 18:42:55.544204,40.35,43.222003,-0.0023380189632786156,-0.023479709566915436,0.09690356060148622,44.11764879391193,-96.25519929585457,80.21211738781929
2024-09-23 18:42:55.556001,40.35,43.22209,-0.0023380189632786156,-0.023479709566915436,0.09690356060148622,48.12595698684454,-92.24360919585227,84.22370748782159
2024-09-23 18:42:55.598603,40.35,43.22209,-0.0030344509719951677,-0.02303200030545576,0.0973512698629459,48.12595698684454,-88.23529758782387,84.22370748782159
2024-09-23 18:42:55.610545,40.35,43.22209,-0.0030344509719951677,-0.02303200030545576,0.0973512698629459,48.12595698684454,-88.23529758782387,72.1922225099802
2024-09-23 18:42:55.642201,40.35,43.222141,-0.0031836870127375577,-0.02303200030545576,0.0973512698629459,48.12595698684454,-88.23529758782387,72.1922225099802
2024-09-23 18:42:55.653400,40.35,43.222141,-0.0031836870127375577,-0.023330473146428877,0.09645586349183995,24.06297849342227,-100.26678939585686,72.1922225099802
2024-09-23 18:42:55.696579,40.34,43.222237,-0.003482159473966507,-0.02397715620066169,0.09720203344245934,24.06297849342227,-100.26678939585686,76.200527287817
2024-09-23 18:42:55.708916,40.34,43.222237,-0.003482159473966507,-0.02397715620066169,0.09720203344245934,36.09446859390736,-100.26678939585686,76.200527287817
2024-09-23 18:42:55.741403,40.34,43.222288,-0.003482159473966507,-0.02397715620066169,0.09720203344245934,36.09446859390736,-96.25519929585457,80.21211738781929
2024-09-23 18:42:55.753431,40.34,43.222288,-0.002586742470023829,-0.023330473146428877,0.09725178296655933,36.09446859390736,-96.25519929585457,80.21211738781929
2024-09-23 18:42:55.796589,40.34,43.222385,-0.0026862297461545674,-0.022833026512682618,0.09725178296655933,36.09446859390736,-96.25519929585457,72.1922225099802
2024-09-23 18:42:55.891527,40.34,43.222435,-0.0026862297461545674,-0.022833026512682618,0.09670458680871308,44.11764879391193,-100.26678939585686,68.18063240997792
2024-09-23 18:42:55.903284,40.34,43.222435,-0.0023380189632786156,-0.022833026512682618,0.09670458680871308,44.11764879391193,-100.26678939585686,68.18063240997792
2024-09-23 18:42:55.986825,40.34,43.222435,-0.0023380189632786156,-0.02303200030545576,0.09680407370509965,36.09446859390736,-100.26678939585686,68.18063240997792
2024-09-23 18:42:55.998573,40.34,43.222529,-0.0023380189632786156,-0.02303200030545576,0.09680407370509965,36.09446859390736,-100.26678939585686,76.200527287817
2024-09-23 18:42:56.032006,40.34,43.222529,-0.002785727465249955,-0.023330473146428877,0.09680407370509965,36.09446859390736,-100.26678939585686,76.200527287817
2024-09-23 18:42:56.043349,40.34,43.222529,-0.002785727465249955,-0.023330473146428877,0.09715228999426605,44.11764879391193,-96.25519929585457,68.18063240997792
2024-09-23 18:42:56.086088,40.34,43.22258,-0.0028354659767690416,-0.02352945757203875,0.09755024973162574,44.11764879391193,-96.25519929585457,68.18063240997792
2024-09-23 18:42:56.097690,40.34,43.22258,-0.0028354659767690416,-0.02352945757203875,0.09755024973162574,44.11764879391193,-88.23529758782387,68.18063240997792
2024-09-23 18:42:56.129597,40.34,43.222631,-0.0028354659767690416,-0.02352945757203875,0.09755024973162574,44.11764879391193,-88.23529758782387,76.200527287817
2024-09-23 18:42:56.141847,40.34,43.222631,-0.002785727465249955,-0.02338022115155219,0.0970030596496862,36.09446859390736,-88.23529758782387,76.200527287817
2024-09-23 18:42:56.184704,40.34,43.222725,-0.0028354659767690416,-0.023280723622328886,0.0970030596496862,36.09446859390736,-96.25519929585457,76.200527287817
2024-09-23 18:42:56.227121,40.34,43.222725,-0.0028354659767690416,-0.023280723622328886,0.09710254654607277,40.106058693909645,-96.25519929585457,76.200527287817
2024-09-23 18:42:56.238292,40.34,43.222823,-0.0028852147413806935,-0.023280723622328886,0.09710254654607277,40.106058693909645,-96.25519929585457,72.1922225099802
2024-09-23 18:42:56.280265,40.34,43.222823,-0.0028852147413806935,-0.023280723622328886,0.09675432418099966,36.09446859390736,-96.25519929585457,76.200527287817
2024-09-23 18:42:56.292494,40.34,43.222874,-0.0028852147413806935,-0.023280723622328886,0.09675432418099966,36.09446859390736,-96.25519929585457,76.200527287817
2024-09-23 18:42:56.324678,40.34,43.222874,-0.002437506429281439,-0.023429960042815445,0.09675432418099966,36.09446859390736,-96.25519929585457,76.200527287817
2024-09-23 18:42:56.335753,40.34,43.222874,-0.002437506429281439,-0.023429960042815445,0.09720203344245934,44.11764879391193,-88.23529758782387,72.1922225099802
2024-09-23 18:42:56.379054,40.34,43.222967,-0.002636491424507565,-0.02338022115155219,0.09745075675933246,48.12595698684454,-88.23529758782387,72.1922225099802
2024-09-23 18:42:56.390758,40.34,43.222967,-0.002636491424507565,-0.02338022115155219,0.09745075675933246,48.12595698684454,-96.25519929585457,72.1922225099802
2024-09-23 18:42:56.424177,40.34,43.223019,-0.0029847020175114316,-0.02338022115155219,0.09745075675933246,48.12595698684454,-96.25519929585457,76.200527287817
2024-09-23 18:42:56.435739,40.34,43.223019,-0.0029847020175114316,-0.023330473146428877,0.09824668230995855,48.12595698684454,-96.25519929585457,76.200527287817
2024-09-23 18:42:56.478334,40.34,43.223019,-0.0029847020175114316,-0.023330473146428877,0.09824668230995855,40.106058693909645,-96.25519929585457,76.200527287817
2024-09-23 18:42:56.571625,40.34,43.22307,-0.002636491424507565,-0.023330473146428877,0.09824668230995855,40.106058693909645,-92.24360919585227,76.200527287817
2024-09-23 18:42:56.585924,40.34,43.22307,-0.002636491424507565,-0.023827930413011865,0.0970030596496862,40.106058693909645,-92.24360919585227,76.200527287817
2024-09-23 18:42:56.618701,40.34,43.22307,-0.002636491424507565,-0.023827930413011865,0.0970030596496862,52.137550501942634,-96.25519929585457,80.21211738781929
2024-09-23 18:42:56.630142,40.34,43.22312,-0.0030344509719951677,-0.023330473146428877,0.0970030596496862,52.137550501942634,-96.25519929585457,80.21211738781929
2024-09-23 18:42:56.672908,40.34,43.223171,-0.0028354659767690416,-0.023330473146428877,0.09720203344245934,40.106058693909645,-92.24360919585227,84.22370748782159
2024-09-23 18:42:56.715710,40.25,43.223171,-0.0028354659767690416,-0.022833026512682618,0.09705279702197278,52.137550501942634,-92.24360919585227,84.22370748782159
2024-09-23 18:42:56.726959,40.25,43.22326,-0.0028354659767690416,-0.022833026512682618,0.09705279702197278,52.137550501942634,-96.25519929585457,76.200527287817
2024-09-23 18:42:56.769204,40.25,43.22326,-0.0028354659767690416,-0.02313149783467906,0.09655535038822652,44.11764879391193,-100.26678939585686,76.200527287817
2024-09-23 18:42:56.812119,40.25,43.223407,-0.0029847020175114316,-0.02313149783467906,0.09655535038822652,44.11764879391193,-100.26678939585686,76.200527287817
2024-09-23 18:42:56.823394,40.25,43.223407,-0.0029847020175114316,-0.02338022115155219,0.09774922960030558,44.11764879391193,-92.24360919585227,76.200527287817
2024-09-23 18:42:56.866317,40.25,43.223458,-0.0033329230534799477,-0.023280723622328886,0.09750050628343246,44.11764879391193,-92.24360919585227,72.1922225099802
2024-09-23 18:42:56.878071,40.25,43.223458,-0.0033329230534799477,-0.023280723622328886,0.09750050628343246,48.12595698684454,-92.24360919585227,72.1922225099802
2024-09-23 18:42:56.910225,40.25,43.223458,-0.0033329230534799477,-0.023280723622328886,0.09750050628343246,48.12595698684454,-100.26678939585686,76.200527287817
2024-09-23 18:42:56.922014,40.25,43.223509,-0.0019400594157910128,-0.023728432883788564,0.0962568775472534,48.12595698684454,-100.26678939585686,76.200527287817
2024-09-23 18:42:56.964740,40.25,43.223559,-0.0025369937054121774,-0.023429960042815445,0.0962568775472534,48.12595698684454,-96.25519929585457,76.200527287817
2024-09-23 18:42:57.006902,40.25,43.223559,-0.0025369937054121774,-0.023429960042815445,0.09740101331113918,44.11764879391193,-96.25519929585457,76.200527287817
2024-09-23 18:42:57.018330,40.25,43.22361,-0.002387757474797703,-0.023429960042815445,0.09740101331113918,44.11764879391193,-96.25519929585457,72.1922225099802
2024-09-23 18:42:57.061572,40.25,43.22361,-0.002387757474797703,-0.023728432883788564,0.09695331012558621,44.11764879391193,-96.25519929585457,76.200527287817
2024-09-23 18:42:57.073677,40.25,43.223699,-0.002387757474797703,-0.023728432883788564,0.09695331012558621,44.11764879391193,-96.25519929585457,76.200527287817
2024-09-23 18:42:57.106208,40.25,43.223699,-0.0024872551938930902,-0.02362894446842532,0.09650560086412653,44.11764879391193,-96.25519929585457,76.200527287817
2024-09-23 18:42:57.117713,40.25,43.223699,-0.0024872551938930902,-0.02362894446842532,0.09650560086412653,28.07457030097246,-96.25519929585457,76.200527287817
2024-09-23 18:42:57.160517,40.25,43.22375,-0.002785727465249955,-0.02308174982955575,0.0970030596496862,24.06297849342227,-100.26678939585686,76.200527287817
2024-09-23 18:42:57.202569,40.25,43.223801,-0.002785727465249955,-0.02308174982955575,0.0970030596496862,24.06297849342227,-100.26678939585686,76.200527287817
2024-09-23 18:42:57.214126,40.25,43.223801,-0.0026862297461545674,-0.023479709566915436,0.09685382322919964,32.08287849390507,-100.26678939585686,76.200527287817
2024-09-23 18:42:57.257260,40.25,43.223852,-0.0020395466919217514,-0.02338022115155219,0.09685382322919964,32.08287849390507,-104.27510100388527,76.200527287817
2024-09-23 18:42:57.269059,40.25,43.223852,-0.0020395466919217514,-0.02338022115155219,0.09755024973162574,32.08287849390507,-104.27510100388527,76.200527287817
2024-09-23 18:42:57.301193,40.25,43.223852,-0.0020395466919217514,-0.02338022115155219,0.09755024973162574,44.11764879391193,-100.26678939585686,76.200527287817
2024-09-23 18:42:57.312595,40.25,43.223902,-0.0028354659767690416,-0.023927417309398437,0.09755024973162574,44.11764879391193,-100.26678939585686,76.200527287817
2024-09-23 18:42:57.355650,40.25,43.223953,-0.0026862297461545674,-0.023927417309398437,0.09665483728461309,44.11764879391193,-96.25519929585457,76.200527287817
2024-09-23 18:42:57.398657,40.25,43.223953,-0.0026862297461545674,-0.023230986250042305,0.09655535038822652,40.106058693909645,-96.25519929585457,76.200527287817
2024-09-23 18:42:57.410270,40.25,43.22404,-0.0026862297461545674,-0.023230986250042305,0.09655535038822652,40.106058693909645,-92.24360919585227,76.200527287817
2024-09-23 18:42:57.453097,40.25,43.22404,-0.003233425524256645,-0.023579196463302005,0.09710254654607277,40.106058693909645,-92.24360919585227,72.1922225099802
2024-09-23 18:42:57.495751,40.25,43.224091,-0.0025369937054121774,-0.022733528983459317,0.09710254654607277,40.106058693909645,-92.24360919585227,72.1922225099802
2024-09-23 18:42:57.506803,40.25,43.224091,-0.0025369937054121774,-0.022733528983459317,0.09705279702197278,44.11764879391193,-100.26678939585686,72.1922225099802
2024-09-23 18:42:57.590799,40.25,43.224091,-0.0025369937054121774,-0.022733528983459317,0.09705279702197278,44.11764879391193,-100.26678939585686,76.200527287817
2024-09-23 18:42:57.644552,40.25,43.224142,-0.0027359787006383035,-0.02338022115155219,0.09705279702197278,44.11764879391193,-100.26678939585686,76.200527287817
2024-09-23 18:42:57.655752,40.25,43.224142,-0.0027359787006383035,-0.02338022115155219,0.09680407370509965,40.106058693909645,-100.26678939585686,76.200527287817
2024-09-23 18:42:57.688189,40.25,43.224142,-0.0027359787006383035,-0.02338022115155219,0.09680407370509965,40.106058693909645,-100.26678939585686,80.21211738781929
2024-09-23 18:42:57.700273,40.25,43.224193,-0.0029847020175114316,-0.02367869399252531,0.09705279702197278,40.106058693909645,-100.26678939585686,80.21211738781929
2024-09-23 18:42:57.744382,40.45,43.224243,-0.002785727465249955,-0.023280723622328886,0.09710254654607277,40.106058693909645,-104.27510100388527,76.200527287817
2024-09-23 18:42:57.786434,40.45,43.224243,-0.002785727465249955,-0.023280723622328886,0.09710254654607277,40.106058693909645,-96.25519929585457,76.200527287817
2024-09-23 18:42:57.798036,40.45,43.224294,-0.0027359787006383035,-0.023330473146428877,0.09710254654607277,40.106058693909645,-96.25519929585457,76.200527287817
2024-09-23 18:42:57.840745,40.45,43.224381,-0.0027359787006383035,-0.023330473146428877,0.09720203344245934,48.12595698684454,-104.27510100388527,76.200527287817
2024-09-23 18:42:57.853018,40.45,43.224381,-0.0031339382481259063,-0.023330473146428877,0.09720203344245934,48.12595698684454,-104.27510100388527,76.200527287817
2024-09-23 18:42:57.886233,40.45,43.224381,-0.0031339382481259063,-0.02293251340906919,0.09665483728461309,36.09446859390736,-104.27510100388527,76.200527287817
2024-09-23 18:42:57.897721,40.45,43.224527,-0.0031339382481259063,-0.02293251340906919,0.09665483728461309,36.09446859390736,-96.25519929585457,76.200527287817
2024-09-23 18:42:57.940624,40.45,43.224527,-0.002785727465249955,-0.02367869399252531,0.09720203344245934,40.106058693909645,-100.26678939585686,80.21211738781929
2024-09-23 18:42:57.982709,40.45,43.224579,-0.0028852147413806935,-0.02367869399252531,0.09720203344245934,40.106058693909645,-100.26678939585686,80.21211738781929
2024-09-23 18:42:57.994196,40.45,43.224579,-0.0028852147413806935,-0.023429960042815445,0.09725178296655933,32.08287849390507,-100.26678939585686,80.21211738781929
2024-09-23 18:42:58.037114,40.45,43.22463,-0.0025369937054121774,-0.023429960042815445,0.09725178296655933,32.08287849390507,-100.26678939585686,80.21211738781929
2024-09-23 18:42:58.080099,40.45,43.22463,-0.0025369937054121774,-0.02338022115155219,0.09715228999426605,32.08287849390507,-100.26678939585686,80.21211738781929
2024-09-23 18:42:58.091418,40.45,43.22468,-0.0025369937054121774,-0.02338022115155219,0.09715228999426605,32.08287849390507,-96.25519929585457,80.21211738781929
2024-09-23 18:42:58.135959,40.45,43.22468,-0.0028354659767690416,-0.02352945757203875,0.09745075675933246,36.09446859390736,-100.26678939585686,76.200527287817
2024-09-23 18:42:58.179510,40.45,43.224731,-0.0032831742888682963,-0.02352945757203875,0.09745075675933246,36.09446859390736,-100.26678939585686,76.200527287817
2024-09-23 18:42:58.191005,40.45,43.224731,-0.0032831742888682963,-0.02352945757203875,0.09725178296655933,40.106058693909645,-92.24360919585227,76.200527287817
2024-09-23 18:42:58.234060,40.45,43.224782,-0.0028852147413806935,-0.022982261414192504,0.09715228999426605,40.106058693909645,-92.24360919585227,84.22370748782159
2024-09-23 18:42:58.276973,40.45,43.224869,-0.0028852147413806935,-0.022982261414192504,0.09715228999426605,40.106058693909645,-96.25519929585457,80.21211738781929
2024-09-23 18:42:58.288798,40.45,43.224869,-0.0031339382481259063,-0.023429960042815445,0.09620712802315341,40.106058693909645,-96.25519929585457,80.21211738781929
2024-09-23 18:42:58.331394,40.45,43.22492,-0.002785727465249955,-0.02308174982955575,0.09620712802315341,40.106058693909645,-92.24360919585227,76.200527287817
2024-09-23 18:42:58.373761,40.45,43.22492,-0.002785727465249955,-0.02308174982955575,0.09690356060148622,40.106058693909645,-96.25519929585457,76.200527287817
2024-09-23 18:42:58.385295,40.45,43.224971,-0.0031836870127375577,-0.02308174982955575,0.09690356060148622,40.106058693909645,-96.25519929585457,80.21211738781929
2024-09-23 18:42:58.427763,40.45,43.225064,-0.0031836870127375577,-0.02362894446842532,0.09680407370509965,48.12595698684454,-100.26678939585686,80.21211738781929
2024-09-23 18:42:58.471110,40.45,43.225064,-0.002785727465249955,-0.023429960042815445,0.0973512698629459,48.12595698684454,-100.26678939585686,80.21211738781929
2024-09-23 18:42:58.482697,40.45,43.225064,-0.002785727465249955,-0.023429960042815445,0.0973512698629459,44.11764879391193,-92.24360919585227,80.21211738781929
2024-09-23 18:42:58.525392,40.45,43.225115,-0.0030841997366068195,-0.023330473146428877,0.0973512698629459,32.08287849390507,-100.26678939585686,80.21211738781929
2024-09-23 18:42:58.671014,40.45,43.225166,-0.0030344509719951677,-0.02367869399252531,0.09799795899308542,32.08287849390507,-100.26678939585686,80.21211738781929
2024-09-23 18:42:58.683167,40.45,43.225166,-0.0030344509719951677,-0.02367869399252531,0.09799795899308542,32.08287849390507,-100.26678939585686,80.21211738781929
2024-09-23 18:42:58.715938,40.45,43.225217,-0.0030344509719951677,-0.02367869399252531,0.09799795899308542,32.08287849390507,-96.25519929585457,84.22370748782159
2024-09-23 18:42:58.727137,40.45,43.225217,-0.0028852147413806935,-0.02303200030545576,0.09695331012558621,32.08287849390507,-96.25519929585457,84.22370748782159
2024-09-23 18:42:58.770307,40.13,43.225267,-0.002586742470023829,-0.02308174982955575,0.09695331012558621,40.106058693909645,-100.26678939585686,76.200527287817
2024-09-23 18:42:58.812944,40.13,43.225267,-0.002586742470023829,-0.02308174982955575,0.09715228999426605,40.106058693909645,-92.24360919585227,76.200527287817
2024-09-23 18:42:58.825123,40.13,43.225318,-0.003233425524256645,-0.02308174982955575,0.09715228999426605,40.106058693909645,-92.24360919585227,76.200527287817
2024-09-23 18:42:58.857786,40.13,43.225318,-0.003233425524256645,-0.023181236725942318,0.09715228999426605,40.106058693909645,-92.24360919585227,76.200527287817
2024-09-23 18:42:58.869999,40.13,43.225405,-0.003233425524256645,-0.023181236725942318,0.09690356060148622,44.11764879391193,-96.25519929585457,76.200527287817
2024-09-23 18:42:58.912646,40.13,43.225405,-0.0031836870127375577,-0.024325377046758124,0.09710254654607277,44.11764879391193,-96.25519929585457,76.200527287817
2024-09-23 18:42:58.925657,40.13,43.225405,-0.0031836870127375577,-0.024325377046758124,0.09710254654607277,44.11764879391193,-96.25519929585457,80.21211738781929
2024-09-23 18:42:58.958781,40.13,43.225552,-0.0030841997366068195,-0.02313149783467906,0.09710254654607277,44.11764879391193,-96.25519929585457,80.21211738781929
2024-09-23 18:42:58.970603,40.13,43.225552,-0.0030841997366068195,-0.02313149783467906,0.0970030596496862,44.11764879391193,-92.24360919585227,80.21211738781929
2024-09-23 18:42:59.012802,40.13,43.225603,-0.0029847020175114316,-0.023230986250042305,0.09630662707135339,40.106058693909645,-92.24360919585227,76.200527287817
2024-09-23 18:42:59.054977,40.13,43.225603,-0.0029847020175114316,-0.023230986250042305,0.09630662707135339,40.106058693909645,-88.23529758782387,80.21211738781929
2024-09-23 18:42:59.067641,40.13,43.225654,-0.0029847020175114316,-0.02338022115155219,0.09710254654607277,40.106058693909645,-88.23529758782387,80.21211738781929
2024-09-23 18:42:59.110287,40.13,43.225704,-0.0028354659767690416,-0.023429960042815445,0.09710254654607277,40.106058693909645,-104.27510100388527,68.18063240997792
2024-09-23 18:42:59.152501,40.13,43.225704,-0.0028354659767690416,-0.023429960042815445,0.0966050877605131,36.09446859390736,-104.27510100388527,68.18063240997792
2024-09-23 18:42:59.164405,40.13,43.225755,-0.003233425524256645,-0.023429960042815445,0.0966050877605131,36.09446859390736,-96.25519929585457,64.16903547978401
2024-09-23 18:42:59.207865,40.13,43.225844,-0.003233425524256645,-0.0228827638849692,0.09720203344245934,36.09446859390736,-96.25519929585457,76.200527287817
2024-09-23 18:42:59.249966,40.13,43.225844,-0.0022385316871478774,-0.023330473146428877,0.09720203344245934,36.09446859390736,-96.25519929585457,76.200527287817
2024-09-23 18:42:59.261291,40.13,43.225844,-0.0022385316871478774,-0.023330473146428877,0.09755024973162574,44.11764879391193,-108.28669110388756,68.18063240997792
2024-09-23 18:42:59.303725,40.13,43.225895,-0.0029847020175114316,-0.023230986250042305,0.09720203344245934,32.08287849390507,-108.28669110388756,68.18063240997792
2024-09-23 18:42:59.315873,40.13,43.225895,-0.0029847020175114316,-0.023230986250042305,0.09720203344245934,32.08287849390507,-96.25519929585457,68.18063240997792
2024-09-23 18:42:59.348998,40.13,43.225946,-0.0031836870127375577,-0.023230986250042305,0.09720203344245934,32.08287849390507,-96.25519929585457,76.200527287817
2024-09-23 18:42:59.360707,40.13,43.225946,-0.0031836870127375577,-0.02263404056809607,0.09675432418099966,40.106058693909645,-96.25519929585457,76.200527287817
2024-09-23 18:42:59.403063,40.13,43.225997,-0.003233425524256645,-0.02352945757203875,0.09799795899308542,40.106058693909645,-96.25519929585457,80.21211738781929
2024-09-23 18:42:59.445558,40.13,43.225997,-0.003233425524256645,-0.02352945757203875,0.09799795899308542,40.106058693909645,-92.24360919585227,76.200527287817
2024-09-23 18:42:59.456737,40.13,43.226047,-0.0033329230534799477,-0.02362894446842532,0.09799795899308542,40.106058693909645,-92.24360919585227,76.200527287817
2024-09-23 18:42:59.500928,40.13,43.226098,-0.0026862297461545674,-0.02362894446842532,0.0970030596496862,40.106058693909645,-96.25519929585457,76.200527287817
2024-09-23 18:42:59.543607,40.13,43.226098,-0.0026862297461545674,-0.02293251340906919,0.09725178296655933,48.12595698684454,-96.25519929585457,76.200527287817
2024-09-23 18:42:59.555136,40.13,43.226185,-0.0026862297461545674,-0.02293251340906919,0.09725178296655933,48.12595698684454,-100.26678939585686,76.200527287817
2024-09-23 18:42:59.639600,40.13,43.226185,-0.0028852147413806935,-0.0228827638849692,0.09725178296655933,48.12595698684454,-100.26678939585686,76.200527287817
2024-09-23 18:42:59.651082,40.13,43.226185,-0.0028852147413806935,-0.0228827638849692,0.0973015264147526,40.106058693909645,-100.26678939585686,80.21211738781929
2024-09-23 18:42:59.694179,40.13,43.226236,-0.0028354659767690416,-0.023280723622328886,0.09750050628343246,48.12595698684454,-96.25519929585457,80.21211738781929
2024-09-23 18:42:59.789196,39.78,43.226287,-0.0029349636958644295,-0.023280723622328886,0.09750050628343246,48.12595698684454,-96.25519929585457,80.21211738781929
2024-09-23 18:42:59.800659,39.78,43.226287,-0.0029349636958644295,-0.023429960042815445,0.09755024973162574,48.12595698684454,-96.25519929585457,80.21211738781929
2024-09-23 18:42:59.833257,39.78,43.226287,-0.0029349636958644295,-0.023429960042815445,0.09755024973162574,48.12595698684454,-96.25519929585457,80.21211738781929
2024-09-23 18:42:59.844799,39.78,43.226338,-0.002437506429281439,-0.022733528983459317,0.09755024973162574,48.12595698684454,-96.25519929585457,72.1922225099802
2024-09-23 18:42:59.886881,39.78,43.226388,-0.002437506429281439,-0.022733528983459317,0.09755024973162574,40.106058693909645,-92.24360919585227,76.200527287817
2024-09-23 18:42:59.898598,39.78,43.226388,-0.0028852147413806935,-0.023429960042815445,0.09755024973162574,40.106058693909645,-92.24360919585227,76.200527287817
2024-09-23 18:42:59.930880,39.78,43.226388,-0.0028852147413806935,-0.023429960042815445,0.09720203344245934,40.106058693909645,-92.24360919585227,76.200527287817
2024-09-23 18:42:59.942398,39.78,43.22648,-0.0028852147413806935,-0.023429960042815445,0.09720203344245934,36.09446859390736,-104.27510100388527,84.22370748782159
2024-09-23 18:42:59.985431,39.78,43.22648,-0.0028852147413806935,-0.02338022115155219,0.09685382322919964,36.09446859390736,-92.24360919585227,80.21211738781929
2024-09-23 18:42:59.997191,39.78,43.226575,-0.0028852147413806935,-0.02338022115155219,0.09685382322919964,36.09446859390736,-92.24360919585227,80.21211738781929
2024-09-23 18:43:00.030271,39.78,43.226575,-0.002785727465249955,-0.02367869399252531,0.09685382322919964,36.09446859390736,-92.24360919585227,80.21211738781929
2024-09-23 18:43:00.041677,39.78,43.226575,-0.002785727465249955,-0.02367869399252531,0.09725178296655933,44.11764879391193,-92.24360919585227,80.21211738781929
2024-09-23 18:43:00.085421,39.78,43.226673,-0.0031836870127375577,-0.023728432883788564,0.09725178296655933,52.137550501942634,-96.25519929585457,80.21211738781929
2024-09-23 18:43:00.127420,39.78,43.226724,-0.0031836870127375577,-0.023728432883788564,0.09725178296655933,52.137550501942634,-96.25519929585457,76.200527287817
2024-09-23 18:43:00.138491,39.78,43.226724,-0.0029847020175114316,-0.023429960042815445,0.0973512698629459,40.106058693909645,-96.25519929585457,76.200527287817
2024-09-23 18:43:00.181623,39.78,43.226775,-0.0030344509719951677,-0.02278327698858263,0.09680407370509965,40.106058693909645,-88.23529758782387,80.21211738781929
2024-09-23 18:43:00.226421,39.78,43.226775,-0.0030344509719951677,-0.02278327698858263,0.09680407370509965,32.08287849390507,-96.25519929585457,80.21211738781929
2024-09-23 18:43:00.237696,39.78,43.226826,-0.0020892956464054874,-0.02278327698858263,0.09680407370509965,32.08287849390507,-96.25519929585457,80.21211738781929
2024-09-23 18:43:00.281205,39.78,43.226826,-0.0020892956464054874,-0.02303200030545576,0.09680407370509965,32.08287849390507,-96.25519929585457,80.21211738781929
2024-09-23 18:43:00.323793,39.78,43.226826,-0.0020892956464054874,-0.02303200030545576,0.09740101331113918,40.106058693909645,-96.25519929585457,80.21211738781929
2024-09-23 18:43:00.335120,39.78,43.226876,-0.0029847020175114316,-0.02303200030545576,0.09740101331113918,40.106058693909645,-96.25519929585457,76.200527287817
2024-09-23 18:43:00.377914,39.78,43.226965,-0.0029847020175114316,-0.023429960042815445,0.09740101331113918,48.12595698684454,-92.24360919585227,76.200527287817
2024-09-23 18:43:00.421041,39.78,43.226965,-0.002785727465249955,-0.022982261414192504,0.09685382322919964,48.12595698684454,-92.24360919585227,76.200527287817
2024-09-23 18:43:00.432560,39.78,43.226965,-0.002785727465249955,-0.022982261414192504,0.09685382322919964,48.12595698684454,-92.24360919585227,72.1922225099802
2024-09-23 18:43:00.476396,39.78,43.227016,-0.0022385316871478774,-0.023429960042815445,0.09715228999426605,36.09446859390736,-100.26678939585686,72.1922225099802
2024-09-23 18:43:00.519306,39.78,43.227067,-0.0025369937054121774,-0.023429960042815445,0.09715228999426605,36.09446859390736,-100.26678939585686,76.200527287817
2024-09-23 18:43:00.530736,39.78,43.227067,-0.0025369937054121774,-0.023280723622328886,0.09680407370509965,36.09446859390736,-100.26678939585686,76.200527287817
2024-09-23 18:43:00.573327,39.78,43.227162,-0.003233425524256645,-0.023280723622328886,0.09720203344245934,36.09446859390736,-96.25519929585457,76.200527287817
2024-09-23 18:43:00.668003,39.78,43.227212,-0.0027359787006383035,-0.023280723622328886,0.09720203344245934,44.11764879391193,-96.25519929585457,76.200527287817
2024-09-23 18:43:00.679646,39.78,43.227212,-0.0027359787006383035,-0.02303200030545576,0.09720203344245934,44.11764879391193,-96.25519929585457,76.200527287817
2024-09-23 18:43:00.712394,39.78,43.227212,-0.0027359787006383035,-0.02303200030545576,0.09665483728461309,40.106058693909645,-96.25519929585457,76.200527287817
2024-09-23 18:43:00.723690,39.78,43.227263,-0.0027359787006383035,-0.02303200030545576,0.09665483728461309,40.106058693909645,-92.24360919585227,72.1922225099802
2024-09-23 18:43:00.765843,39.78,43.227263,-0.0027359787006383035,-0.022982261414192504,0.09740101331113918,36.09446859390736,-92.24360919585227,84.22370748782159
2024-09-23 18:43:00.777729,39.78,43.227355,-0.0027359787006383035,-0.022982261414192504,0.09740101331113918,36.09446859390736,-92.24360919585227,84.22370748782159
2024-09-23 18:43:00.809316,40.09,43.227355,-0.002437506429281439,-0.02313149783467906,0.09740101331113918,36.09446859390736,-92.24360919585227,84.22370748782159
2024-09-23 18:43:00.821685,40.09,43.227355,-0.002437506429281439,-0.02313149783467906,0.09715228999426605,36.09446859390736,-92.24360919585227,84.22370748782159
2024-09-23 18:43:00.864505,40.09,43.227406,-0.0028852147413806935,-0.02313149783467906,0.09715228999426605,40.106058693909645,-96.25519929585457,84.22370748782159
2024-09-23 18:43:00.876382,40.09,43.227406,-0.0028852147413806935,-0.023330473146428877,0.09715228999426605,40.106058693909645,-96.25519929585457,84.22370748782159
2024-09-23 18:43:00.909237,40.09,43.227406,-0.0028852147413806935,-0.023330473146428877,0.09695331012558621,44.11764879391193,-96.25519929585457,84.22370748782159
2024-09-23 18:43:00.921911,40.09,43.227502,-0.003233425524256645,-0.023330473146428877,0.09695331012558621,44.11764879391193,-96.25519929585457,80.21211738781929
2024-09-23 18:43:00.954596,40.09,43.227502,-0.003233425524256645,-0.022982261414192504,0.09695331012558621,44.11764879391193,-96.25519929585457,80.21211738781929
2024-09-23 18:43:00.965981,40.09,43.227553,-0.003233425524256645,-0.022982261414192504,0.0970030596496862,40.106058693909645,-88.23529758782387,68.18063240997792
2024-09-23 18:43:01.008003,40.09,43.227553,-0.0026862297461545674,-0.023280723622328886,0.09665483728461309,32.08287849390507,-88.23529758782387,68.18063240997792
2024-09-23 18:43:01.019818,40.09,43.227553,-0.0026862297461545674,-0.023280723622328886,0.09665483728461309,32.08287849390507,-92.24360919585227,80.21211738781929
2024-09-23 18:43:01.052737,40.09,43.227604,-0.002785727465249955,-0.023280723622328886,0.09665483728461309,32.08287849390507,-92.24360919585227,80.21211738781929
2024-09-23 18:43:01.063872,40.09,43.227604,-0.002785727465249955,-0.02308174982955575,0.09715228999426605,36.09446859390736,-104.27510100388527,80.21211738781929
2024-09-23 18:43:01.106165,40.09,43.227697,-0.0029847020175114316,-0.023181236725942318,0.09715228999426605,36.09446859390736,-104.27510100388527,80.21211738781929
2024-09-23 18:43:01.119242,40.09,43.227697,-0.0029847020175114316,-0.023181236725942318,0.09695331012558621,40.106058693909645,-104.27510100388527,80.21211738781929
2024-09-23 18:43:01.151908,40.09,43.227748,-0.0029847020175114316,-0.023181236725942318,0.09695331012558621,40.106058693909645,-96.25519929585457,76.200527287817
2024-09-23 18:43:01.163878,40.09,43.227748,-0.0031339382481259063,-0.02313149783467906,0.09715228999426605,40.106058693909645,-96.25519929585457,76.200527287817
2024-09-23 18:43:01.207097,40.09,43.227799,-0.0031339382481259063,-0.022982261414192504,0.09715228999426605,40.106058693909645,-100.26678939585686,72.1922225099802
2024-09-23 18:43:01.249241,40.09,43.227799,-0.0031339382481259063,-0.022982261414192504,0.09715228999426605,40.106058693909645,-100.26678939585686,72.1922225099802
2024-09-23 18:43:01.260869,40.09,43.22785,-0.0023380189632786156,-0.022982261414192504,0.09715228999426605,40.106058693909645,-96.25519929585457,76.200527287817
2024-09-23 18:43:01.304484,40.09,43.22794,-0.0023380189632786156,-0.023280723622328886,0.09670458680871308,40.106058693909645,-96.25519929585457,72.1922225099802
2024-09-23 18:43:01.346557,40.09,43.22794,-0.0034324103296106863,-0.02313149783467906,0.09670458680871308,40.106058693909645,-96.25519929585457,72.1922225099802
2024-09-23 18:43:01.399345,40.09,43.227991,-0.0034324103296106863,-0.02313149783467906,0.09745075675933246,44.11764879391193,-96.25519929585457,76.200527287817
2024-09-23 18:43:01.411629,40.09,43.227991,-0.0029349636958644295,-0.02313149783467906,0.09745075675933246,44.11764879391193,-96.25519929585457,76.200527287817
2024-09-23 18:43:01.445606,40.09,43.227991,-0.0029349636958644295,-0.023280723622328886,0.09705279702197278,40.106058693909645,-96.25519929585457,76.200527287817
2024-09-23 18:43:01.457388,40.09,43.228042,-0.0029349636958644295,-0.023280723622328886,0.09705279702197278,40.106058693909645,-92.24360919585227,76.200527287817
2024-09-23 18:43:01.499570,40.09,43.228042,-0.0030344509719951677,-0.022982261414192504,0.09715228999426605,40.106058693909645,-96.25519929585457,76.200527287817
2024-09-23 18:43:01.543258,40.09,43.228093,-0.0028852147413806935,-0.023280723622328886,0.09715228999426605,40.106058693909645,-96.25519929585457,76.200527287817
2024-09-23 18:43:01.554559,40.09,43.228093,-0.0028852147413806935,-0.023280723622328886,0.09750050628343246,40.106058693909645,-92.24360919585227,76.200527287817
2024-09-23 18:43:01.597695,40.09,43.228143,-0.0030841997366068195,-0.023778180888911878,0.09710254654607277,44.11764879391193,-92.24360919585227,76.200527287817
2024-09-23 18:43:01.639827,40.09,43.228143,-0.0030841997366068195,-0.023778180888911878,0.09710254654607277,44.11764879391193,-96.25519929585457,76.200527287817
2024-09-23 18:43:01.692237,40.09,43.228234,-0.0030344509719951677,-0.02367869399252531,0.09725178296655933,44.11764879391193,-96.25519929585457,80.21211738781929
2024-09-23 18:43:01.704654,40.09,43.228234,-0.0030344509719951677,-0.02367869399252531,0.09725178296655933,40.106058693909645,-96.25519929585457,80.21211738781929
2024-09-23 18:43:01.739234,40.09,43.228285,-0.0030344509719951677,-0.02367869399252531,0.09725178296655933,40.106058693909645,-88.23529758782387,84.22370748782159
2024-09-23 18:43:01.750808,40.09,43.228285,-0.002785727465249955,-0.02303200030545576,0.09675432418099966,40.106058693909645,-88.23529758782387,84.22370748782159
2024-09-23 18:43:01.782400,40.09,43.228285,-0.002785727465249955,-0.02303200030545576,0.09675432418099966,44.11764879391193,-88.23529758782387,84.22370748782159
2024-09-23 18:43:01.793474,40.09,43.228336,-0.0029349636958644295,-0.02313149783467906,0.09675432418099966,44.11764879391193,-92.24360919585227,80.21211738781929
2024-09-23 18:43:01.836367,40.33,43.228336,-0.0029349636958644295,-0.02313149783467906,0.09680407370509965,44.11764879391193,-92.24360919585227,80.21211738781929
2024-09-23 18:43:01.889157,40.33,43.228427,-0.0025369937054121774,-0.023330473146428877,0.09725178296655933,44.11764879391193,-96.25519929585457,76.200527287817
2024-09-23 18:43:01.932369,40.33,43.228427,-0.0025369937054121774,-0.023330473146428877,0.09725178296655933,36.09446859390736,-100.26678939585686,76.200527287817
2024-09-23 18:43:01.944974,40.33,43.228478,-0.0025369937054121774,-0.023330473146428877,0.09725178296655933,36.09446859390736,-100.26678939585686,76.200527287817
2024-09-23 18:43:01.977102,40.33,43.228478,-0.0025369937054121774,-0.023330473146428877,0.09725178296655933,36.09446859390736,-100.26678939585686,76.200527287817
2024-09-23 18:43:01.988404,40.33,43.228478,-0.0025369937054121774,-0.023230986250042305,0.09755024973162574,44.11764879391193,-92.24360919585227,76.200527287817
2024-09-23 18:43:02.031990,40.33,43.228574,-0.0029847020175114316,-0.02352945757203875,0.0976994861521123,44.11764879391193,-92.24360919585227,76.200527287817
2024-09-23 18:43:02.044463,40.33,43.228574,-0.0029847020175114316,-0.02352945757203875,0.0976994861521123,56.14914060194492,-92.24360919585227,76.200527287817
2024-09-23 18:43:02.076722,40.33,43.228626,-0.0029847020175114316,-0.02352945757203875,0.0976994861521123,56.14914060194492,-92.24360919585227,76.200527287817
2024-09-23 18:43:02.088471,40.33,43.228626,-0.0031339382481259063,-0.02367869399252531,0.09750050628343246,44.11764879391193,-92.24360919585227,76.200527287817
2024-09-23 18:43:02.130163,40.33,43.22872,-0.0027359787006383035,-0.023230986250042305,0.09750050628343246,44.11764879391193,-92.24360919585227,80.21211738781929
2024-09-23 18:43:02.141819,40.33,43.22872,-0.0027359787006383035,-0.023230986250042305,0.09640611396773996,44.11764879391193,-92.24360919585227,80.21211738781929
2024-09-23 18:43:02.225961,40.33,43.22872,-0.0027359787006383035,-0.023230986250042305,0.09640611396773996,44.11764879391193,-92.24360919585227,80.21211738781929
2024-09-23 18:43:02.238016,40.33,43.228771,-0.0028354659767690416,-0.023330473146428877,0.09640611396773996,44.11764879391193,-92.24360919585227,80.21211738781929
2024-09-23 18:43:02.270211,40.33,43.228771,-0.0028354659767690416,-0.023330473146428877,0.09755024973162574,44.11764879391193,-92.24360919585227,80.21211738781929
2024-09-23 18:43:02.281726,40.33,43.228822,-0.0028354659767690416,-0.023330473146428877,0.09755024973162574,48.12595698684454,-92.24360919585227,80.21211738781929
2024-09-23 18:43:02.324440,40.33,43.228822,-0.0028354659767690416,-0.02338022115155219,0.09720203344245934,40.106058693909645,-96.25519929585457,80.21211738781929
2024-09-23 18:43:02.336098,40.33,43.228915,-0.0028354659767690416,-0.02338022115155219,0.09720203344245934,40.106058693909645,-96.25519929585457,76.200527287817
2024-09-23 18:43:02.368954,40.33,43.228915,-0.0028354659767690416,-0.02338022115155219,0.09720203344245934,40.106058693909645,-96.25519929585457,76.200527287817
2024-09-23 18:43:02.380107,40.33,43.228915,-0.0028354659767690416,-0.02293251340906919,0.09720203344245934,40.106058693909645,-92.24360919585227,76.200527287817
2024-09-23 18:43:02.473287,40.33,43.228966,-0.002636491424507565,-0.023280723622328886,0.0973015264147526,44.11764879391193,-88.23529758782387,76.200527287817
2024-09-23 18:43:02.516655,40.33,43.229062,-0.002636491424507565,-0.023280723622328886,0.0973015264147526,44.11764879391193,-88.23529758782387,72.1922225099802
2024-09-23 18:43:02.528372,40.33,43.229062,-0.0027359787006383035,-0.0228827638849692,0.09705279702197278,40.106058693909645,-88.23529758782387,72.1922225099802
2024-09-23 18:43:02.571219,40.33,43.229113,-0.0031836870127375577,-0.023827930413011865,0.09665483728461309,40.106058693909645,-88.23529758782387,72.1922225099802
2024-09-23 18:43:02.612984,40.33,43.229113,-0.0031836870127375577,-0.023827930413011865,0.09665483728461309,40.106058693909645,-96.25519929585457,72.1922225099802
2024-09-23 18:43:02.624761,40.33,43.229164,-0.0026862297461545674,-0.02362894446842532,0.09665483728461309,40.106058693909645,-96.25519929585457,76.200527287817
2024-09-23 18:43:02.667653,40.33,43.229164,-0.0026862297461545674,-0.02362894446842532,0.0973015264147526,40.106058693909645,-96.25519929585457,76.200527287817
2024-09-23 18:43:02.709963,40.33,43.229164,-0.0026862297461545674,-0.02362894446842532,0.0973015264147526,44.11764879391193,-96.25519929585457,76.200527287817
2024-09-23 18:43:02.721650,40.33,43.229215,-0.002785727465249955,-0.02303200030545576,0.0973015264147526,44.11764879391193,-92.24360919585227,72.1922225099802
2024-09-23 18:43:02.764950,40.33,43.229354,-0.002785727465249955,-0.02303200030545576,0.0970030596496862,40.106058693909645,-92.24360919585227,76.200527287817
2024-09-23 18:43:02.777055,40.33,43.229354,-0.0029349636958644295,-0.02303200030545576,0.0970030596496862,40.106058693909645,-92.24360919585227,76.200527287817
2024-09-23 18:43:02.809688,40.33,43.229354,-0.0029349636958644295,-0.02303200030545576,0.09725178296655933,36.09446859390736,-92.24360919585227,76.200527287817
2024-09-23 18:43:02.821476,40.33,43.229405,-0.0029349636958644295,-0.02303200030545576,0.09725178296655933,36.09446859390736,-92.24360919585227,72.1922225099802
2024-09-23 18:43:02.905291,40.09,43.229405,-0.002586742470023829,-0.02303200030545576,0.09725178296655933,36.09446859390736,-92.24360919585227,72.1922225099802
2024-09-23 18:43:02.917430,40.09,43.229405,-0.002586742470023829,-0.02362894446842532,0.09715228999426605,40.106058693909645,-92.24360919585227,76.200527287817
2024-09-23 18:43:02.962372,40.09,43.229456,-0.002586742470023829,-0.02362894446842532,0.09715228999426605,40.106058693909645,-92.24360919585227,76.200527287817
2024-09-23 18:43:03.005101,40.09,43.229456,-0.002586742470023829,-0.02268379009219606,0.09715228999426605,40.106058693909645,-92.24360919585227,76.200527287817
2024-09-23 18:43:03.016827,40.09,43.229456,-0.002586742470023829,-0.02268379009219606,0.09725178296655933,40.106058693909645,-92.24360919585227,80.21211738781929
2024-09-23 18:43:03.060475,40.09,43.22955,-0.0028852147413806935,-0.023778180888911878,0.0973512698629459,40.106058693909645,-100.26678939585686,80.21211738781929
2024-09-23 18:43:03.103587,40.09,43.229601,-0.0025369937054121774,-0.022982261414192504,0.0973512698629459,40.106058693909645,-100.26678939585686,76.200527287817
2024-09-23 18:43:03.115259,40.09,43.229601,-0.0025369937054121774,-0.022982261414192504,0.09774922960030558,40.106058693909645,-100.26678939585686,76.200527287817
2024-09-23 18:43:03.147070,40.09,43.229601,-0.0025369937054121774,-0.022982261414192504,0.09774922960030558,44.11764879391193,-100.26678939585686,76.200527287817
2024-09-23 18:43:03.158748,40.09,43.229652,-0.0030841997366068195,-0.023479709566915436,0.09774922960030558,44.11764879391193,-100.26678939585686,72.1922225099802
2024-09-23 18:43:03.201715,40.09,43.229652,-0.0030841997366068195,-0.023479709566915436,0.09680407370509965,40.106058693909645,-92.24360919585227,76.200527287817
2024-09-23 18:43:03.213351,40.09,43.229746,-0.0022385316871478774,-0.023479709566915436,0.09680407370509965,40.106058693909645,-92.24360919585227,76.200527287817
2024-09-23 18:43:03.246372,40.09,43.229746,-0.0022385316871478774,-0.023330473146428877,0.09680407370509965,40.106058693909645,-92.24360919585227,76.200527287817
2024-09-23 18:43:03.257544,40.09,43.229844,-0.0022385316871478774,-0.023330473146428877,0.09690356060148622,40.106058693909645,-92.24360919585227,72.1922225099802
2024-09-23 18:43:03.300644,40.09,43.229844,-0.0032831742888682963,-0.02362894446842532,0.09655535038822652,44.11764879391193,-96.25519929585457,72.1922225099802
2024-09-23 18:43:03.312411,40.09,43.229844,-0.0032831742888682963,-0.02362894446842532,0.09655535038822652,44.11764879391193,-96.25519929585457,76.200527287817
2024-09-23 18:43:03.344152,40.09,43.229939,-0.0028354659767690416,-0.02362894446842532,0.09655535038822652,44.11764879391193,-96.25519929585457,76.200527287817
2024-09-23 18:43:03.355946,40.09,43.229939,-0.0028354659767690416,-0.02352945757203875,0.0970030596496862,40.106058693909645,-100.26678939585686,76.200527287817
2024-09-23 18:43:03.398540,40.09,43.229991,-0.0029349636958644295,-0.023778180888911878,0.0973512698629459,40.106058693909645,-100.26678939585686,76.200527287817
2024-09-23 18:43:03.410586,40.09,43.229991,-0.0029349636958644295,-0.023778180888911878,0.0973512698629459,40.106058693909645,-100.26678939585686,76.200527287817
2024-09-23 18:43:03.443601,40.09,43.230042,-0.0029349636958644295,-0.023778180888911878,0.0973512698629459,40.106058693909645,-92.24360919585227,76.200527287817
2024-09-23 18:43:03.455092,40.09,43.230042,-0.002586742470023829,-0.023579196463302005,0.09774922960030558,40.106058693909645,-92.24360919585227,76.200527287817
2024-09-23 18:43:03.497878,40.09,43.230092,-0.0031339382481259063,-0.02313149783467906,0.09774922960030558,40.106058693909645,-92.24360919585227,76.200527287817
2024-09-23 18:43:03.539992,40.09,43.230092,-0.0031339382481259063,-0.02313149783467906,0.09745075675933246,40.106058693909645,-92.24360919585227,76.200527287817
2024-09-23 18:43:03.592705,40.09,43.230143,-0.002387757474797703,-0.02313149783467906,0.09745075675933246,40.106058693909645,-88.23529758782387,76.200527287817
2024-09-23 18:43:03.604468,40.09,43.230143,-0.002387757474797703,-0.023579196463302005,0.09745075675933246,40.106058693909645,-88.23529758782387,76.200527287817
2024-09-23 18:43:03.636199,40.09,43.230143,-0.002387757474797703,-0.023579196463302005,0.0970030596496862,40.106058693909645,-88.23529758782387,76.200527287817
2024-09-23 18:43:03.648048,40.09,43.230231,-0.0029349636958644295,-0.023579196463302005,0.0970030596496862,32.08287849390507,-96.25519929585457,80.21211738781929
2024-09-23 18:43:03.691047,40.09,43.230231,-0.0029349636958644295,-0.02338022115155219,0.09675432418099966,44.11764879391193,-96.25519929585457,80.21211738781929
2024-09-23 18:43:03.733719,40.09,43.230231,-0.0029349636958644295,-0.02338022115155219,0.09675432418099966,44.11764879391193,-92.24360919585227,80.21211738781929
2024-09-23 18:43:03.745656,40.09,43.230283,-0.002437506429281439,-0.023827930413011865,0.09695331012558621,44.11764879391193,-92.24360919585227,76.200527287817
2024-09-23 18:43:03.788949,40.09,43.230333,-0.0035816467500972456,-0.023827930413011865,0.09695331012558621,44.11764879391193,-100.26678939585686,72.1922225099802
2024-09-23 18:43:03.801005,40.09,43.230333,-0.0035816467500972456,-0.02338022115155219,0.09695331012558621,44.11764879391193,-100.26678939585686,72.1922225099802
2024-09-23 18:43:03.833410,40.09,43.230333,-0.0035816467500972456,-0.02338022115155219,0.09740101331113918,40.106058693909645,-100.26678939585686,72.1922225099802
2024-09-23 18:43:03.845674,40.09,43.230427,-0.0026862297461545674,-0.02338022115155219,0.09740101331113918,40.106058693909645,-100.26678939585686,76.200527287817
2024-09-23 18:43:03.888163,40.09,43.230478,-0.0026862297461545674,-0.0228827638849692,0.09720203344245934,48.12595698684454,-96.25519929585457,72.1922225099802
2024-09-23 18:43:03.930230,40.47,43.230478,-0.002636491424507565,-0.02313149783467906,0.09720203344245934,48.12595698684454,-96.25519929585457,72.1922225099802
2024-09-23 18:43:03.941712,40.47,43.230478,-0.002636491424507565,-0.02313149783467906,0.0970030596496862,44.11764879391193,-88.23529758782387,76.200527287817
2024-09-23 18:43:03.985298,40.47,43.230573,-0.0028852147413806935,-0.023330473146428877,0.09680407370509965,40.106058693909645,-92.24360919585227,76.200527287817
2024-09-23 18:43:04.028862,40.47,43.230624,-0.002636491424507565,-0.023330473146428877,0.09680407370509965,40.106058693909645,-92.24360919585227,80.21211738781929
2024-09-23 18:43:04.040085,40.47,43.230624,-0.002636491424507565,-0.02263404056809607,0.09685382322919964,36.09446859390736,-92.24360919585227,80.21211738781929
2024-09-23 18:43:04.083492,40.47,43.230675,-0.002636491424507565,-0.02263404056809607,0.09685382322919964,36.09446859390736,-108.28669110388756,68.18063240997792
2024-09-23 18:43:04.126618,40.47,43.230675,-0.0028354659767690416,-0.023479709566915436,0.09720203344245934,36.09446859390736,-108.28669110388756,68.18063240997792
2024-09-23 18:43:04.138748,40.47,43.230675,-0.0028354659767690416,-0.023479709566915436,0.09720203344245934,48.12595698684454,-104.27510100388527,80.21211738781929
2024-09-23 18:43:04.170958,40.47,43.230726,-0.0028354659767690416,-0.023479709566915436,0.09720203344245934,48.12595698684454,-104.27510100388527,80.21211738781929
2024-09-23 18:43:04.183184,40.47,43.230726,-0.0024872551938930902,-0.0228827638849692,0.0973015264147526,40.106058693909645,-96.25519929585457,80.21211738781929
2024-09-23 18:43:04.225266,40.47,43.230776,-0.003482159473966507,-0.023429960042815445,0.0973015264147526,40.106058693909645,-96.25519929585457,76.200527287817
2024-09-23 18:43:04.236886,40.47,43.230776,-0.003482159473966507,-0.023429960042815445,0.09665483728461309,52.137550501942634,-96.25519929585457,76.200527287817
2024-09-23 18:43:04.268311,40.47,43.230776,-0.003482159473966507,-0.023429960042815445,0.09665483728461309,52.137550501942634,-104.27510100388527,76.200527287817
2024-09-23 18:43:04.279554,40.47,43.230865,-0.0025369937054121774,-0.02308174982955575,0.09685382322919964,52.137550501942634,-104.27510100388527,76.200527287817
2024-09-23 18:43:04.322081,40.47,43.230865,-0.0025369937054121774,-0.02308174982955575,0.09685382322919964,48.12595698684454,-92.24360919585227,76.200527287817
2024-09-23 18:43:04.333935,40.47,43.230916,-0.0031339382481259063,-0.02338022115155219,0.09685382322919964,48.12595698684454,-92.24360919585227,76.200527287817
2024-09-23 18:43:04.366948,40.47,43.230916,-0.0031339382481259063,-0.02338022115155219,0.09705279702197278,48.12595698684454,-92.24360919585227,76.200527287817
2024-09-23 18:43:04.378591,40.47,43.230967,-0.002636491424507565,-0.02338022115155219,0.09705279702197278,40.106058693909645,-96.25519929585457,72.1922225099802
2024-09-23 18:43:04.420327,40.47,43.230967,-0.002636491424507565,-0.023927417309398437,0.09690356060148622,32.08287849390507,-92.24360919585227,72.1922225099802
2024-09-23 18:43:04.432094,40.47,43.23106,-0.002636491424507565,-0.023927417309398437,0.09690356060148622,32.08287849390507,-92.24360919585227,72.1922225099802
2024-09-23 18:43:04.464690,40.47,43.23106,-0.003382661564999035,-0.023927417309398437,0.09690356060148622,32.08287849390507,-92.24360919585227,72.1922225099802
2024-09-23 18:43:04.476337,40.47,43.23106,-0.003382661564999035,-0.023230986250042305,0.09725178296655933,36.09446859390736,-92.24360919585227,72.1922225099802
2024-09-23 18:43:04.519280,40.47,43.231111,-0.0031836870127375577,-0.023181236725942318,0.09720203344245934,40.106058693909645,-92.24360919585227,72.1922225099802
2024-09-23 18:43:04.530854,40.47,43.231111,-0.0031836870127375577,-0.023181236725942318,0.09720203344245934,40.106058693909645,-96.25519929585457,72.1922225099802
2024-09-23 18:43:04.563219,40.47,43.231162,-0.0031836870127375577,-0.023181236725942318,0.09720203344245934,40.106058693909645,-96.25519929585457,72.1922225099802
2024-09-23 18:43:04.574588,40.47,43.231162,-0.0027359787006383035,-0.023181236725942318,0.09750050628343246,48.12595698684454,-96.25519929585457,72.1922225099802
2024-09-23 18:43:04.616475,40.47,43.231213,-0.002387757474797703,-0.02308174982955575,0.09750050628343246,48.12595698684454,-96.25519929585457,76.200527287817
2024-09-23 18:43:04.628514,40.47,43.231213,-0.002387757474797703,-0.02308174982955575,0.09675432418099966,48.12595698684454,-96.25519929585457,76.200527287817
2024-09-23 18:43:04.660780,40.47,43.231213,-0.002387757474797703,-0.02308174982955575,0.09675432418099966,44.11764879391193,-100.26678939585686,76.200527287817
2024-09-23 18:43:04.672968,40.47,43.231263,-0.0028852147413806935,-0.022833026512682618,0.09675432418099966,44.11764879391193,-100.26678939585686,72.1922225099802
2024-09-23 18:43:04.716320,40.47,43.231263,-0.0028852147413806935,-0.022833026512682618,0.09690356060148622,40.106058693909645,-100.26678939585686,72.1922225099802
2024-09-23 18:43:04.758216,40.47,43.231263,-0.0028852147413806935,-0.022833026512682618,0.09690356060148622,40.106058693909645,-104.27510100388527,72.1922225099802
2024-09-23 18:43:04.769343,40.47,43.231314,-0.002636491424507565,-0.023877669304275123,0.0976994861521123,40.106058693909645,-104.27510100388527,72.1922225099802
2024-09-23 18:43:04.811995,40.47,43.231401,-0.0030344509719951677,-0.023877669304275123,0.0976994861521123,36.09446859390736,-92.24360919585227,76.200527287817
2024-09-23 18:43:04.824240,40.47,43.231401,-0.0030344509719951677,-0.023280723622328886,0.0976994861521123,36.09446859390736,-92.24360919585227,76.200527287817
2024-09-23 18:43:04.856361,40.47,43.231401,-0.0030344509719951677,-0.023280723622328886,0.0973512698629459,36.09446859390736,-92.24360919585227,76.200527287817
2024-09-23 18:43:04.867937,40.47,43.231453,-0.0028852147413806935,-0.023280723622328886,0.0973512698629459,36.09446859390736,-100.26678939585686,72.1922225099802
2024-09-23 18:43:04.911742,40.47,43.231503,-0.0028852147413806935,-0.02352945757203875,0.09690356060148622,44.11764879391193,-100.26678939585686,72.1922225099802
2024-09-23 18:43:04.955016,40.94,43.231503,-0.0025369937054121774,-0.02352945757203875,0.09720203344245934,44.11764879391193,-100.26678939585686,72.1922225099802
2024-09-23 18:43:04.966511,40.94,43.231503,-0.0025369937054121774,-0.02352945757203875,0.09720203344245934,40.106058693909645,-100.26678939585686,76.200527287817
2024-09-23 18:43:05.009016,40.94,43.231597,-0.0023380189632786156,-0.023280723622328886,0.09690356060148622,40.106058693909645,-100.26678939585686,76.200527287817
2024-09-23 18:43:05.052398,40.94,43.231649,-0.0026862297461545674,-0.023280723622328886,0.09690356060148622,40.106058693909645,-100.26678939585686,68.18063240997792
2024-09-23 18:43:05.063811,40.94,43.231649,-0.0026862297461545674,-0.023479709566915436,0.09690356060148622,48.12595698684454,-100.26678939585686,68.18063240997792
2024-09-23 18:43:05.106343,40.94,43.231699,-0.0026862297461545674,-0.023280723622328886,0.09650560086412653,48.12595698684454,-92.24360919585227,72.1922225099802
2024-09-23 18:43:05.148502,40.94,43.231699,-0.0026862297461545674,-0.023280723622328886,0.09650560086412653,40.106058693909645,-92.24360919585227,72.1922225099802
2024-09-23 18:43:05.160345,40.94,43.23175,-0.0027359787006383035,-0.02293251340906919,0.09650560086412653,40.106058693909645,-92.24360919585227,72.1922225099802
2024-09-23 18:43:05.203003,40.94,43.231801,-0.0028852147413806935,-0.02293251340906919,0.09695331012558621,44.11764879391193,-100.26678939585686,76.200527287817
2024-09-23 18:43:05.245858,40.94,43.231801,-0.0028852147413806935,-0.022833026512682618,0.09705279702197278,44.11764879391193,-100.26678939585686,76.200527287817
2024-09-23 18:43:05.257384,40.94,43.231889,-0.0028852147413806935,-0.022833026512682618,0.09705279702197278,48.12595698684454,-96.25519929585457,80.21211738781929
2024-09-23 18:43:05.299013,40.94,43.231889,-0.0030841997366068195,-0.02303200030545576,0.09750050628343246,44.11764879391193,-96.25519929585457,80.21211738781929
2024-09-23 18:43:05.311069,40.94,43.231889,-0.0030841997366068195,-0.02303200030545576,0.09750050628343246,44.11764879391193,-96.25519929585457,80.21211738781929
2024-09-23 18:43:05.344777,40.94,43.23194,-0.003233425524256645,-0.023181236725942318,0.09750050628343246,44.11764879391193,-96.25519929585457,80.21211738781929
2024-09-23 18:43:05.356245,40.94,43.23194,-0.003233425524256645,-0.023181236725942318,0.09740101331113918,52.137550501942634,-92.24360919585227,80.21211738781929
2024-09-23 18:43:05.398968,40.94,43.231991,-0.002785727465249955,-0.02367869399252531,0.09715228999426605,48.12595698684454,-92.24360919585227,76.200527287817
2024-09-23 18:43:05.441792,40.94,43.232042,-0.002785727465249955,-0.02367869399252531,0.09715228999426605,48.12595698684454,-96.25519929585457,72.1922225099802
2024-09-23 18:43:05.454093,40.94,43.232042,-0.0030841997366068195,-0.0228827638849692,0.09774922960030558,48.12595698684454,-96.25519929585457,72.1922225099802
2024-09-23 18:43:05.496468,40.94,43.232092,-0.0021887829225362256,-0.02308174982955575,0.09774922960030558,44.11764879391193,-96.25519929585457,80.21211738781929
2024-09-23 18:43:05.539796,40.94,43.232092,-0.0021887829225362256,-0.02308174982955575,0.0973015264147526,36.09446859390736,-100.26678939585686,80.21211738781929
2024-09-23 18:43:05.551342,40.94,43.232143,-0.002785727465249955,-0.02308174982955575,0.0973015264147526,36.09446859390736,-100.26678939585686,72.1922225099802
2024-09-23 18:43:05.595050,40.94,43.23223,-0.002785727465249955,-0.02313149783467906,0.09715228999426605,32.08287849390507,-96.25519929585457,76.200527287817
2024-09-23 18:43:05.636891,40.94,43.23223,-0.0030344509719951677,-0.022982261414192504,0.09750050628343246,32.08287849390507,-96.25519929585457,76.200527287817
2024-09-23 18:43:05.648800,40.94,43.23223,-0.0030344509719951677,-0.022982261414192504,0.09750050628343246,36.09446859390736,-96.25519929585457,80.21211738781929
2024-09-23 18:43:05.691380,40.94,43.232282,-0.0030841997366068195,-0.023429960042815445,0.09750050628343246,28.07457030097246,-108.28669110388756,80.21211738781929
2024-09-23 18:43:05.734148,40.94,43.232332,-0.0030841997366068195,-0.023429960042815445,0.09750050628343246,28.07457030097246,-108.28669110388756,72.1922225099802
2024-09-23 18:43:05.786923,40.94,43.232332,-0.002586742470023829,-0.023280723622328886,0.09695331012558621,32.08287849390507,-100.26678939585686,72.1922225099802
2024-09-23 18:43:05.798862,40.94,43.232332,-0.002586742470023829,-0.023280723622328886,0.09695331012558621,32.08287849390507,-100.26678939585686,80.21211738781929
2024-09-23 18:43:05.831044,40.94,43.232383,-0.002785727465249955,-0.023280723622328886,0.09695331012558621,32.08287849390507,-100.26678939585686,80.21211738781929
2024-09-23 18:43:05.842720,40.94,43.232383,-0.002785727465249955,-0.02362894446842532,0.09764974270391902,36.09446859390736,-96.25519929585457,80.21211738781929
2024-09-23 18:43:05.886631,40.94,43.232434,-0.0033329230534799477,-0.02367869399252531,0.09799795899308542,40.106058693909645,-96.25519929585457,80.21211738781929
2024-09-23 18:43:05.928852,40.94,43.232434,-0.0033329230534799477,-0.02367869399252531,0.09799795899308542,40.106058693909645,-100.26678939585686,76.200527287817
2024-09-23 18:43:05.940724,40.94,43.232484,-0.0020892956464054874,-0.02313149783467906,0.09680407370509965,40.106058693909645,-100.26678939585686,76.200527287817
2024-09-23 18:43:05.983301,40.55,43.232571,-0.0028852147413806935,-0.023330473146428877,0.09680407370509965,36.09446859390736,-96.25519929585457,76.200527287817
2024-09-23 18:43:06.025141,40.55,43.232571,-0.0028852147413806935,-0.023330473146428877,0.0973015264147526,32.08287849390507,-96.25519929585457,76.200527287817
2024-09-23 18:43:06.037064,40.55,43.232623,-0.002586742470023829,-0.023330473146428877,0.0973015264147526,32.08287849390507,-96.25519929585457,76.200527287817
2024-09-23 18:43:06.079455,40.55,43.232623,-0.002586742470023829,-0.023429960042815445,0.09715228999426605,40.106058693909645,-96.25519929585457,76.200527287817
2024-09-23 18:43:06.091034,40.55,43.232717,-0.002586742470023829,-0.023429960042815445,0.09715228999426605,40.106058693909645,-96.25519929585457,76.200527287817
2024-09-23 18:43:06.122547,40.55,43.232717,-0.0031339382481259063,-0.023230986250042305,0.09715228999426605,40.106058693909645,-96.25519929585457,76.200527287817
2024-09-23 18:43:06.133664,40.55,43.232717,-0.0031339382481259063,-0.023230986250042305,0.09680407370509965,40.106058693909645,-96.25519929585457,76.200527287817
2024-09-23 18:43:06.176121,40.55,43.232769,-0.002785727465249955,-0.023728432883788564,0.09680407370509965,40.106058693909645,-100.26678939585686,76.200527287817
2024-09-23 18:43:06.219588,40.55,43.232769,-0.002785727465249955,-0.023728432883788564,0.09665483728461309,40.106058693909645,-100.26678939585686,76.200527287817
2024-09-23 18:43:06.271736,40.55,43.232769,-0.002785727465249955,-0.023728432883788564,0.09665483728461309,44.11764879391193,-96.25519929585457,72.1922225099802
2024-09-23 18:43:06.283571,40.55,43.23282,-0.0023380189632786156,-0.023429960042815445,0.09665483728461309,44.11764879391193,-96.25519929585457,72.1922225099802
2024-09-23 18:43:06.316441,40.55,43.23282,-0.0023380189632786156,-0.023429960042815445,0.09750050628343246,44.11764879391193,-96.25519929585457,72.1922225099802
2024-09-23 18:43:06.328247,40.55,43.23287,-0.0030841997366068195,-0.023429960042815445,0.09750050628343246,40.106058693909645,-100.26678939585686,76.200527287817
2024-09-23 18:43:06.371804,40.55,43.23287,-0.0030841997366068195,-0.02338022115155219,0.0973015264147526,40.106058693909645,-92.24360919585227,76.200527287817
2024-09-23 18:43:06.383238,40.55,43.232921,-0.0030841997366068195,-0.02338022115155219,0.0973015264147526,40.106058693909645,-92.24360919585227,80.21211738781929
2024-09-23 18:43:06.415898,40.55,43.232921,-0.0029349636958644295,-0.0228827638849692,0.0973015264147526,40.106058693909645,-92.24360919585227,80.21211738781929
2024-09-23 18:43:06.427288,40.55,43.232921,-0.0029349636958644295,-0.0228827638849692,0.09705279702197278,32.08287849390507,-96.25519929585457,80.21211738781929
2024-09-23 18:43:06.469485,40.55,43.233011,-0.0028354659767690416,-0.023429960042815445,0.0973015264147526,40.106058693909645,-96.25519929585457,80.21211738781929
2024-09-23 18:43:06.481682,40.55,43.233011,-0.0028354659767690416,-0.023429960042815445,0.0973015264147526,40.106058693909645,-92.24360919585227,80.21211738781929
2024-09-23 18:43:06.513300,40.55,43.233109,-0.0028354659767690416,-0.023429960042815445,0.0973015264147526,40.106058693909645,-92.24360919585227,76.200527287817
2024-09-23 18:43:06.524538,40.55,43.233109,-0.002437506429281439,-0.02338022115155219,0.0970030596496862,44.11764879391193,-92.24360919585227,76.200527287817
2024-09-23 18:43:06.567210,40.55,43.23316,-0.0029847020175114316,-0.023280723622328886,0.0970030596496862,44.11764879391193,-88.23529758782387,76.200527287817
2024-09-23 18:43:06.579266,40.55,43.23316,-0.0029847020175114316,-0.023280723622328886,0.09695331012558621,44.11764879391193,-88.23529758782387,76.200527287817
2024-09-23 18:43:06.611541,40.55,43.23316,-0.0029847020175114316,-0.023280723622328886,0.09695331012558621,40.106058693909645,-92.24360919585227,76.200527287817
2024-09-23 18:43:06.623781,40.55,43.23321,-0.0031836870127375577,-0.023330473146428877,0.09695331012558621,40.106058693909645,-92.24360919585227,76.200527287817
2024-09-23 18:43:06.666883,40.55,43.233261,-0.0028852147413806935,-0.023330473146428877,0.09774922960030558,36.09446859390736,-92.24360919585227,84.22370748782159
2024-09-23 18:43:06.710483,40.55,43.233261,-0.0028852147413806935,-0.023181236725942318,0.0973015264147526,40.106058693909645,-92.24360919585227,84.22370748782159
2024-09-23 18:43:06.722148,40.55,43.233351,-0.0028852147413806935,-0.023181236725942318,0.0973015264147526,40.106058693909645,-92.24360919585227,76.200527287817
2024-09-23 18:43:06.805925,40.55,43.233351,-0.0029349636958644295,-0.02278327698858263,0.0973015264147526,40.106058693909645,-92.24360919585227,76.200527287817
2024-09-23 18:43:06.817122,40.55,43.233351,-0.0029349636958644295,-0.02278327698858263,0.0973015264147526,36.09446859390736,-100.26678939585686,76.200527287817
2024-09-23 18:43:06.859683,40.55,43.233403,-0.0030344509719951677,-0.023429960042815445,0.0966050877605131,36.09446859390736,-100.26678939585686,76.200527287817
2024-09-23 18:43:06.871611,40.55,43.233403,-0.0030344509719951677,-0.023429960042815445,0.0966050877605131,36.09446859390736,-92.24360919585227,76.200527287817
2024-09-23 18:43:06.903335,40.55,43.233453,-0.0030344509719951677,-0.023429960042815445,0.0966050877605131,36.09446859390736,-92.24360919585227,76.200527287817
2024-09-23 18:43:06.915206,40.55,43.233453,-0.0027359787006383035,-0.023181236725942318,0.09774922960030558,40.106058693909645,-92.24360919585227,76.200527287817
2024-09-23 18:43:06.957977,40.55,43.233504,-0.0030841997366068195,-0.023778180888911878,0.0970030596496862,40.106058693909645,-96.25519929585457,72.1922225099802
2024-09-23 18:43:07.000384,40.85,43.233504,-0.0030841997366068195,-0.023778180888911878,0.0970030596496862,40.106058693909645,-92.24360919585227,72.1922225099802
2024-09-23 18:43:07.012144,40.85,43.233555,-0.0025369937054121774,-0.023181236725942318,0.0970030596496862,40.106058693909645,-92.24360919585227,80.21211738781929
2024-09-23 18:43:07.054652,40.85,43.233646,-0.0025369937054121774,-0.023181236725942318,0.09695331012558621,44.11764879391193,-96.25519929585457,72.1922225099802
2024-09-23 18:43:07.066634,40.85,43.233646,-0.0028354659767690416,-0.023181236725942318,0.09695331012558621,44.11764879391193,-96.25519929585457,72.1922225099802
2024-09-23 18:43:07.100311,40.85,43.233646,-0.0028354659767690416,-0.023429960042815445,0.09705279702197278,40.106058693909645,-96.25519929585457,72.1922225099802
2024-09-23 18:43:07.111597,40.85,43.233741,-0.0028354659767690416,-0.023429960042815445,0.09705279702197278,40.106058693909645,-96.25519929585457,76.200527287817
2024-09-23 18:43:07.153931,40.85,43.233741,-0.002636491424507565,-0.02352945757203875,0.09705279702197278,36.09446859390736,-100.26678939585686,80.21211738781929
2024-09-23 18:43:07.199089,40.85,43.233793,-0.002785727465249955,-0.02352945757203875,0.09705279702197278,36.09446859390736,-100.26678939585686,80.21211738781929
2024-09-23 18:43:07.211777,40.85,43.233793,-0.002785727465249955,-0.02352945757203875,0.09710254654607277,44.11764879391193,-92.24360919585227,80.21211738781929
2024-09-23 18:43:07.245219,40.85,43.233843,-0.002785727465249955,-0.02352945757203875,0.09710254654607277,44.11764879391193,-92.24360919585227,72.1922225099802
2024-09-23 18:43:07.256843,40.85,43.233843,-0.0029349636958644295,-0.023280723622328886,0.09750050628343246,44.11764879391193,-92.24360919585227,72.1922225099802
2024-09-23 18:43:07.299604,40.85,43.233894,-0.0027359787006383035,-0.022982261414192504,0.09750050628343246,44.11764879391193,-96.25519929585457,76.200527287817
2024-09-23 18:43:07.312523,40.85,43.233894,-0.0027359787006383035,-0.022982261414192504,0.0973512698629459,44.11764879391193,-96.25519929585457,76.200527287817
2024-09-23 18:43:07.345426,40.85,43.233894,-0.0027359787006383035,-0.022982261414192504,0.0973512698629459,48.12595698684454,-92.24360919585227,72.1922225099802
2024-09-23 18:43:07.357232,40.85,43.233945,-0.0028852147413806935,-0.022982261414192504,0.0973512698629459,48.12595698684454,-92.24360919585227,72.1922225099802
2024-09-23 18:43:07.390725,40.85,43.233945,-0.0028852147413806935,-0.02367869399252531,0.09690356060148622,48.12595698684454,-92.24360919585227,72.1922225099802
2024-09-23 18:43:07.401873,40.85,43.233995,-0.0028852147413806935,-0.02367869399252531,0.09690356060148622,44.11764879391193,-88.23529758782387,84.22370748782159
2024-09-23 18:43:07.444190,40.85,43.233995,-0.0026862297461545674,-0.023230986250042305,0.09715228999426605,44.11764879391193,-88.23529758782387,84.22370748782159
2024-09-23 18:43:07.457045,40.85,43.233995,-0.0026862297461545674,-0.023230986250042305,0.09715228999426605,44.11764879391193,-88.23529758782387,76.200527287817
2024-09-23 18:43:07.489692,40.85,43.234083,-0.002636491424507565,-0.02352945757203875,0.09715228999426605,44.11764879391193,-88.23529758782387,76.200527287817
2024-09-23 18:43:07.501220,40.85,43.234083,-0.002636491424507565,-0.02352945757203875,0.09710254654607277,40.106058693909645,-92.24360919585227,76.200527287817
2024-09-23 18:43:07.543950,40.85,43.234134,-0.0029349636958644295,-0.02308174982955575,0.09675432418099966,36.09446859390736,-92.24360919585227,72.1922225099802
2024-09-23 18:43:07.585998,40.85,43.234134,-0.0029349636958644295,-0.02308174982955575,0.09675432418099966,36.09446859390736,-104.27510100388527,72.1922225099802
2024-09-23 18:43:07.597860,40.85,43.234185,-0.0028852147413806935,-0.02352945757203875,0.0973512698629459,36.09446859390736,-104.27510100388527,72.1922225099802
2024-09-23 18:43:07.641463,40.85,43.234235,-0.0030344509719951677,-0.02263404056809607,0.0973512698629459,44.11764879391193,-104.27510100388527,76.200527287817
2024-09-23 18:43:07.685044,40.85,43.234235,-0.0030344509719951677,-0.02263404056809607,0.09725178296655933,36.09446859390736,-96.25519929585457,76.200527287817
2024-09-23 18:43:07.696367,40.85,43.234286,-0.002387757474797703,-0.02263404056809607,0.09725178296655933,36.09446859390736,-96.25519929585457,76.200527287817
2024-09-23 18:43:07.739324,40.85,43.234375,-0.002387757474797703,-0.023429960042815445,0.09755024973162574,40.106058693909645,-96.25519929585457,80.21211738781929
2024-09-23 18:43:07.781484,40.85,43.234375,-0.0030344509719951677,-0.023181236725942318,0.09675432418099966,40.106058693909645,-96.25519929585457,80.21211738781929
2024-09-23 18:43:07.834368,40.85,43.234427,-0.0030344509719951677,-0.023181236725942318,0.09675432418099966,44.11764879391193,-100.26678939585686,80.21211738781929
2024-09-23 18:43:07.847692,40.85,43.234427,-0.0025369937054121774,-0.022982261414192504,0.09675432418099966,44.11764879391193,-100.26678939585686,80.21211738781929
2024-09-23 18:43:07.880469,40.85,43.234427,-0.0025369937054121774,-0.022982261414192504,0.09710254654607277,48.12595698684454,-100.26678939585686,80.21211738781929
2024-09-23 18:43:07.891684,40.85,43.234477,-0.002636491424507565,-0.022982261414192504,0.09710254654607277,48.12595698684454,-100.26678939585686,76.200527287817
2024-09-23 18:43:07.934401,40.85,43.234528,-0.002636491424507565,-0.02338022115155219,0.0973512698629459,48.12595698684454,-96.25519929585457,76.200527287817
2024-09-23 18:43:07.976662,40.85,43.234528,-0.0028852147413806935,-0.023330473146428877,0.09705279702197278,48.12595698684454,-96.25519929585457,76.200527287817
2024-09-23 18:43:07.988812,40.85,43.234528,-0.0028852147413806935,-0.023330473146428877,0.09705279702197278,52.137550501942634,-100.26678939585686,80.21211738781929
2024-09-23 18:43:08.031478,41.04,43.234579,-0.0029349636958644295,-0.023280723622328886,0.0966050877605131,36.09446859390736,-92.24360919585227,80.21211738781929
2024-09-23 18:43:08.073130,41.04,43.234669,-0.0029349636958644295,-0.023280723622328886,0.0966050877605131,36.09446859390736,-92.24360919585227,80.21211738781929
2024-09-23 18:43:08.084261,41.04,43.234669,-0.0031836870127375577,-0.02352945757203875,0.09774922960030558,44.11764879391193,-92.24360919585227,80.21211738781929
2024-09-23 18:43:08.127574,41.04,43.23472,-0.002586742470023829,-0.02313149783467906,0.09774922960030558,44.11764879391193,-104.27510100388527,64.16903547978401
2024-09-23 18:43:08.139478,41.04,43.23472,-0.002586742470023829,-0.02313149783467906,0.0973512698629459,44.11764879391193,-104.27510100388527,64.16903547978401
2024-09-23 18:43:08.171809,41.04,43.23472,-0.002586742470023829,-0.02313149783467906,0.0973512698629459,44.11764879391193,-104.27510100388527,64.16903547978401
2024-09-23 18:43:08.183399,41.04,43.23477,-0.0027359787006383035,-0.02303200030545576,0.0973512698629459,44.11764879391193,-100.26678939585686,72.1922225099802
2024-09-23 18:43:08.226023,41.04,43.234821,-0.0027359787006383035,-0.02303200030545576,0.09675432418099966,36.09446859390736,-92.24360919585227,72.1922225099802
2024-09-23 18:43:08.238170,41.04,43.234821,-0.002387757474797703,-0.02303200030545576,0.09675432418099966,36.09446859390736,-92.24360919585227,72.1922225099802
2024-09-23 18:43:08.274395,41.04,43.234911,-0.002387757474797703,-0.02338022115155219,0.09740101331113918,32.08287849390507,-104.27510100388527,76.200527287817
2024-09-23 18:43:08.317670,41.04,43.234911,-0.002785727465249955,-0.023230986250042305,0.09740101331113918,32.08287849390507,-104.27510100388527,76.200527287817
2024-09-23 18:43:08.328901,41.04,43.234911,-0.002785727465249955,-0.023230986250042305,0.09710254654607277,48.12595698684454,-96.25519929585457,76.200527287817
2024-09-23 18:43:08.372665,41.04,43.234963,-0.0029349636958644295,-0.023579196463302005,0.0973512698629459,60.15744537978172,-88.23529758782387,76.200527287817
2024-09-23 18:43:08.414714,41.04,43.235014,-0.0029349636958644295,-0.023579196463302005,0.0973512698629459,60.15744537978172,-88.23529758782387,76.200527287817
2024-09-23 18:43:08.426332,41.04,43.235014,-0.0027359787006383035,-0.023579196463302005,0.09715228999426605,60.15744537978172,-88.23529758782387,76.200527287817
2024-09-23 18:43:08.468377,41.04,43.235065,-0.0027359787006383035,-0.023230986250042305,0.09715228999426605,60.15744537978172,-88.23529758782387,80.21211738781929
2024-09-23 18:43:08.481282,41.04,43.235065,-0.0027359787006383035,-0.023230986250042305,0.09705279702197278,60.15744537978172,-88.23529758782387,80.21211738781929
2024-09-23 18:43:08.514052,41.04,43.235065,-0.0027359787006383035,-0.023230986250042305,0.09705279702197278,44.11764879391193,-100.26678939585686,76.200527287817
2024-09-23 18:43:08.525838,41.04,43.235116,-0.0036811340262279837,-0.02268379009219606,0.09705279702197278,44.11764879391193,-100.26678939585686,76.200527287817
2024-09-23 18:43:08.558324,41.04,43.235116,-0.0036811340262279837,-0.02268379009219606,0.09725178296655933,44.11764879391193,-100.26678939585686,76.200527287817
2024-09-23 18:43:08.570147,41.04,43.235166,-0.0028852147413806935,-0.02268379009219606,0.09725178296655933,52.137550501942634,-100.26678939585686,80.21211738781929
2024-09-23 18:43:08.613694,41.04,43.235166,-0.0028852147413806935,-0.023280723622328886,0.0966050877605131,40.106058693909645,-92.24360919585227,76.200527287817
2024-09-23 18:43:08.625677,41.04,43.235253,-0.0028852147413806935,-0.023280723622328886,0.0966050877605131,40.106058693909645,-92.24360919585227,76.200527287817
2024-09-23 18:43:08.658166,41.04,43.235253,-0.0030841997366068195,-0.023230986250042305,0.0966050877605131,40.106058693909645,-92.24360919585227,76.200527287817
2024-09-23 18:43:08.669191,41.04,43.235253,-0.0030841997366068195,-0.023230986250042305,0.09645586349183995,36.09446859390736,-92.24360919585227,76.200527287817
2024-09-23 18:43:08.712133,41.04,43.235304,-0.0026862297461545674,-0.02308174982955575,0.09695331012558621,36.09446859390736,-92.24360919585227,76.200527287817
2024-09-23 18:43:08.724212,41.04,43.235304,-0.0026862297461545674,-0.02308174982955575,0.09695331012558621,40.106058693909645,-100.26678939585686,76.200527287817
2024-09-23 18:43:08.757146,41.04,43.235355,-0.0026862297461545674,-0.02308174982955575,0.09695331012558621,40.106058693909645,-100.26678939585686,76.200527287817
2024-09-23 18:43:08.768961,41.04,43.235355,-0.002785727465249955,-0.023181236725942318,0.09690356060148622,36.09446859390736,-100.26678939585686,76.200527287817
2024-09-23 18:43:08.811498,41.04,43.235405,-0.0027359787006383035,-0.023181236725942318,0.09690356060148622,36.09446859390736,-96.25519929585457,80.21211738781929
2024-09-23 18:43:08.853415,41.04,43.235405,-0.0027359787006383035,-0.02308174982955575,0.09715228999426605,36.09446859390736,-96.25519929585457,80.21211738781929
2024-09-23 18:43:08.865249,41.04,43.235456,-0.0027359787006383035,-0.02308174982955575,0.09715228999426605,44.11764879391193,-96.25519929585457,72.1922225099802
2024-09-23 18:43:08.908918,41.04,43.235456,-0.0029349636958644295,-0.02338022115155219,0.09725178296655933,36.09446859390736,-104.27510100388527,72.1922225099802
2024-09-23 18:43:08.952061,41.04,43.235507,-0.0025369937054121774,-0.02352945757203875,0.09725178296655933,36.09446859390736,-104.27510100388527,72.1922225099802
2024-09-23 18:43:09.005574,41.04,43.235594,-0.003233425524256645,-0.02352945757203875,0.09695331012558621,48.12595698684454,-92.24360919585227,84.22370748782159
2024-09-23 18:43:09.048037,41.66,43.235594,-0.003233425524256645,-0.02313149783467906,0.09690356060148622,48.12595698684454,-92.24360919585227,84.22370748782159
2024-09-23 18:43:09.059783,41.66,43.235645,-0.003233425524256645,-0.02313149783467906,0.09690356060148622,48.12595698684454,-92.24360919585227,88.23529758782387
2024-09-23 18:43:09.101806,41.66,43.235645,-0.002387757474797703,-0.02303200030545576,0.09715228999426605,40.106058693909645,-96.25519929585457,88.23529758782387
2024-09-23 18:43:09.113766,41.66,43.235645,-0.002387757474797703,-0.02303200030545576,0.09715228999426605,40.106058693909645,-96.25519929585457,84.22370748782159
2024-09-23 18:43:09.146132,41.66,43.235696,-0.0023380189632786156,-0.02303200030545576,0.09715228999426605,40.106058693909645,-96.25519929585457,84.22370748782159
2024-09-23 18:43:09.157707,41.66,43.235696,-0.0023380189632786156,-0.023429960042815445,0.09680407370509965,36.09446859390736,-88.23529758782387,84.22370748782159
2024-09-23 18:43:09.201688,41.66,43.235747,-0.0031836870127375577,-0.022982261414192504,0.09715228999426605,36.09446859390736,-88.23529758782387,76.200527287817
2024-09-23 18:43:09.212984,41.66,43.235747,-0.0031836870127375577,-0.022982261414192504,0.09715228999426605,52.137550501942634,-88.23529758782387,76.200527287817
2024-09-23 18:43:09.244312,41.66,43.235839,-0.0031836870127375577,-0.022982261414192504,0.09715228999426605,52.137550501942634,-92.24360919585227,84.22370748782159
2024-09-23 18:43:09.256531,41.66,43.235839,-0.0030841997366068195,-0.02303200030545576,0.0970030596496862,52.137550501942634,-92.24360919585227,84.22370748782159
2024-09-23 18:43:09.299331,41.66,43.23589,-0.0019400594157910128,-0.023280723622328886,0.0970030596496862,52.137550501942634,-88.23529758782387,88.23529758782387
2024-09-23 18:43:09.342448,41.66,43.23589,-0.0019400594157910128,-0.023280723622328886,0.09750050628343246,56.14914060194492,-92.24360919585227,88.23529758782387
2024-09-23 18:43:09.354072,41.66,43.235941,-0.0030344509719951677,-0.023280723622328886,0.09750050628343246,56.14914060194492,-92.24360919585227,76.200527287817
2024-09-23 18:43:09.397647,41.66,43.236033,-0.0030344509719951677,-0.023280723622328886,0.09710254654607277,44.11764879391193,-96.25519929585457,76.200527287817
2024-09-23 18:43:09.439801,41.66,43.236033,-0.0030841997366068195,-0.023778180888911878,0.0973015264147526,44.11764879391193,-96.25519929585457,76.200527287817
2024-09-23 18:43:09.451408,41.66,43.236033,-0.0030841997366068195,-0.023778180888911878,0.0973015264147526,40.106058693909645,-96.25519929585457,76.200527287817
2024-09-23 18:43:09.494311,41.66,43.236084,-0.0030841997366068195,-0.02338022115155219,0.09710254654607277,32.08287849390507,-96.25519929585457,76.200527287817
2024-09-23 18:43:09.536588,41.66,43.236135,-0.0027359787006383035,-0.02338022115155219,0.09710254654607277,32.08287849390507,-96.25519929585457,76.200527287817
2024-09-23 18:43:09.589675,41.66,43.236135,-0.0027359787006383035,-0.023429960042815445,0.09685382322919964,40.106058693909645,-96.25519929585457,80.21211738781929
2024-09-23 18:43:09.601725,41.66,43.236185,-0.0027359787006383035,-0.023429960042815445,0.09685382322919964,40.106058693909645,-96.25519929585457,80.21211738781929
2024-09-23 18:43:09.635132,41.66,43.236185,-0.002636491424507565,-0.023280723622328886,0.09705279702197278,40.106058693909645,-96.25519929585457,80.21211738781929
2024-09-23 18:43:09.646505,41.66,43.236185,-0.002636491424507565,-0.023280723622328886,0.09705279702197278,40.106058693909645,-100.26678939585686,72.1922225099802
2024-09-23 18:43:09.690401,41.66,43.236236,-0.0031339382481259063,-0.02338022115155219,0.09720203344245934,36.09446859390736,-96.25519929585457,72.1922225099802
2024-09-23 18:43:09.733158,41.66,43.236287,-0.0024872551938930902,-0.02338022115155219,0.09720203344245934,36.09446859390736,-96.25519929585457,76.200527287817
2024-09-23 18:43:09.745028,41.66,43.236287,-0.0024872551938930902,-0.02338022115155219,0.0973512698629459,44.11764879391193,-96.25519929585457,76.200527287817
2024-09-23 18:43:09.777136,41.66,43.236287,-0.0024872551938930902,-0.02338022115155219,0.0973512698629459,44.11764879391193,-96.25519929585457,76.200527287817
2024-09-23 18:43:09.788516,41.66,43.236374,-0.0027359787006383035,-0.023330473146428877,0.09759999317981902,44.11764879391193,-96.25519929585457,76.200527287817
2024-09-23 18:43:09.830913,41.66,43.236425,-0.0027359787006383035,-0.023330473146428877,0.09759999317981902,40.106058693909645,-96.25519929585457,72.1922225099802
2024-09-23 18:43:09.883392,41.66,43.236425,-0.0029349636958644295,-0.02338022115155219,0.09759999317981902,36.09446859390736,-96.25519929585457,76.200527287817
2024-09-23 18:43:09.928023,41.66,43.236476,-0.002785727465249955,-0.02308174982955575,0.09759999317981902,36.09446859390736,-96.25519929585457,76.200527287817
2024-09-23 18:43:09.939913,41.66,43.236476,-0.002785727465249955,-0.02308174982955575,0.0970030596496862,44.11764879391193,-92.24360919585227,76.200527287817
2024-09-23 18:43:09.982127,41.66,43.236569,-0.002586742470023829,-0.0228827638849692,0.09690356060148622,44.11764879391193,-92.24360919585227,72.1922225099802
2024-09-23 18:43:10.025146,41.66,43.236621,-0.002586742470023829,-0.0228827638849692,0.09690356060148622,44.11764879391193,-96.25519929585457,80.21211738781929
2024-09-23 18:43:10.037210,41.66,43.236621,-0.002636491424507565,-0.023330473146428877,0.09690356060148622,44.11764879391193,-96.25519929585457,80.21211738781929
2024-09-23 18:43:10.069776,41.94,43.236621,-0.002636491424507565,-0.023330473146428877,0.09690356060148622,44.11764879391193,-96.25519929585457,80.21211738781929
2024-09-23 18:43:10.081625,41.94,43.236672,-0.0031339382481259063,-0.023330473146428877,0.09690356060148622,44.11764879391193,-92.24360919585227,84.22370748782159
2024-09-23 18:43:10.124986,41.94,43.236672,-0.0031339382481259063,-0.02293251340906919,0.09705279702197278,48.12595698684454,-88.23529758782387,80.21211738781929
2024-09-23 18:43:10.137047,41.94,43.236722,-0.0031339382481259063,-0.02293251340906919,0.09705279702197278,48.12595698684454,-88.23529758782387,80.21211738781929
2024-09-23 18:43:10.170208,41.94,43.236722,-0.0028354659767690416,-0.0228827638849692,0.09705279702197278,48.12595698684454,-88.23529758782387,80.21211738781929
2024-09-23 18:43:10.181891,41.94,43.236722,-0.0028354659767690416,-0.0228827638849692,0.09725178296655933,44.11764879391193,-92.24360919585227,76.200527287817
2024-09-23 18:43:10.224125,41.94,43.236813,-0.0026862297461545674,-0.023429960042815445,0.09665483728461309,48.12595698684454,-92.24360919585227,76.200527287817
2024-09-23 18:43:10.235947,41.94,43.236813,-0.0026862297461545674,-0.023429960042815445,0.09665483728461309,48.12595698684454,-92.24360919585227,76.200527287817
2024-09-23 18:43:10.267948,41.94,43.236864,-0.0026862297461545674,-0.023429960042815445,0.09665483728461309,48.12595698684454,-92.24360919585227,76.200527287817
2024-09-23 18:43:10.280201,41.94,43.236864,-0.0031836870127375577,-0.022484804147609512,0.0973015264147526,48.12595698684454,-92.24360919585227,76.200527287817
2024-09-23 18:43:10.323717,41.94,43.236915,-0.003233425524256645,-0.02268379009219606,0.09799795899308542,48.12595698684454,-92.24360919585227,72.1922225099802
2024-09-23 18:43:10.366385,41.94,43.236915,-0.003233425524256645,-0.02268379009219606,0.09799795899308542,32.08287849390507,-96.25519929585457,72.1922225099802
2024-09-23 18:43:10.377405,41.94,43.236966,-0.0026862297461545674,-0.02352945757203875,0.09799795899308542,32.08287849390507,-96.25519929585457,80.21211738781929
2024-09-23 18:43:10.421332,41.94,43.237016,-0.0027359787006383035,-0.02352945757203875,0.09710254654607277,44.11764879391193,-92.24360919585227,76.200527287817
2024-09-23 18:43:10.463484,41.94,43.237016,-0.0027359787006383035,-0.023728432883788564,0.09685382322919964,44.11764879391193,-92.24360919585227,76.200527287817
2024-09-23 18:43:10.474508,41.94,43.237105,-0.0027359787006383035,-0.023728432883788564,0.09685382322919964,44.11764879391193,-100.26678939585686,72.1922225099802
2024-09-23 18:43:10.518259,41.94,43.237105,-0.0029349636958644295,-0.02362894446842532,0.09750050628343246,40.106058693909645,-100.26678939585686,76.200527287817
2024-09-23 18:43:10.561256,41.94,43.237157,-0.0029349636958644295,-0.02313149783467906,0.09750050628343246,40.106058693909645,-100.26678939585686,76.200527287817
2024-09-23 18:43:10.573197,41.94,43.237157,-0.0029349636958644295,-0.02313149783467906,0.0973512698629459,48.12595698684454,-92.24360919585227,76.200527287817
2024-09-23 18:43:10.617323,41.94,43.237207,-0.0024872551938930902,-0.023479709566915436,0.09680407370509965,44.11764879391193,-92.24360919585227,76.200527287817
2024-09-23 18:43:10.659877,41.94,43.237258,-0.002785727465249955,-0.023479709566915436,0.09680407370509965,44.11764879391193,-88.23529758782387,76.200527287817
2024-09-23 18:43:10.672900,41.94,43.237258,-0.002785727465249955,-0.023429960042815445,0.09705279702197278,44.11764879391193,-88.23529758782387,76.200527287817
2024-09-23 18:43:10.705115,41.94,43.237258,-0.002785727465249955,-0.023429960042815445,0.09705279702197278,40.106058693909645,-88.23529758782387,76.200527287817
2024-09-23 18:43:10.716333,41.94,43.237309,-0.0027359787006383035,-0.02352945757203875,0.09705279702197278,40.106058693909645,-104.27510100388527,68.18063240997792
2024-09-23 18:43:10.758565,41.94,43.237309,-0.0027359787006383035,-0.02352945757203875,0.09740101331113918,36.09446859390736,-100.26678939585686,76.200527287817
2024-09-23 18:43:10.769592,41.94,43.237359,-0.0030841997366068195,-0.02352945757203875,0.09740101331113918,36.09446859390736,-100.26678939585686,76.200527287817
2024-09-23 18:43:10.802571,41.94,43.237359,-0.0030841997366068195,-0.02367869399252531,0.09740101331113918,36.09446859390736,-100.26678939585686,76.200527287817
2024-09-23 18:43:10.813841,41.94,43.237446,-0.0030841997366068195,-0.02367869399252531,0.09779897304849887,40.106058693909645,-96.25519929585457,76.200527287817
2024-09-23 18:43:10.856269,41.94,43.237446,-0.0028852147413806935,-0.023728432883788564,0.0973015264147526,40.106058693909645,-96.25519929585457,76.200527287817
2024-09-23 18:43:10.867878,41.94,43.237446,-0.0028852147413806935,-0.023728432883788564,0.0973015264147526,40.106058693909645,-100.26678939585686,76.200527287817
2024-09-23 18:43:10.900478,41.94,43.237498,-0.0028852147413806935,-0.023728432883788564,0.0973015264147526,40.106058693909645,-100.26678939585686,76.200527287817
2024-09-23 18:43:10.912424,41.94,43.237498,-0.002586742470023829,-0.02308174982955575,0.09675432418099966,40.106058693909645,-100.26678939585686,76.200527287817
2024-09-23 18:43:10.955758,41.94,43.237549,-0.0023380189632786156,-0.023778180888911878,0.09675432418099966,40.106058693909645,-92.24360919585227,76.200527287817
2024-09-23 18:43:10.967547,41.94,43.237549,-0.0023380189632786156,-0.023778180888911878,0.0973015264147526,40.106058693909645,-92.24360919585227,76.200527287817
2024-09-23 18:43:11.000009,41.94,43.237549,-0.0023380189632786156,-0.023778180888911878,0.0973015264147526,44.11764879391193,-88.23529758782387,76.200527287817
2024-09-23 18:43:11.011338,41.94,43.237599,-0.002586742470023829,-0.02352945757203875,0.0973015264147526,44.11764879391193,-88.23529758782387,76.200527287817
2024-09-23 18:43:11.054406,41.94,43.23765,-0.0026862297461545674,-0.02352945757203875,0.0973512698629459,40.106058693909645,-100.26678939585686,76.200527287817
2024-09-23 18:43:11.098710,42.2,43.23765,-0.0026862297461545674,-0.023330473146428877,0.09695331012558621,36.09446859390736,-100.26678939585686,76.200527287817
2024-09-23 18:43:11.111370,42.2,43.237701,-0.0026862297461545674,-0.023330473146428877,0.09695331012558621,36.09446859390736,-96.25519929585457,76.200527287817
2024-09-23 18:43:11.144345,42.2,43.237701,-0.0028852147413806935,-0.023181236725942318,0.09695331012558621,36.09446859390736,-96.25519929585457,76.200527287817
2024-09-23 18:43:11.156413,42.2,43.237701,-0.0028852147413806935,-0.023181236725942318,0.09675432418099966,52.137550501942634,-88.23529758782387,72.1922225099802
2024-09-23 18:43:11.199752,42.2,43.237788,-0.0029349636958644295,-0.023230986250042305,0.09690356060148622,52.137550501942634,-92.24360919585227,72.1922225099802
2024-09-23 18:43:11.242490,42.2,43.23784,-0.0029349636958644295,-0.023230986250042305,0.09690356060148622,52.137550501942634,-92.24360919585227,72.1922225099802
2024-09-23 18:43:11.253997,42.2,43.23784,-0.0024872551938930902,-0.023230986250042305,0.09764974270391902,44.11764879391193,-92.24360919585227,72.1922225099802
2024-09-23 18:43:11.298135,42.2,43.23789,-0.002785727465249955,-0.023728432883788564,0.09685382322919964,44.11764879391193,-92.24360919585227,80.21211738781929
2024-09-23 18:43:11.340166,42.2,43.23789,-0.002785727465249955,-0.023728432883788564,0.09685382322919964,44.11764879391193,-92.24360919585227,80.21211738781929
2024-09-23 18:43:11.351253,42.2,43.237941,-0.002785727465249955,-0.0228827638849692,0.09685382322919964,44.11764879391193,-92.24360919585227,76.200527287817
2024-09-23 18:43:11.394078,42.2,43.237992,-0.002785727465249955,-0.0228827638849692,0.09665483728461309,44.11764879391193,-92.24360919585227,72.1922225099802
2024-09-23 18:43:11.406141,42.2,43.237992,-0.0027359787006383035,-0.0228827638849692,0.09665483728461309,44.11764879391193,-92.24360919585227,72.1922225099802
2024-09-23 18:43:11.438916,42.2,43.237992,-0.0027359787006383035,-0.02313149783467906,0.09685382322919964,40.106058693909645,-92.24360919585227,72.1922225099802
2024-09-23 18:43:11.450253,42.2,43.23808,-0.0027359787006383035,-0.02313149783467906,0.09685382322919964,40.106058693909645,-92.24360919585227,76.200527287817
2024-09-23 18:43:11.492760,42.2,43.23808,-0.0024872551938930902,-0.023330473146428877,0.09695331012558621,40.106058693909645,-92.24360919585227,80.21211738781929
2024-09-23 18:43:11.537395,42.2,43.238132,-0.002586742470023829,-0.023330473146428877,0.09695331012558621,40.106058693909645,-92.24360919585227,80.21211738781929
2024-09-23 18:43:11.548728,42.2,43.238132,-0.002586742470023829,-0.023330473146428877,0.0966050877605131,36.09446859390736,-96.25519929585457,80.21211738781929
2024-09-23 18:43:11.582046,42.2,43.238132,-0.002586742470023829,-0.023330473146428877,0.0966050877605131,36.09446859390736,-96.25519929585457,80.21211738781929
2024-09-23 18:43:11.593690,42.2,43.238182,-0.0029847020175114316,-0.022982261414192504,0.09794820946898543,44.11764879391193,-96.25519929585457,80.21211738781929
2024-09-23 18:43:11.635721,42.2,43.238233,-0.0031339382481259063,-0.022982261414192504,0.09794820946898543,44.11764879391193,-100.26678939585686,76.200527287817
2024-09-23 18:43:11.647423,42.2,43.238233,-0.0031339382481259063,-0.02367869399252531,0.0976994861521123,44.11764879391193,-100.26678939585686,76.200527287817
2024-09-23 18:43:11.680287,42.2,43.238233,-0.0031339382481259063,-0.02367869399252531,0.0976994861521123,40.106058693909645,-100.26678939585686,76.200527287817
2024-09-23 18:43:11.691776,42.2,43.238284,-0.0033329230534799477,-0.02352945757203875,0.0976994861521123,40.106058693909645,-96.25519929585457,72.1922225099802
2024-09-23 18:43:11.734168,42.2,43.238284,-0.0033329230534799477,-0.02352945757203875,0.09680407370509965,40.106058693909645,-92.24360919585227,72.1922225099802
2024-09-23 18:43:11.777020,42.2,43.238284,-0.0033329230534799477,-0.02352945757203875,0.09680407370509965,40.106058693909645,-92.24360919585227,76.200527287817
2024-09-23 18:43:11.788511,42.2,43.238334,-0.0022385316871478774,-0.02278327698858263,0.09655535038822652,36.09446859390736,-92.24360919585227,76.200527287817
2024-09-23 18:43:11.832522,42.2,43.238421,-0.0027359787006383035,-0.023827930413011865,0.09655535038822652,36.09446859390736,-100.26678939585686,76.200527287817
2024-09-23 18:43:11.844999,42.2,43.238421,-0.0027359787006383035,-0.023827930413011865,0.09690356060148622,36.09446859390736,-100.26678939585686,76.200527287817
2024-09-23 18:43:11.877727,42.2,43.238421,-0.0027359787006383035,-0.023827930413011865,0.09690356060148622,36.09446859390736,-92.24360919585227,76.200527287817
2024-09-23 18:43:11.889808,42.2,43.238473,-0.002636491424507565,-0.023827930413011865,0.09690356060148622,36.09446859390736,-92.24360919585227,68.18063240997792
2024-09-23 18:43:11.922791,42.2,43.238473,-0.002636491424507565,-0.023280723622328886,0.09690356060148622,36.09446859390736,-92.24360919585227,68.18063240997792
2024-09-23 18:43:11.934193,42.2,43.238524,-0.002636491424507565,-0.023280723622328886,0.09670458680871308,48.12595698684454,-96.25519929585457,72.1922225099802
2024-09-23 18:43:11.975985,42.2,43.238524,-0.0029349636958644295,-0.023230986250042305,0.09725178296655933,52.137550501942634,-96.25519929585457,72.1922225099802
2024-09-23 18:43:11.987701,42.2,43.238524,-0.0029349636958644295,-0.023230986250042305,0.09725178296655933,52.137550501942634,-92.24360919585227,76.200527287817
2024-09-23 18:43:12.020371,42.2,43.238574,-0.0029349636958644295,-0.023230986250042305,0.09725178296655933,52.137550501942634,-92.24360919585227,76.200527287817
2024-09-23 18:43:12.032158,42.2,43.238574,-0.0030344509719951677,-0.023280723622328886,0.09655535038822652,44.11764879391193,-92.24360919585227,76.200527287817
2024-09-23 18:43:12.075024,42.2,43.238666,-0.0026862297461545674,-0.02293251340906919,0.09695331012558621,44.11764879391193,-92.24360919585227,72.1922225099802
2024-09-23 18:43:12.086736,42.2,43.238666,-0.0026862297461545674,-0.02293251340906919,0.09695331012558621,44.11764879391193,-92.24360919585227,72.1922225099802
2024-09-23 18:43:12.118509,42.33,43.238666,-0.0026862297461545674,-0.02293251340906919,0.09695331012558621,44.11764879391193,-88.23529758782387,72.1922225099802
2024-09-23 18:43:12.130656,42.33,43.238717,-0.0027359787006383035,-0.02308174982955575,0.09670458680871308,44.11764879391193,-88.23529758782387,76.200527287817
2024-09-23 18:43:12.173110,42.33,43.238768,-0.0029349636958644295,-0.02308174982955575,0.09670458680871308,36.09446859390736,-84.22370748782159,84.22370748782159
2024-09-23 18:43:12.216372,42.33,43.238768,-0.0029349636958644295,-0.02352945757203875,0.09670458680871308,36.09446859390736,-84.22370748782159,84.22370748782159
2024-09-23 18:43:12.228352,42.33,43.238818,-0.0029349636958644295,-0.02352945757203875,0.09740101331113918,40.106058693909645,-88.23529758782387,76.200527287817
2024-09-23 18:43:12.271660,42.33,43.238818,-0.0033329230534799477,-0.02303200030545576,0.0966050877605131,44.11764879391193,-96.25519929585457,80.21211738781929
2024-09-23 18:43:12.314244,42.33,43.238909,-0.002636491424507565,-0.02303200030545576,0.0966050877605131,44.11764879391193,-96.25519929585457,80.21211738781929
2024-09-23 18:43:12.325608,42.33,43.238909,-0.002636491424507565,-0.022833026512682618,0.0973512698629459,48.12595698684454,-100.26678939585686,80.21211738781929
2024-09-23 18:43:12.368274,42.33,43.23896,-0.002437506429281439,-0.02338022115155219,0.0973512698629459,48.12595698684454,-100.26678939585686,76.200527287817
2024-09-23 18:43:12.380296,42.33,43.23896,-0.002437506429281439,-0.02338022115155219,0.09750050628343246,44.11764879391193,-100.26678939585686,76.200527287817
2024-09-23 18:43:12.412486,42.33,43.23896,-0.002437506429281439,-0.02338022115155219,0.09750050628343246,44.11764879391193,-96.25519929585457,80.21211738781929
2024-09-23 18:43:12.423617,42.33,43.239011,-0.002785727465249955,-0.023330473146428877,0.09685382322919964,44.11764879391193,-96.25519929585457,80.21211738781929
2024-09-23 18:43:12.466698,42.33,43.239062,-0.0028354659767690416,-0.023479709566915436,0.09685382322919964,48.12595698684454,-92.24360919585227,76.200527287817
2024-09-23 18:43:12.510099,42.33,43.239062,-0.0028354659767690416,-0.023479709566915436,0.09655535038822652,36.09446859390736,-92.24360919585227,76.200527287817
2024-09-23 18:43:12.521943,42.33,43.239113,-0.003780631555451287,-0.023479709566915436,0.09655535038822652,36.09446859390736,-104.27510100388527,72.1922225099802
2024-09-23 18:43:12.565369,42.33,43.239202,-0.003780631555451287,-0.023230986250042305,0.09710254654607277,36.09446859390736,-100.26678939585686,76.200527287817
2024-09-23 18:43:12.608869,42.33,43.239202,-0.002636491424507565,-0.023877669304275123,0.09670458680871308,36.09446859390736,-100.26678939585686,76.200527287817
2024-09-23 18:43:12.620470,42.33,43.239202,-0.002636491424507565,-0.023877669304275123,0.09670458680871308,44.11764879391193,-104.27510100388527,80.21211738781929
2024-09-23 18:43:12.664130,42.33,43.239253,-0.0026862297461545674,-0.023280723622328886,0.09779897304849887,40.106058693909645,-100.26678939585686,80.21211738781929
2024-09-23 18:43:12.706080,42.33,43.239304,-0.0026862297461545674,-0.023280723622328886,0.09779897304849887,40.106058693909645,-100.26678939585686,80.21211738781929
2024-09-23 18:43:12.717024,42.33,43.239304,-0.0025369937054121774,-0.024026904205785005,0.0973512698629459,52.137550501942634,-100.26678939585686,80.21211738781929
2024-09-23 18:43:12.759179,42.33,43.239304,-0.0025369937054121774,-0.024026904205785005,0.0973512698629459,52.137550501942634,-96.25519929585457,80.21211738781929
2024-09-23 18:43:12.854015,42.33,43.239355,-0.0030344509719951677,-0.024026904205785005,0.0973512698629459,52.137550501942634,-96.25519929585457,80.21211738781929
2024-09-23 18:43:12.906224,42.33,43.239405,-0.0030344509719951677,-0.02338022115155219,0.09670458680871308,52.137550501942634,-84.22370748782159,80.21211738781929
2024-09-23 18:43:12.949354,42.33,43.239405,-0.0031339382481259063,-0.02338022115155219,0.09670458680871308,52.137550501942634,-84.22370748782159,80.21211738781929
2024-09-23 18:43:12.960437,42.33,43.239405,-0.0031339382481259063,-0.023827930413011865,0.09685382322919964,56.14914060194492,-88.23529758782387,80.21211738781929
2024-09-23 18:43:13.002897,42.33,43.239456,-0.0033329230534799477,-0.023280723622328886,0.09665483728461309,40.106058693909645,-88.23529758782387,80.21211738781929
2024-09-23 18:43:13.014632,42.33,43.239456,-0.0033329230534799477,-0.023280723622328886,0.09665483728461309,40.106058693909645,-92.24360919585227,80.21211738781929
2024-09-23 18:43:13.049120,42.33,43.239543,-0.0027359787006383035,-0.023280723622328886,0.09665483728461309,40.106058693909645,-92.24360919585227,80.21211738781929
2024-09-23 18:43:13.060435,42.33,43.239543,-0.0027359787006383035,-0.023429960042815445,0.09680407370509965,36.09446859390736,-92.24360919585227,80.21211738781929
2024-09-23 18:43:13.092145,42.33,43.239543,-0.0027359787006383035,-0.023429960042815445,0.09680407370509965,36.09446859390736,-96.25519929585457,80.21211738781929
2024-09-23 18:43:13.103445,42.33,43.239593,-0.0031339382481259063,-0.023280723622328886,0.09745075675933246,36.09446859390736,-96.25519929585457,76.200527287817
2024-09-23 18:43:13.147297,42.47,43.23974,-0.0031339382481259063,-0.023280723622328886,0.09745075675933246,48.12595698684454,-100.26678939585686,76.200527287817
2024-09-23 18:43:13.158666,42.47,43.23974,-0.0028852147413806935,-0.02362894446842532,0.09745075675933246,48.12595698684454,-100.26678939585686,76.200527287817
2024-09-23 18:43:13.192125,42.47,43.23974,-0.0028852147413806935,-0.02362894446842532,0.0973512698629459,48.12595698684454,-100.26678939585686,76.200527287817
2024-09-23 18:43:13.203329,42.47,43.239791,-0.0026862297461545674,-0.02362894446842532,0.0973512698629459,48.12595698684454,-100.26678939585686,80.21211738781929
2024-09-23 18:43:13.245573,42.47,43.239791,-0.0026862297461545674,-0.023330473146428877,0.09715228999426605,40.106058693909645,-92.24360919585227,72.1922225099802
2024-09-23 18:43:13.257781,42.47,43.239884,-0.0026862297461545674,-0.023330473146428877,0.09715228999426605,40.106058693909645,-92.24360919585227,72.1922225099802
2024-09-23 18:43:13.290933,42.47,43.239884,-0.0030841997366068195,-0.023479709566915436,0.09710254654607277,40.106058693909645,-92.24360919585227,72.1922225099802
2024-09-23 18:43:13.301906,42.47,43.239884,-0.0030841997366068195,-0.023479709566915436,0.09710254654607277,40.106058693909645,-100.26678939585686,72.1922225099802
2024-09-23 18:43:13.345435,42.47,43.239936,-0.0028852147413806935,-0.02313149783467906,0.09710254654607277,32.08287849390507,-100.26678939585686,72.1922225099802
2024-09-23 18:43:13.387553,42.47,43.239986,-0.0028852147413806935,-0.02313149783467906,0.09710254654607277,32.08287849390507,-100.26678939585686,76.200527287817
2024-09-23 18:43:13.399355,42.47,43.239986,-0.0024872551938930902,-0.02338022115155219,0.09725178296655933,36.09446859390736,-100.26678939585686,76.200527287817
2024-09-23 18:43:13.442576,42.47,43.240037,-0.003233425524256645,-0.023728432883788564,0.09764974270391902,36.09446859390736,-96.25519929585457,76.200527287817
2024-09-23 18:43:13.484831,42.47,43.240037,-0.003233425524256645,-0.023728432883788564,0.09764974270391902,56.14914060194492,-92.24360919585227,76.200527287817
2024-09-23 18:43:13.496566,42.47,43.240088,-0.003233425524256645,-0.023280723622328886,0.09764974270391902,56.14914060194492,-92.24360919585227,80.21211738781929
2024-09-23 18:43:13.540343,42.47,43.240139,-0.002437506429281439,-0.023280723622328886,0.09695331012558621,48.12595698684454,-96.25519929585457,76.200527287817
2024-09-23 18:43:13.582379,42.47,43.240139,-0.002437506429281439,-0.02313149783467906,0.09705279702197278,48.12595698684454,-96.25519929585457,76.200527287817
2024-09-23 18:43:13.594329,42.47,43.240225,-0.002437506429281439,-0.02313149783467906,0.09705279702197278,52.137550501942634,-96.25519929585457,76.200527287817
2024-09-23 18:43:13.636198,42.47,43.240225,-0.0031836870127375577,-0.02313149783467906,0.09670458680871308,44.11764879391193,-96.25519929585457,76.200527287817
2024-09-23 18:43:13.648478,42.47,43.240225,-0.0031836870127375577,-0.02313149783467906,0.09670458680871308,44.11764879391193,-96.25519929585457,72.1922225099802
2024-09-23 18:43:13.680773,42.47,43.240277,-0.0029847020175114316,-0.02362894446842532,0.09670458680871308,44.11764879391193,-96.25519929585457,72.1922225099802
2024-09-23 18:43:13.691800,42.47,43.240277,-0.0029847020175114316,-0.02362894446842532,0.09655535038822652,36.09446859390736,-100.26678939585686,72.1922225099802
2024-09-23 18:43:13.733735,42.47,43.240327,-0.0026862297461545674,-0.023181236725942318,0.0973015264147526,32.08287849390507,-100.26678939585686,76.200527287817
2024-09-23 18:43:13.776927,42.47,43.240327,-0.0026862297461545674,-0.023181236725942318,0.0973015264147526,32.08287849390507,-104.27510100388527,72.1922225099802
2024-09-23 18:43:13.789374,42.47,43.240378,-0.0038303700669703737,-0.024026904205785005,0.09759999317981902,32.08287849390507,-104.27510100388527,72.1922225099802
2024-09-23 18:43:13.875364,42.47,43.240378,-0.0038303700669703737,-0.024026904205785005,0.09759999317981902,28.07457030097246,-92.24360919585227,72.1922225099802
2024-09-23 18:43:13.886801,42.47,43.240429,-0.002437506429281439,-0.02352945757203875,0.09759999317981902,28.07457030097246,-92.24360919585227,92.24360919585227
2024-09-23 18:43:13.930242,42.47,43.240479,-0.002437506429281439,-0.02352945757203875,0.09710254654607277,44.11764879391193,-96.25519929585457,80.21211738781929
2024-09-23 18:43:13.942202,42.47,43.240479,-0.0030344509719951677,-0.02352945757203875,0.09710254654607277,44.11764879391193,-96.25519929585457,80.21211738781929
2024-09-23 18:43:14.025325,42.47,43.240479,-0.0030344509719951677,-0.02308174982955575,0.09745075675933246,48.12595698684454,-96.25519929585457,72.1922225099802
2024-09-23 18:43:14.037335,42.47,43.240566,-0.0030344509719951677,-0.02308174982955575,0.09745075675933246,48.12595698684454,-96.25519929585457,72.1922225099802
2024-09-23 18:43:14.071103,42.47,43.240566,-0.0029349636958644295,-0.023479709566915436,0.09685382322919964,48.12595698684454,-96.25519929585457,72.1922225099802
2024-09-23 18:43:14.083529,42.47,43.240566,-0.0029349636958644295,-0.023479709566915436,0.09685382322919964,48.12595698684454,-96.25519929585457,80.21211738781929
2024-09-23 18:43:14.126615,42.47,43.240618,-0.002785727465249955,-0.02397715620066169,0.09680407370509965,36.09446859390736,-100.26678939585686,80.21211738781929
2024-09-23 18:43:14.169987,42.29,43.240714,-0.0028852147413806935,-0.02362894446842532,0.09680407370509965,36.09446859390736,-100.26678939585686,76.200527287817
2024-09-23 18:43:14.181243,42.29,43.240714,-0.0028852147413806935,-0.02362894446842532,0.0973015264147526,28.07457030097246,-100.26678939585686,76.200527287817
2024-09-23 18:43:14.213558,42.29,43.240714,-0.0028852147413806935,-0.02362894446842532,0.0973015264147526,28.07457030097246,-100.26678939585686,76.200527287817
2024-09-23 18:43:14.226794,42.29,43.240765,-0.0029847020175114316,-0.02293251340906919,0.09650560086412653,28.07457030097246,-100.26678939585686,76.200527287817
2024-09-23 18:43:14.269184,42.29,43.240861,-0.0020892956464054874,-0.02293251340906919,0.09650560086412653,32.08287849390507,-96.25519929585457,80.21211738781929
2024-09-23 18:43:14.281574,42.29,43.240861,-0.0020892956464054874,-0.023330473146428877,0.09650560086412653,32.08287849390507,-96.25519929585457,80.21211738781929
2024-09-23 18:43:14.314503,42.29,43.240861,-0.0020892956464054874,-0.023330473146428877,0.09695331012558621,36.09446859390736,-96.25519929585457,80.21211738781929
2024-09-23 18:43:14.325739,42.29,43.240912,-0.0031836870127375577,-0.023330473146428877,0.09695331012558621,36.09446859390736,-96.25519929585457,84.22370748782159
2024-09-23 18:43:14.368200,42.29,43.241005,-0.0031836870127375577,-0.02303200030545576,0.0973512698629459,40.106058693909645,-88.23529758782387,76.200527287817
2024-09-23 18:43:14.410945,42.29,43.241005,-0.002586742470023829,-0.023181236725942318,0.0973512698629459,40.106058693909645,-88.23529758782387,76.200527287817
2024-09-23 18:43:14.464031,42.29,43.241057,-0.002586742470023829,-0.023181236725942318,0.09690356060148622,44.11764879391193,-96.25519929585457,76.200527287817
2024-09-23 18:43:14.475815,42.29,43.241057,-0.0029349636958644295,-0.023181236725942318,0.09690356060148622,44.11764879391193,-96.25519929585457,76.200527287817
2024-09-23 18:43:14.508367,42.29,43.241057,-0.0029349636958644295,-0.023330473146428877,0.09690356060148622,44.11764879391193,-96.25519929585457,76.200527287817
2024-09-23 18:43:14.520237,42.29,43.241057,-0.0029349636958644295,-0.023330473146428877,0.09690356060148622,40.106058693909645,-96.25519929585457,76.200527287817
2024-09-23 18:43:14.563974,42.29,43.241107,-0.0030841997366068195,-0.023479709566915436,0.09680407370509965,40.106058693909645,-92.24360919585227,76.200527287817
2024-09-23 18:43:14.607322,42.29,43.241107,-0.0030841997366068195,-0.023479709566915436,0.09680407370509965,32.08287849390507,-92.24360919585227,80.21211738781929
2024-09-23 18:43:14.618651,42.29,43.241158,-0.002636491424507565,-0.02338022115155219,0.09680407370509965,32.08287849390507,-92.24360919585227,80.21211738781929
2024-09-23 18:43:14.661301,42.29,43.241209,-0.0030344509719951677,-0.02338022115155219,0.09705279702197278,36.09446859390736,-96.25519929585457,76.200527287817
2024-09-23 18:43:14.706600,42.29,43.241209,-0.0030344509719951677,-0.02362894446842532,0.0966050877605131,52.137550501942634,-96.25519929585457,76.200527287817
2024-09-23 18:43:14.717767,42.29,43.241299,-0.0030344509719951677,-0.02362894446842532,0.0966050877605131,52.137550501942634,-92.24360919585227,76.200527287817
2024-09-23 18:43:14.751033,42.29,43.241299,-0.0030841997366068195,-0.02362894446842532,0.0966050877605131,52.137550501942634,-92.24360919585227,76.200527287817
2024-09-23 18:43:14.762380,42.29,43.241299,-0.0030841997366068195,-0.02397715620066169,0.09705279702197278,36.09446859390736,-92.24360919585227,80.21211738781929
2024-09-23 18:43:14.805859,42.29,43.241396,-0.0028354659767690416,-0.02338022115155219,0.09745075675933246,40.106058693909645,-92.24360919585227,80.21211738781929
2024-09-23 18:43:14.817867,42.29,43.241396,-0.0028354659767690416,-0.02338022115155219,0.09745075675933246,40.106058693909645,-92.24360919585227,80.21211738781929
2024-09-23 18:43:14.901042,42.29,43.241447,-0.0021887829225362256,-0.02338022115155219,0.09745075675933246,40.106058693909645,-92.24360919585227,76.200527287817
2024-09-23 18:43:14.912746,42.29,43.241447,-0.0021887829225362256,-0.02308174982955575,0.09715228999426605,36.09446859390736,-92.24360919585227,76.200527287817
2024-09-23 18:43:14.944854,42.29,43.241447,-0.0021887829225362256,-0.02308174982955575,0.09715228999426605,36.09446859390736,-100.26678939585686,76.200527287817
2024-09-23 18:43:14.956641,42.29,43.241498,-0.0025369937054121774,-0.02308174982955575,0.09715228999426605,36.09446859390736,-100.26678939585686,76.200527287817
2024-09-23 18:43:15.051395,42.29,43.241548,-0.0025369937054121774,-0.023230986250042305,0.0976994861521123,36.09446859390736,-92.24360919585227,80.21211738781929
2024-09-23 18:43:15.094311,42.29,43.241548,-0.0030841997366068195,-0.022982261414192504,0.0976994861521123,36.09446859390736,-92.24360919585227,80.21211738781929
2024-09-23 18:43:15.106213,42.29,43.241548,-0.0030841997366068195,-0.022982261414192504,0.09705279702197278,36.09446859390736,-100.26678939585686,76.200527287817
2024-09-23 18:43:15.149259,42.29,43.241599,-0.0032831742888682963,-0.02313149783467906,0.09715228999426605,52.137550501942634,-96.25519929585457,76.200527287817
2024-09-23 18:43:15.192590,41.52,43.241688,-0.002785727465249955,-0.02313149783467906,0.09715228999426605,52.137550501942634,-96.25519929585457,80.21211738781929
2024-09-23 18:43:15.204238,41.52,43.241688,-0.002785727465249955,-0.023479709566915436,0.09665483728461309,36.09446859390736,-96.25519929585457,80.21211738781929
2024-09-23 18:43:15.246690,41.52,43.241786,-0.0029847020175114316,-0.023280723622328886,0.09690356060148622,36.09446859390736,-92.24360919585227,76.200527287817
2024-09-23 18:43:15.290332,41.52,43.241786,-0.0029847020175114316,-0.023280723622328886,0.09690356060148622,40.106058693909645,-96.25519929585457,72.1922225099802
2024-09-23 18:43:15.301643,41.52,43.241885,-0.003233425524256645,-0.023330473146428877,0.09690356060148622,40.106058693909645,-96.25519929585457,72.1922225099802
2024-09-23 18:43:15.345402,41.52,43.241936,-0.0030841997366068195,-0.023330473146428877,0.0966050877605131,40.106058693909645,-92.24360919585227,72.1922225099802
2024-09-23 18:43:15.388722,41.52,43.241936,-0.0030841997366068195,-0.023330473146428877,0.09710254654607277,44.11764879391193,-104.27510100388527,72.1922225099802
2024-09-23 18:43:15.400024,41.52,43.242029,-0.0030841997366068195,-0.023330473146428877,0.09710254654607277,44.11764879391193,-104.27510100388527,76.200527287817
2024-09-23 18:43:15.442205,41.52,43.242029,-0.002586742470023829,-0.02308174982955575,0.09759999317981902,52.137550501942634,-88.23529758782387,76.200527287817
2024-09-23 18:43:15.484944,41.52,43.242081,-0.0030344509719951677,-0.02352945757203875,0.09759999317981902,52.137550501942634,-88.23529758782387,76.200527287817
2024-09-23 18:43:15.496533,41.52,43.242081,-0.0030344509719951677,-0.02352945757203875,0.09774922960030558,48.12595698684454,-88.23529758782387,76.200527287817
2024-09-23 18:43:15.538601,41.52,43.242131,-0.0030344509719951677,-0.02352945757203875,0.09774922960030558,48.12595698684454,-88.23529758782387,76.200527287817
2024-09-23 18:43:15.580512,41.52,43.242131,-0.0023380189632786156,-0.023280723622328886,0.09774922960030558,48.12595698684454,-88.23529758782387,76.200527287817
2024-09-23 18:43:15.592557,41.52,43.242131,-0.0023380189632786156,-0.023280723622328886,0.09705279702197278,40.106058693909645,-96.25519929585457,76.200527287817
2024-09-23 18:43:15.636292,41.52,43.242182,-0.0030841997366068195,-0.0228827638849692,0.0973015264147526,36.09446859390736,-96.25519929585457,76.200527287817
2024-09-23 18:43:15.679250,41.52,43.242233,-0.0030841997366068195,-0.0228827638849692,0.0973015264147526,36.09446859390736,-96.25519929585457,76.200527287817
2024-09-23 18:43:15.691170,41.52,43.242233,-0.002437506429281439,-0.02308174982955575,0.09685382322919964,28.07457030097246,-96.25519929585457,76.200527287817
2024-09-23 18:43:15.734086,41.52,43.242283,-0.0030344509719951677,-0.023579196463302005,0.0970030596496862,28.07457030097246,-96.25519929585457,76.200527287817
2024-09-23 18:43:15.776638,41.52,43.242283,-0.0030344509719951677,-0.023579196463302005,0.0970030596496862,40.106058693909645,-92.24360919585227,84.22370748782159
2024-09-23 18:43:15.787783,41.52,43.24237,-0.0030841997366068195,-0.02293251340906919,0.0970030596496862,40.106058693909645,-92.24360919585227,84.22370748782159
2024-09-23 18:43:15.829576,41.52,43.242422,-0.0030841997366068195,-0.02293251340906919,0.09655535038822652,52.137550501942634,-100.26678939585686,72.1922225099802
2024-09-23 18:43:15.841801,41.52,43.242422,-0.003482159473966507,-0.02293251340906919,0.09655535038822652,52.137550501942634,-100.26678939585686,72.1922225099802
2024-09-23 18:43:15.925629,41.52,43.242422,-0.003482159473966507,-0.02338022115155219,0.09779897304849887,48.12595698684454,-100.26678939585686,72.1922225099802
2024-09-23 18:43:15.937416,41.52,43.242517,-0.003482159473966507,-0.02338022115155219,0.09779897304849887,48.12595698684454,-100.26678939585686,80.21211738781929
2024-09-23 18:43:15.970251,41.52,43.242517,-0.0029349636958644295,-0.02338022115155219,0.09779897304849887,48.12595698684454,-100.26678939585686,80.21211738781929
2024-09-23 18:43:15.982113,41.52,43.242517,-0.0029349636958644295,-0.023579196463302005,0.0973512698629459,36.09446859390736,-96.25519929585457,76.200527287817
2024-09-23 18:43:16.024429,41.52,43.242568,-0.002785727465249955,-0.023330473146428877,0.09759999317981902,36.09446859390736,-96.25519929585457,76.200527287817
2024-09-23 18:43:16.066502,41.52,43.242568,-0.002785727465249955,-0.023330473146428877,0.09759999317981902,36.09446859390736,-100.26678939585686,76.200527287817
2024-09-23 18:43:16.078546,41.52,43.242619,-0.0029847020175114316,-0.023330473146428877,0.09759999317981902,36.09446859390736,-100.26678939585686,76.200527287817
2024-09-23 18:43:16.122551,41.52,43.24267,-0.0029847020175114316,-0.023330473146428877,0.09759999317981902,48.12595698684454,-92.24360919585227,72.1922225099802
2024-09-23 18:43:16.133651,41.52,43.24267,-0.002636491424507565,-0.023330473146428877,0.09759999317981902,48.12595698684454,-92.24360919585227,72.1922225099802
2024-09-23 18:43:16.165619,41.52,43.24267,-0.002636491424507565,-0.023330473146428877,0.09705279702197278,32.08287849390507,-92.24360919585227,72.1922225099802
2024-09-23 18:43:16.176935,41.52,43.242763,-0.0029349636958644295,-0.023330473146428877,0.09705279702197278,32.08287849390507,-92.24360919585227,76.200527287817
2024-09-23 18:43:16.219426,41.62,43.242763,-0.0029349636958644295,-0.02303200030545576,0.09710254654607277,48.12595698684454,-100.26678939585686,68.18063240997792
2024-09-23 18:43:16.231032,41.62,43.242813,-0.0029349636958644295,-0.02303200030545576,0.09710254654607277,48.12595698684454,-100.26678939585686,68.18063240997792
2024-09-23 18:43:16.262995,41.62,43.242813,-0.0029349636958644295,-0.02313149783467906,0.09710254654607277,48.12595698684454,-100.26678939585686,68.18063240997792
2024-09-23 18:43:16.274480,41.62,43.242813,-0.0029349636958644295,-0.02313149783467906,0.09710254654607277,80.21211738781929,-88.23529758782387,76.200527287817
2024-09-23 18:43:16.316782,41.62,43.242907,-0.0029847020175114316,-0.023230986250042305,0.09685382322919964,64.16903547978401,-88.23529758782387,76.200527287817
2024-09-23 18:43:16.329132,41.62,43.242907,-0.0029847020175114316,-0.023230986250042305,0.09685382322919964,64.16903547978401,-84.22370748782159,76.200527287817
2024-09-23 18:43:16.361087,41.62,43.242958,-0.0029847020175114316,-0.023230986250042305,0.09685382322919964,64.16903547978401,-84.22370748782159,80.21211738781929
2024-09-23 18:43:16.372246,41.62,43.242958,-0.0029847020175114316,-0.023827930413011865,0.09705279702197278,28.07457030097246,-84.22370748782159,80.21211738781929
2024-09-23 18:43:16.414973,41.62,43.243009,-0.0024872551938930902,-0.023429960042815445,0.09705279702197278,28.07457030097246,-100.26678939585686,76.200527287817
2024-09-23 18:43:16.426860,41.62,43.243009,-0.0024872551938930902,-0.023429960042815445,0.0973512698629459,28.07457030097246,-100.26678939585686,76.200527287817
2024-09-23 18:43:16.459545,41.62,43.243009,-0.0024872551938930902,-0.023429960042815445,0.0973512698629459,28.07457030097246,-96.25519929585457,80.21211738781929
2024-09-23 18:43:16.470653,41.62,43.24306,-0.002586742470023829,-0.023181236725942318,0.0973512698629459,28.07457030097246,-96.25519929585457,80.21211738781929
2024-09-23 18:43:16.514124,41.62,43.24311,-0.0028354659767690416,-0.023181236725942318,0.09720203344245934,28.07457030097246,-96.25519929585457,76.200527287817
2024-09-23 18:43:16.556808,41.62,43.24311,-0.0028354659767690416,-0.02293251340906919,0.0973512698629459,52.137550501942634,-96.25519929585457,76.200527287817
2024-09-23 18:43:16.569086,41.62,43.243199,-0.0028354659767690416,-0.02293251340906919,0.0973512698629459,52.137550501942634,-84.22370748782159,76.200527287817
2024-09-23 18:43:16.611898,41.62,43.243199,-0.0031339382481259063,-0.023728432883788564,0.09759999317981902,52.137550501942634,-88.23529758782387,76.200527287817
2024-09-23 18:43:16.654198,41.62,43.243251,-0.0027359787006383035,-0.023728432883788564,0.09759999317981902,52.137550501942634,-88.23529758782387,76.200527287817
2024-09-23 18:43:16.707008,41.62,43.243251,-0.0027359787006383035,-0.023877669304275123,0.09764974270391902,48.12595698684454,-96.25519929585457,72.1922225099802
2024-09-23 18:43:16.719142,41.62,43.243301,-0.0027359787006383035,-0.023877669304275123,0.09764974270391902,48.12595698684454,-96.25519929585457,72.1922225099802
2024-09-23 18:43:16.751129,41.62,43.243301,-0.0028852147413806935,-0.02362894446842532,0.09764974270391902,48.12595698684454,-96.25519929585457,72.1922225099802
2024-09-23 18:43:16.762741,41.62,43.243301,-0.0028852147413806935,-0.02362894446842532,0.0973015264147526,28.07457030097246,-100.26678939585686,76.200527287817
2024-09-23 18:43:16.806354,41.62,43.243352,-0.002437506429281439,-0.023479709566915436,0.09764974270391902,32.08287849390507,-100.26678939585686,76.200527287817
2024-09-23 18:43:16.818024,41.62,43.243352,-0.002437506429281439,-0.023479709566915436,0.09764974270391902,32.08287849390507,-96.25519929585457,76.200527287817
2024-09-23 18:43:16.850360,41.62,43.243403,-0.0025369937054121774,-0.023479709566915436,0.09764974270391902,32.08287849390507,-96.25519929585457,72.1922225099802
2024-09-23 18:43:16.861474,41.62,43.243403,-0.0025369937054121774,-0.023280723622328886,0.0970030596496862,16.039798293417693,-96.25519929585457,72.1922225099802
2024-09-23 18:43:16.945275,41.62,43.243403,-0.0025369937054121774,-0.023280723622328886,0.0970030596496862,16.039798293417693,-104.27510100388527,72.1922225099802
2024-09-23 18:43:16.957471,41.62,43.243454,-0.0029349636958644295,-0.02338022115155219,0.09710254654607277,16.039798293417693,-104.27510100388527,84.22370748782159
2024-09-23 18:43:17.000996,41.62,43.243543,-0.0028354659767690416,-0.023429960042815445,0.09710254654607277,-4.008308192932605,-104.27510100388527,72.1922225099802
2024-09-23 18:43:17.043617,41.62,43.243543,-0.0028354659767690416,-0.023429960042815445,0.09705279702197278,60.15744537978172,-104.27510100388527,72.1922225099802
2024-09-23 18:43:17.054696,41.62,43.243593,-0.0031339382481259063,-0.023429960042815445,0.09705279702197278,60.15744537978172,-96.25519929585457,80.21211738781929
2024-09-23 18:43:17.097245,41.62,43.243593,-0.0031339382481259063,-0.02367869399252531,0.09690356060148622,52.137550501942634,-100.26678939585686,76.200527287817
2024-09-23 18:43:17.109427,41.62,43.243687,-0.0031339382481259063,-0.02367869399252531,0.09690356060148622,52.137550501942634,-100.26678939585686,76.200527287817
2024-09-23 18:43:17.193793,41.62,43.243687,-0.0031339382481259063,-0.023330473146428877,0.09675432418099966,40.106058693909645,-104.27510100388527,76.200527287817
2024-09-23 18:43:17.205786,41.62,43.243687,-0.0031339382481259063,-0.023330473146428877,0.09675432418099966,40.106058693909645,-104.27510100388527,76.200527287817
2024-09-23 18:43:17.237917,41.51,43.243785,-0.002437506429281439,-0.023330473146428877,0.09675432418099966,40.106058693909645,-104.27510100388527,76.200527287817
2024-09-23 18:43:17.249720,41.51,43.243785,-0.002437506429281439,-0.02308174982955575,0.09675432418099966,36.09446859390736,-100.26678939585686,76.200527287817
2024-09-23 18:43:17.292696,41.51,43.243836,-0.0030344509719951677,-0.023181236725942318,0.09675432418099966,36.09446859390736,-100.26678939585686,80.21211738781929
2024-09-23 18:43:17.304421,41.51,43.243836,-0.0030344509719951677,-0.023181236725942318,0.09685382322919964,32.08287849390507,-100.26678939585686,80.21211738781929
2024-09-23 18:43:17.337133,41.51,43.243887,-0.0030344509719951677,-0.023181236725942318,0.09685382322919964,32.08287849390507,-96.25519929585457,80.21211738781929
2024-09-23 18:43:17.390331,41.51,43.243887,-0.0032831742888682963,-0.02397715620066169,0.09740101331113918,52.137550501942634,-88.23529758782387,80.21211738781929
2024-09-23 18:43:17.402627,41.51,43.243887,-0.0032831742888682963,-0.02397715620066169,0.09740101331113918,52.137550501942634,-88.23529758782387,76.200527287817
2024-09-23 18:43:17.435974,41.51,43.243937,-0.002437506429281439,-0.02293251340906919,0.09740101331113918,52.137550501942634,-88.23529758782387,76.200527287817
2024-09-23 18:43:17.447709,41.51,43.243937,-0.002437506429281439,-0.02293251340906919,0.09745075675933246,40.106058693909645,-88.23529758782387,76.200527287817
2024-09-23 18:43:17.481969,41.51,43.244031,-0.002437506429281439,-0.02293251340906919,0.09745075675933246,40.106058693909645,-88.23529758782387,76.200527287817
2024-09-23 18:43:17.493167,41.51,43.244031,-0.0029847020175114316,-0.023230986250042305,0.09740101331113918,40.106058693909645,-88.23529758782387,76.200527287817
2024-09-23 18:43:17.536143,41.51,43.244125,-0.003382661564999035,-0.023728432883788564,0.09740101331113918,40.106058693909645,-92.24360919585227,76.200527287817
2024-09-23 18:43:17.548183,41.51,43.244125,-0.003382661564999035,-0.023728432883788564,0.09710254654607277,40.106058693909645,-92.24360919585227,76.200527287817
2024-09-23 18:43:17.580848,41.51,43.244125,-0.003382661564999035,-0.023728432883788564,0.09710254654607277,32.08287849390507,-100.26678939585686,76.200527287817
2024-09-23 18:43:17.592058,41.51,43.244176,-0.0029847020175114316,-0.023230986250042305,0.09710254654607277,32.08287849390507,-100.26678939585686,76.200527287817
2024-09-23 18:43:17.634464,41.51,43.244227,-0.0029349636958644295,-0.023230986250042305,0.09715228999426605,32.08287849390507,-100.26678939585686,80.21211738781929
2024-09-23 18:43:17.676596,41.51,43.244227,-0.0029349636958644295,-0.0228827638849692,0.09710254654607277,32.08287849390507,-100.26678939585686,80.21211738781929
2024-09-23 18:43:17.730320,41.51,43.24432,-0.0029349636958644295,-0.0228827638849692,0.09710254654607277,52.137550501942634,-100.26678939585686,76.200527287817
2024-09-23 18:43:17.743008,41.51,43.24432,-0.0024872551938930902,-0.023330473146428877,0.09710254654607277,52.137550501942634,-100.26678939585686,76.200527287817
2024-09-23 18:43:17.774774,41.51,43.24432,-0.0024872551938930902,-0.023330473146428877,0.09695331012558621,32.08287849390507,-100.26678939585686,76.200527287817
2024-09-23 18:43:17.785798,41.51,43.244372,-0.0025369937054121774,-0.023330473146428877,0.09695331012558621,32.08287849390507,-96.25519929585457,80.21211738781929
2024-09-23 18:43:17.828801,41.51,43.244372,-0.0025369937054121774,-0.02303200030545576,0.09705279702197278,24.06297849342227,-100.26678939585686,80.21211738781929
2024-09-23 18:43:17.840568,41.51,43.244423,-0.0025369937054121774,-0.02303200030545576,0.09705279702197278,24.06297849342227,-100.26678939585686,80.21211738781929
2024-09-23 18:43:17.872355,41.51,43.244423,-0.0026862297461545674,-0.02352945757203875,0.09705279702197278,24.06297849342227,-100.26678939585686,80.21211738781929
2024-09-23 18:43:17.883416,41.51,43.244423,-0.0026862297461545674,-0.02352945757203875,0.09710254654607277,48.12595698684454,-96.25519929585457,76.200527287817
2024-09-23 18:43:17.977906,41.51,43.244473,-0.003482159473966507,-0.023181236725942318,0.09685382322919964,40.106058693909645,-96.25519929585457,76.200527287817
2024-09-23 18:43:18.021845,41.51,43.244565,-0.0029349636958644295,-0.02362894446842532,0.09685382322919964,40.106058693909645,-96.25519929585457,72.1922225099802
2024-09-23 18:43:18.033580,41.51,43.244565,-0.0029349636958644295,-0.02362894446842532,0.09685382322919964,32.08287849390507,-96.25519929585457,72.1922225099802
2024-09-23 18:43:18.066289,41.51,43.244565,-0.0029349636958644295,-0.02362894446842532,0.09685382322919964,32.08287849390507,-100.26678939585686,72.1922225099802
2024-09-23 18:43:18.077683,41.51,43.244616,-0.0031339382481259063,-0.023479709566915436,0.09670458680871308,32.08287849390507,-100.26678939585686,68.18063240997792
2024-09-23 18:43:18.120074,41.51,43.244667,-0.003233425524256645,-0.023479709566915436,0.09670458680871308,48.12595698684454,-92.24360919585227,80.21211738781929
2024-09-23 18:43:18.132198,41.51,43.244667,-0.003233425524256645,-0.023330473146428877,0.09670458680871308,48.12595698684454,-92.24360919585227,80.21211738781929
2024-09-23 18:43:18.164233,41.51,43.244667,-0.003233425524256645,-0.023330473146428877,0.09710254654607277,48.12595698684454,-92.24360919585227,80.21211738781929
2024-09-23 18:43:18.175896,41.51,43.244718,-0.0030344509719951677,-0.023330473146428877,0.09710254654607277,48.12595698684454,-88.23529758782387,76.200527287817
2024-09-23 18:43:18.218155,41.51,43.244718,-0.0030344509719951677,-0.023330473146428877,0.09665483728461309,48.12595698684454,-88.23529758782387,76.200527287817
2024-09-23 18:43:18.260636,41.35,43.244718,-0.0030344509719951677,-0.023330473146428877,0.09665483728461309,48.12595698684454,-92.24360919585227,76.200527287817
2024-09-23 18:43:18.272980,41.35,43.244857,-0.003233425524256645,-0.02303200030545576,0.09705279702197278,48.12595698684454,-92.24360919585227,80.21211738781929
2024-09-23 18:43:18.315155,41.35,43.244908,-0.003233425524256645,-0.02303200030545576,0.09705279702197278,32.08287849390507,-92.24360919585227,76.200527287817
2024-09-23 18:43:18.326175,41.35,43.244908,-0.002586742470023829,-0.023827930413011865,0.09705279702197278,32.08287849390507,-92.24360919585227,76.200527287817
2024-09-23 18:43:18.358872,41.35,43.244908,-0.002586742470023829,-0.023827930413011865,0.09685382322919964,32.08287849390507,-92.24360919585227,76.200527287817
2024-09-23 18:43:18.369871,41.35,43.244959,-0.0029349636958644295,-0.023827930413011865,0.09685382322919964,36.09446859390736,-88.23529758782387,76.200527287817
2024-09-23 18:43:18.412479,41.35,43.244959,-0.0029349636958644295,-0.022584292562972758,0.0970030596496862,44.11764879391193,-96.25519929585457,72.1922225099802
2024-09-23 18:43:18.424402,41.35,43.24501,-0.0029349636958644295,-0.022584292562972758,0.0970030596496862,44.11764879391193,-96.25519929585457,72.1922225099802
2024-09-23 18:43:18.457123,41.35,43.24501,-0.0029349636958644295,-0.023181236725942318,0.0970030596496862,44.11764879391193,-96.25519929585457,72.1922225099802
2024-09-23 18:43:18.468378,41.35,43.24501,-0.0029349636958644295,-0.023181236725942318,0.0973015264147526,48.12595698684454,-96.25519929585457,72.1922225099802
2024-09-23 18:43:18.510686,41.35,43.245101,-0.0030344509719951677,-0.02313149783467906,0.09759999317981902,44.11764879391193,-96.25519929585457,72.1922225099802
2024-09-23 18:43:18.522815,41.35,43.245101,-0.0030344509719951677,-0.02313149783467906,0.09759999317981902,44.11764879391193,-96.25519929585457,72.1922225099802
2024-09-23 18:43:18.554867,41.35,43.245101,-0.0030344509719951677,-0.02313149783467906,0.09759999317981902,44.11764879391193,-96.25519929585457,76.200527287817
2024-09-23 18:43:18.566754,41.35,43.245152,-0.0028852147413806935,-0.02338022115155219,0.09685382322919964,44.11764879391193,-96.25519929585457,76.200527287817
2024-09-23 18:43:18.609571,41.35,43.245203,-0.0028852147413806935,-0.02352945757203875,0.09690356060148622,44.11764879391193,-96.25519929585457,72.1922225099802
2024-09-23 18:43:18.652456,41.35,43.245203,-0.0028852147413806935,-0.02352945757203875,0.09690356060148622,36.09446859390736,-92.24360919585227,72.1922225099802
2024-09-23 18:43:18.663933,41.35,43.245254,-0.0030841997366068195,-0.0228827638849692,0.09690356060148622,36.09446859390736,-92.24360919585227,76.200527287817
2024-09-23 18:43:18.707469,41.35,43.245304,-0.0028354659767690416,-0.0228827638849692,0.09710254654607277,36.09446859390736,-96.25519929585457,72.1922225099802
2024-09-23 18:43:18.749757,41.35,43.245304,-0.0028354659767690416,-0.02278327698858263,0.09755024973162574,36.09446859390736,-96.25519929585457,72.1922225099802
2024-09-23 18:43:18.761086,41.35,43.245304,-0.0028354659767690416,-0.02278327698858263,0.09755024973162574,36.09446859390736,-96.25519929585457,72.1922225099802
2024-09-23 18:43:18.803789,41.35,43.245393,-0.0024872551938930902,-0.023877669304275123,0.0973015264147526,44.11764879391193,-96.25519929585457,72.1922225099802
2024-09-23 18:43:18.815479,41.35,43.245393,-0.0024872551938930902,-0.023877669304275123,0.0973015264147526,44.11764879391193,-96.25519929585457,72.1922225099802
2024-09-23 18:43:18.847399,41.35,43.245445,-0.0024872551938930902,-0.023877669304275123,0.0973015264147526,44.11764879391193,-96.25519929585457,72.1922225099802
2024-09-23 18:43:18.859197,41.35,43.245445,-0.0025369937054121774,-0.023429960042815445,0.09720203344245934,52.137550501942634,-96.25519929585457,72.1922225099802
2024-09-23 18:43:18.901131,41.35,43.245495,-0.002586742470023829,-0.02313149783467906,0.09720203344245934,52.137550501942634,-96.25519929585457,72.1922225099802
2024-09-23 18:43:18.913373,41.35,43.245495,-0.002586742470023829,-0.02313149783467906,0.09670458680871308,52.137550501942634,-96.25519929585457,72.1922225099802
2024-09-23 18:43:18.998705,41.35,43.245546,-0.0033329230534799477,-0.02313149783467906,0.09670458680871308,52.137550501942634,-92.24360919585227,76.200527287817
2024-09-23 18:43:19.010372,41.35,43.245546,-0.0033329230534799477,-0.023181236725942318,0.09670458680871308,52.137550501942634,-92.24360919585227,76.200527287817
2024-09-23 18:43:19.043778,41.35,43.245546,-0.0033329230534799477,-0.023181236725942318,0.09750050628343246,36.09446859390736,-92.24360919585227,76.200527287817
2024-09-23 18:43:19.054865,41.35,43.245597,-0.0030344509719951677,-0.023181236725942318,0.09750050628343246,36.09446859390736,-96.25519929585457,76.200527287817
2024-09-23 18:43:19.098154,41.35,43.245685,-0.0030344509719951677,-0.022833026512682618,0.09690356060148622,28.07457030097246,-104.27510100388527,72.1922225099802
2024-09-23 18:43:19.140508,41.35,43.245685,-0.002437506429281439,-0.02308174982955575,0.09740101331113918,28.07457030097246,-104.27510100388527,72.1922225099802
2024-09-23 18:43:19.152229,41.35,43.245685,-0.002437506429281439,-0.02308174982955575,0.09740101331113918,32.08287849390507,-96.25519929585457,80.21211738781929
2024-09-23 18:43:19.195562,41.35,43.245737,-0.0030841997366068195,-0.022733528983459317,0.09759999317981902,44.11764879391193,-96.25519929585457,80.21211738781929
2024-09-23 18:43:19.238232,41.35,43.245833,-0.0021887829225362256,-0.022733528983459317,0.09759999317981902,44.11764879391193,-96.25519929585457,80.21211738781929
2024-09-23 18:43:19.249441,41.35,43.245833,-0.0021887829225362256,-0.02352945757203875,0.09755024973162574,44.11764879391193,-96.25519929585457,80.21211738781929
2024-09-23 18:43:19.292747,41.48,43.245884,-0.002785727465249955,-0.023280723622328886,0.09755024973162574,48.12595698684454,-92.24360919585227,72.1922225099802
2024-09-23 18:43:19.334456,41.48,43.245884,-0.002785727465249955,-0.023280723622328886,0.0970030596496862,44.11764879391193,-92.24360919585227,72.1922225099802
2024-09-23 18:43:19.345889,41.48,43.245935,-0.0029847020175114316,-0.023280723622328886,0.0970030596496862,44.11764879391193,-92.24360919585227,76.200527287817
2024-09-23 18:43:19.387615,41.48,43.245935,-0.0029847020175114316,-0.02338022115155219,0.09725178296655933,48.12595698684454,-96.25519929585457,72.1922225099802
2024-09-23 18:43:19.399674,41.48,43.245985,-0.0029847020175114316,-0.02338022115155219,0.09725178296655933,48.12595698684454,-96.25519929585457,72.1922225099802
2024-09-23 18:43:19.431807,41.48,43.245985,-0.0025369937054121774,-0.02338022115155219,0.09725178296655933,48.12595698684454,-96.25519929585457,72.1922225099802
2024-09-23 18:43:19.443489,41.48,43.245985,-0.0025369937054121774,-0.023429960042815445,0.09695331012558621,24.06297849342227,-92.24360919585227,80.21211738781929
2024-09-23 18:43:19.486088,41.48,43.246075,-0.0031339382481259063,-0.023330473146428877,0.09750050628343246,40.106058693909645,-92.24360919585227,80.21211738781929
2024-09-23 18:43:19.498077,41.48,43.246075,-0.0031339382481259063,-0.023330473146428877,0.09750050628343246,40.106058693909645,-96.25519929585457,80.21211738781929
2024-09-23 18:43:19.530888,41.48,43.246127,-0.0031339382481259063,-0.023330473146428877,0.09750050628343246,40.106058693909645,-96.25519929585457,68.18063240997792
2024-09-23 18:43:19.542091,41.48,43.246127,-0.0031339382481259063,-0.023429960042815445,0.09715228999426605,44.11764879391193,-96.25519929585457,68.18063240997792
2024-09-23 18:43:19.585585,41.48,43.246178,-0.002636491424507565,-0.023181236725942318,0.0973512698629459,44.11764879391193,-92.24360919585227,84.22370748782159
2024-09-23 18:43:19.628674,41.48,43.246178,-0.002636491424507565,-0.023181236725942318,0.0973512698629459,44.11764879391193,-92.24360919585227,80.21211738781929
2024-09-23 18:43:19.640230,41.48,43.246229,-0.0033329230534799477,-0.023330473146428877,0.0973512698629459,44.11764879391193,-92.24360919585227,80.21211738781929
2024-09-23 18:43:19.683073,41.48,43.246279,-0.0029349636958644295,-0.023330473146428877,0.0966050877605131,40.106058693909645,-92.24360919585227,76.200527287817
2024-09-23 18:43:19.726393,41.48,43.246279,-0.0029349636958644295,-0.023330473146428877,0.09705279702197278,44.11764879391193,-92.24360919585227,76.200527287817
