Ayaan's Suite
Timestamp,Sample Rate (Hz),Time,Ax,Ay,Az,Gx,Gy,Gz
2024-09-23 21:22:21.638047,0,52.788481,0.00029846189959424716,-0.02293251340906919,0.09740101331113918,40.106058693909645,-100.26678939585686,76.200527287817
2024-09-23 21:22:21.672130,0,52.788481,0.00029846189959424716,-0.02293251340906919,0.09779897304849887,44.11764879391193,-100.26678939585686,76.200527287817
2024-09-23 21:22:21.683332,0,52.788532,0.0006964318663124887,-0.02293251340906919,0.09779897304849887,44.11764879391193,-92.24360919585227,76.200527287817
2024-09-23 21:22:21.725133,0,52.788532,0.0006964318663124887,-0.023429960042815445,0.09779897304849887,32.08287849390507,-92.24360919585227,76.200527287817
2024-09-23 21:22:21.737054,0,52.788619,0.0006964318663124887,-0.023429960042815445,0.09779897304849887,32.08287849390507,-92.24360919585227,76.200527287817
2024-09-23 21:22:21.768833,0,52.788619,0.0006466830067647949,-0.023280723622328886,0.09779897304849887,32.08287849390507,-92.24360919585227,76.200527287817
2024-09-23 21:22:21.780651,0,52.788619,0.0006466830067647949,-0.023280723622328886,0.09750050628343246,36.09446859390736,-92.24360919585227,80.21211738781929
2024-09-23 21:22:21.823974,0,52.788671,0.00034821073540793035,-0.02313149783467906,0.09715228999426605,52.137550501942634,-92.24360919585227,80.21211738781929
2024-09-23 21:22:21.866655,0,52.788721,0.00034821073540793035,-0.02313149783467906,0.09715228999426605,52.137550501942634,-92.24360919585227,72.1922225099802
2024-09-23 21:22:21.877929,0,52.788721,0.0011938787373988514,-0.023181236725942318,0.09725178296655933,52.137550501942634,-92.24360919585227,72.1922225099802
2024-09-23 21:22:21.921274,0,52.788772,0.0006964318663124887,-0.02362894446842532,0.09745075675933246,52.137550501942634,-92.24360919585227,80.21211738781929
2024-09-23 21:22:21.963682,0,52.788772,0.0006964318663124887,-0.02362894446842532,0.09745075675933246,40.106058693909645,-92.24360919585227,80.21211738781929
2024-09-23 21:22:21.975430,0,52.788823,0.0013928637326249774,-0.02313149783467906,0.09745075675933246,40.106058693909645,-92.24360919585227,80.21211738781929
2024-09-23 21:22:22.018751,0,52.788823,0.0013928637326249774,-0.02313149783467906,0.09740101331113918,60.15744537978172,-92.24360919585227,68.18063240997792
2024-09-23 21:22:22.032222,0,52.788874,0.0009451553255896806,-0.02313149783467906,0.09740101331113918,60.15744537978172,-92.24360919585227,68.18063240997792
2024-09-23 21:22:22.065277,0,52.788874,0.0009451553255896806,-0.022833026512682618,0.09695331012558621,44.11764879391193,-96.25519929585457,68.18063240997792
2024-09-23 21:22:22.076495,0,52.78896,0.0009451553255896806,-0.022833026512682618,0.09695331012558621,44.11764879391193,-96.25519929585457,68.18063240997792
2024-09-23 21:22:22.108285,0,52.78896,0.000845657606494293,-0.022833026512682618,0.09695331012558621,44.11764879391193,-96.25519929585457,68.18063240997792
2024-09-23 21:22:22.119800,0,52.78896,0.000845657606494293,-0.023181236725942318,0.0973512698629459,48.12595698684454,-96.25519929585457,76.200527287817
2024-09-23 21:22:22.162881,0,52.789011,0.0005471957306340564,-0.023280723622328886,0.09784872257259886,48.12595698684454,-96.25519929585457,76.200527287817
2024-09-23 21:22:22.174163,0,52.789011,0.0005471957306340564,-0.023280723622328886,0.09784872257259886,56.14914060194492,-92.24360919585227,76.200527287817
2024-09-23 21:22:22.207458,0,52.789011,0.0005471957306340564,-0.023280723622328886,0.09784872257259886,56.14914060194492,-92.24360919585227,76.200527287817
2024-09-23 21:22:22.219249,0,52.789062,0.0006964318663124887,-0.023280723622328886,0.09764974270391902,48.12595698684454,-92.24360919585227,76.200527287817
2024-09-23 21:22:22.261585,0,52.789113,0.0008954064660419869,-0.02313149783467906,0.09764974270391902,48.12595698684454,-92.24360919585227,76.200527287817
2024-09-23 21:22:22.273781,0,52.789113,0.0008954064660419869,-0.02313149783467906,0.09774922960030558,48.12595698684454,-92.24360919585227,76.200527287817
2024-09-23 21:22:22.305879,0,52.789113,0.0008954064660419869,-0.02313149783467906,0.09774922960030558,44.11764879391193,-100.26678939585686,76.200527287817
2024-09-23 21:22:22.317834,0,52.789163,0.0005969341946851222,-0.02303200030545576,0.09774922960030558,44.11764879391193,-100.26678939585686,76.200527287817
2024-09-23 21:22:22.359875,0,52.789214,0.0005969341946851222,-0.02303200030545576,0.09755024973162574,44.11764879391193,-104.27510100388527,76.200527287817
2024-09-23 21:22:22.371580,0,52.789214,0.0007959191899112484,-0.02303200030545576,0.09755024973162574,44.11764879391193,-104.27510100388527,76.200527287817
2024-09-23 21:22:22.405456,0,52.789214,0.0007959191899112484,-0.02338022115155219,0.09774922960030558,48.12595698684454,-104.27510100388527,76.200527287817
2024-09-23 21:22:22.416579,0,52.789301,0.0007959191899112484,-0.02338022115155219,0.09774922960030558,48.12595698684454,-92.24360919585227,76.200527287817
2024-09-23 21:22:22.458727,0,52.789301,0.0005969341946851222,-0.023181236725942318,0.09740101331113918,32.08287849390507,-100.26678939585686,72.1922225099802
2024-09-23 21:22:22.500871,0,52.789353,0.0011938787373988514,-0.023181236725942318,0.09740101331113918,32.08287849390507,-100.26678939585686,72.1922225099802
2024-09-23 21:22:22.513035,0,52.789353,0.0011938787373988514,-0.023479709566915436,0.09755024973162574,36.09446859390736,-104.27510100388527,72.1922225099802
2024-09-23 21:22:22.556614,0,52.789403,0.00029846189959424716,-0.02293251340906919,0.09809744588947199,36.09446859390736,-104.27510100388527,76.200527287817
2024-09-23 21:22:22.599402,0,52.789454,0.00029846189959424716,-0.02293251340906919,0.09809744588947199,36.09446859390736,-100.26678939585686,76.200527287817
2024-09-23 21:22:22.611201,0,52.789454,0.0005969341946851222,-0.023429960042815445,0.09764974270391902,36.09446859390736,-100.26678939585686,76.200527287817
2024-09-23 21:22:22.654585,45.72,52.789505,0.0005969341946851222,-0.023429960042815445,0.09764974270391902,40.106058693909645,-92.24360919585227,76.200527287817
2024-09-23 21:22:22.697482,45.72,52.789505,0.0007461703303635545,-0.02308174982955575,0.09725178296655933,40.106058693909645,-92.24360919585227,76.200527287817
2024-09-23 21:22:22.708619,45.72,52.789505,0.0007461703303635545,-0.02308174982955575,0.09725178296655933,28.07457030097246,-88.23529758782387,80.21211738781929
2024-09-23 21:22:22.751526,45.72,52.789556,0.000845657606494293,-0.023280723622328886,0.0966050877605131,44.11764879391193,-96.25519929585457,80.21211738781929
2024-09-23 21:22:22.794990,45.72,52.789642,0.0008954064660419869,-0.023280723622328886,0.0966050877605131,44.11764879391193,-96.25519929585457,72.1922225099802
2024-09-23 21:22:22.806346,45.72,52.789642,0.0008954064660419869,-0.02338022115155219,0.09710254654607277,40.106058693909645,-96.25519929585457,72.1922225099802
2024-09-23 21:22:22.848893,45.72,52.789694,0.0010943914612681128,-0.02367869399252531,0.09774922960030558,40.106058693909645,-92.24360919585227,76.200527287817
2024-09-23 21:22:22.892800,45.72,52.789694,0.0010943914612681128,-0.02367869399252531,0.09774922960030558,36.09446859390736,-92.24360919585227,76.200527287817
2024-09-23 21:22:22.904468,45.72,52.789745,0.0010943914612681128,-0.0228827638849692,0.09774922960030558,36.09446859390736,-92.24360919585227,76.200527287817
2024-09-23 21:22:22.947495,45.72,52.789795,0.0006466830067647949,-0.0228827638849692,0.09755024973162574,40.106058693909645,-92.24360919585227,76.200527287817
2024-09-23 21:22:22.989674,45.72,52.789795,0.0006466830067647949,-0.023429960042815445,0.09740101331113918,32.08287849390507,-92.24360919585227,76.200527287817
2024-09-23 21:22:23.001113,45.72,52.789886,0.0006466830067647949,-0.023429960042815445,0.09740101331113918,32.08287849390507,-100.26678939585686,76.200527287817
2024-09-23 21:22:23.044534,45.72,52.789886,0.000845657606494293,-0.022833026512682618,0.09705279702197278,36.09446859390736,-92.24360919585227,76.200527287817
2024-09-23 21:22:23.086433,45.72,52.789938,0.0003979595949556242,-0.023181236725942318,0.09705279702197278,36.09446859390736,-92.24360919585227,76.200527287817
2024-09-23 21:22:23.097729,45.72,52.789938,0.0003979595949556242,-0.023181236725942318,0.09750050628343246,40.106058693909645,-88.23529758782387,76.200527287817
2024-09-23 21:22:23.139882,45.72,52.789988,0.0007461703303635545,-0.02313149783467906,0.09750050628343246,52.137550501942634,-88.23529758782387,72.1922225099802
2024-09-23 21:22:23.182950,45.72,52.789988,0.0007461703303635545,-0.02313149783467906,0.09750050628343246,52.137550501942634,-88.23529758782387,72.1922225099802
2024-09-23 21:22:23.194248,45.72,52.790039,0.0008954064660419869,-0.023330473146428877,0.09705279702197278,52.137550501942634,-88.23529758782387,72.1922225099802
2024-09-23 21:22:23.236224,45.72,52.79009,0.0005969341946851222,-0.023330473146428877,0.09705279702197278,44.11764879391193,-92.24360919585227,76.200527287817
2024-09-23 21:22:23.278453,45.72,52.79009,0.0005969341946851222,-0.023230986250042305,0.09705279702197278,44.11764879391193,-92.24360919585227,76.200527287817
2024-09-23 21:22:23.290005,45.72,52.79014,0.0005969341946851222,-0.023230986250042305,0.09720203344245934,40.106058693909645,-96.25519929585457,72.1922225099802
2024-09-23 21:22:23.332582,45.72,52.79014,0.0008954064660419869,-0.02293251340906919,0.09750050628343246,48.12595698684454,-96.25519929585457,72.1922225099802
2024-09-23 21:22:23.385884,45.72,52.790227,0.0011938787373988514,-0.022484804147609512,0.09720203344245934,48.12595698684454,-96.25519929585457,72.1922225099802
2024-09-23 21:22:23.429788,45.72,52.790279,0.0011938787373988514,-0.022484804147609512,0.09720203344245934,44.11764879391193,-96.25519929585457,76.200527287817
2024-09-23 21:22:23.441186,45.72,52.790279,0.0005969341946851222,-0.02303200030545576,0.09720203344245934,44.11764879391193,-96.25519929585457,76.200527287817
2024-09-23 21:22:23.473373,45.72,52.790279,0.0005969341946851222,-0.02303200030545576,0.09745075675933246,44.11764879391193,-96.25519929585457,76.200527287817
2024-09-23 21:22:23.485073,45.72,52.79033,0.0007461703303635545,-0.02303200030545576,0.09745075675933246,48.12595698684454,-92.24360919585227,76.200527287817
2024-09-23 21:22:23.528064,45.72,52.79033,0.0007461703303635545,-0.023280723622328886,0.09750050628343246,40.106058693909645,-96.25519929585457,76.200527287817
2024-09-23 21:22:23.541107,45.72,52.79038,0.0007461703303635545,-0.023280723622328886,0.09750050628343246,40.106058693909645,-96.25519929585457,76.200527287817
2024-09-23 21:22:23.574309,45.72,52.79038,0.0007959191899112484,-0.023230986250042305,0.09675432418099966,40.106058693909645,-96.25519929585457,76.200527287817
2024-09-23 21:22:23.585301,45.72,52.79038,0.0007959191899112484,-0.023230986250042305,0.09675432418099966,28.07457030097246,-96.25519929585457,76.200527287817
2024-09-23 21:22:23.628646,45.72,52.790472,0.0007461703303635545,-0.022733528983459317,0.09715228999426605,20.05138839341998,-96.25519929585457,76.200527287817
2024-09-23 21:22:23.672595,42.5,52.790523,0.001044642601720419,-0.022733528983459317,0.09715228999426605,20.05138839341998,-96.25519929585457,72.1922225099802
2024-09-23 21:22:23.684107,42.5,52.790523,0.001044642601720419,-0.022733528983459317,0.0973512698629459,28.07457030097246,-96.25519929585457,72.1922225099802
2024-09-23 21:22:23.726434,42.5,52.790574,0.0005471957306340564,-0.02338022115155219,0.09814718933766527,28.07457030097246,-100.26678939585686,72.1922225099802
2024-09-23 21:22:23.769709,42.5,52.790574,0.0005471957306340564,-0.02338022115155219,0.09814718933766527,32.08287849390507,-88.23529758782387,80.21211738781929
2024-09-23 21:22:23.863717,42.5,52.790624,0.0005471957306340564,-0.02338022115155219,0.09814718933766527,32.08287849390507,-88.23529758782387,80.21211738781929
2024-09-23 21:22:23.875178,42.5,52.790624,0.0004974468710863627,-0.022982261414192504,0.09740101331113918,36.09446859390736,-92.24360919585227,80.21211738781929
2024-09-23 21:22:23.917963,42.5,52.790675,0.0005471957306340564,-0.022982261414192504,0.09740101331113918,36.09446859390736,-92.24360919585227,76.200527287817
2024-09-23 21:22:23.929778,42.5,52.790675,0.0005471957306340564,-0.022982261414192504,0.09774922960030558,48.12595698684454,-92.24360919585227,76.200527287817
2024-09-23 21:22:23.963600,42.5,52.790675,0.0005471957306340564,-0.022982261414192504,0.09774922960030558,48.12595698684454,-100.26678939585686,80.21211738781929
2024-09-23 21:22:23.975270,42.5,52.790764,0.001044642601720419,-0.02308174982955575,0.09789846602079214,48.12595698684454,-100.26678939585686,80.21211738781929
2024-09-23 21:22:24.018804,42.5,52.790815,0.0012933660135295898,-0.02308174982955575,0.09789846602079214,36.09446859390736,-96.25519929585457,76.200527287817
2024-09-23 21:22:24.030949,42.5,52.790815,0.0012933660135295898,-0.02313149783467906,0.09789846602079214,36.09446859390736,-96.25519929585457,76.200527287817
2024-09-23 21:22:24.062806,42.5,52.790815,0.0012933660135295898,-0.02313149783467906,0.09745075675933246,52.137550501942634,-88.23529758782387,76.200527287817
2024-09-23 21:22:24.074234,42.5,52.790866,0.00044769805900669,-0.02313149783467906,0.09745075675933246,52.137550501942634,-88.23529758782387,72.1922225099802
2024-09-23 21:22:24.116607,42.5,52.791007,0.00044769805900669,-0.02293251340906919,0.09670458680871308,28.07457030097246,-96.25519929585457,72.1922225099802
2024-09-23 21:22:24.158615,42.5,52.791007,0.0005471957306340564,-0.023181236725942318,0.09670458680871308,28.07457030097246,-96.25519929585457,72.1922225099802
2024-09-23 21:22:24.170772,42.5,52.791007,0.0005471957306340564,-0.023181236725942318,0.09715228999426605,32.08287849390507,-88.23529758782387,76.200527287817
2024-09-23 21:22:24.213465,42.5,52.79106,0.0005471957306340564,-0.023429960042815445,0.09725178296655933,20.05138839341998,-92.24360919585227,76.200527287817
2024-09-23 21:22:24.255307,42.5,52.79111,0.0005471957306340564,-0.023429960042815445,0.09725178296655933,20.05138839341998,-92.24360919585227,76.200527287817
2024-09-23 21:22:24.267145,42.5,52.79111,0.0007959191899112484,-0.023230986250042305,0.09685382322919964,32.08287849390507,-92.24360919585227,76.200527287817
2024-09-23 21:22:24.310284,42.5,52.791161,0.00029846189959424716,-0.023230986250042305,0.09685382322919964,32.08287849390507,-100.26678939585686,80.21211738781929
2024-09-23 21:22:24.322381,42.5,52.791161,0.00029846189959424716,-0.022484804147609512,0.0973015264147526,32.08287849390507,-100.26678939585686,80.21211738781929
2024-09-23 21:22:24.355702,42.5,52.791161,0.00029846189959424716,-0.022484804147609512,0.0973015264147526,32.08287849390507,-92.24360919585227,76.200527287817
2024-09-23 21:22:24.366886,42.5,52.791212,0.0007959191899112484,-0.023230986250042305,0.0973015264147526,32.08287849390507,-92.24360919585227,76.200527287817
2024-09-23 21:22:24.409128,42.5,52.791262,0.0009948937421727254,-0.023230986250042305,0.09750050628343246,36.09446859390736,-92.24360919585227,80.21211738781929
2024-09-23 21:22:24.451824,42.5,52.791262,0.0009948937421727254,-0.02352945757203875,0.09789846602079214,24.06297849342227,-92.24360919585227,80.21211738781929
2024-09-23 21:22:24.463010,42.5,52.791349,0.0009948937421727254,-0.02352945757203875,0.09789846602079214,24.06297849342227,-92.24360919585227,76.200527287817
2024-09-23 21:22:24.505425,42.5,52.791349,0.000845657606494293,-0.02268379009219606,0.0973512698629459,40.106058693909645,-92.24360919585227,76.200527287817
2024-09-23 21:22:24.548271,42.5,52.7914,0.0011938787373988514,-0.02268379009219606,0.0973512698629459,40.106058693909645,-92.24360919585227,76.200527287817
2024-09-23 21:22:24.561953,42.5,52.7914,0.0011938787373988514,-0.023330473146428877,0.09759999317981902,52.137550501942634,-96.25519929585457,76.200527287817
2024-09-23 21:22:24.605892,42.5,52.791451,0.0007959191899112484,-0.023181236725942318,0.09745075675933246,44.11764879391193,-96.25519929585457,76.200527287817
2024-09-23 21:22:24.648464,42.5,52.791501,0.0007461703303635545,-0.023181236725942318,0.09745075675933246,44.11764879391193,-96.25519929585457,76.200527287817
2024-09-23 21:22:24.659784,42.5,52.791501,0.0007461703303635545,-0.0228827638849692,0.0973512698629459,44.11764879391193,-96.25519929585457,76.200527287817
2024-09-23 21:22:24.692238,41.74,52.791501,0.0007461703303635545,-0.0228827638849692,0.0973512698629459,40.106058693909645,-96.25519929585457,76.200527287817
2024-09-23 21:22:24.704334,41.74,52.791552,0.0006466830067647949,-0.022982261414192504,0.0973512698629459,40.106058693909645,-96.25519929585457,76.200527287817
2024-09-23 21:22:24.748134,41.74,52.791552,0.0006466830067647949,-0.022982261414192504,0.09774922960030558,36.09446859390736,-100.26678939585686,76.200527287817
2024-09-23 21:22:24.761309,41.74,52.791603,0.001044642601720419,-0.022982261414192504,0.09774922960030558,36.09446859390736,-100.26678939585686,76.200527287817
2024-09-23 21:22:24.794613,41.74,52.791603,0.001044642601720419,-0.023230986250042305,0.09750050628343246,44.11764879391193,-100.26678939585686,76.200527287817
2024-09-23 21:22:24.806144,41.74,52.79169,0.001044642601720419,-0.023230986250042305,0.09750050628343246,44.11764879391193,-92.24360919585227,80.21211738781929
2024-09-23 21:22:24.848815,41.74,52.79169,0.0010943914612681128,-0.02303200030545576,0.09710254654607277,52.137550501942634,-84.22370748782159,84.22370748782159
2024-09-23 21:22:24.891515,41.74,52.791741,0.0006466830067647949,-0.022982261414192504,0.09710254654607277,52.137550501942634,-84.22370748782159,84.22370748782159
2024-09-23 21:22:24.903132,41.74,52.791741,0.0006466830067647949,-0.022982261414192504,0.09745075675933246,60.15744537978172,-92.24360919585227,84.22370748782159
2024-09-23 21:22:24.946611,41.74,52.791792,0.00034821073540793035,-0.023280723622328886,0.09745075675933246,36.09446859390736,-92.24360919585227,80.21211738781929
2024-09-23 21:22:24.989813,41.74,52.791843,0.0009948937421727254,-0.023280723622328886,0.09745075675933246,36.09446859390736,-92.24360919585227,80.21211738781929
2024-09-23 21:22:25.001534,41.74,52.791843,0.0009948937421727254,-0.02303200030545576,0.09690356060148622,36.09446859390736,-92.24360919585227,80.21211738781929
2024-09-23 21:22:25.034587,41.74,52.791843,0.0009948937421727254,-0.02303200030545576,0.09690356060148622,40.106058693909645,-92.24360919585227,80.21211738781929
2024-09-23 21:22:25.046533,41.74,52.791893,0.0009948937421727254,-0.0228827638849692,0.09690356060148622,40.106058693909645,-96.25519929585457,80.21211738781929
2024-09-23 21:22:25.181615,41.74,52.791893,0.0009948937421727254,-0.0228827638849692,0.0976994861521123,40.106058693909645,-96.25519929585457,80.21211738781929
2024-09-23 21:22:25.193611,41.74,52.791944,0.0010943914612681128,-0.0228827638849692,0.0976994861521123,40.106058693909645,-92.24360919585227,76.200527287817
2024-09-23 21:22:25.235929,41.74,52.791944,0.0010943914612681128,-0.0225345536717095,0.09710254654607277,36.09446859390736,-96.25519929585457,76.200527287817
2024-09-23 21:22:25.247990,41.74,52.792031,0.0010943914612681128,-0.0225345536717095,0.09710254654607277,36.09446859390736,-96.25519929585457,76.200527287817
2024-09-23 21:22:25.279429,41.74,52.792031,0.0005969341946851222,-0.022833026512682618,0.09710254654607277,36.09446859390736,-96.25519929585457,76.200527287817
2024-09-23 21:22:25.290586,41.74,52.792031,0.0005969341946851222,-0.022833026512682618,0.0976994861521123,36.09446859390736,-104.27510100388527,76.200527287817
2024-09-23 21:22:25.334606,41.74,52.792083,0.0006466830067647949,-0.022484804147609512,0.0970030596496862,44.11764879391193,-96.25519929585457,76.200527287817
2024-09-23 21:22:25.377081,41.74,52.792133,0.0006466830067647949,-0.022484804147609512,0.0970030596496862,44.11764879391193,-96.25519929585457,76.200527287817
2024-09-23 21:22:25.388293,41.74,52.792133,0.0003979595949556242,-0.023230986250042305,0.09764974270391902,44.11764879391193,-96.25519929585457,76.200527287817
2024-09-23 21:22:25.430772,41.74,52.792277,0.0004974468710863627,-0.02293251340906919,0.09764974270391902,44.11764879391193,-96.25519929585457,72.1922225099802
2024-09-23 21:22:25.443615,41.74,52.792277,0.0004974468710863627,-0.02293251340906919,0.09665483728461309,44.11764879391193,-96.25519929585457,72.1922225099802
2024-09-23 21:22:25.477769,41.74,52.792277,0.0004974468710863627,-0.02293251340906919,0.09665483728461309,28.07457030097246,-88.23529758782387,80.21211738781929
2024-09-23 21:22:25.489337,41.74,52.792327,0.0009948937421727254,-0.023429960042815445,0.09665483728461309,28.07457030097246,-88.23529758782387,80.21211738781929
2024-09-23 21:22:25.521472,41.74,52.792327,0.0009948937421727254,-0.023429960042815445,0.09779897304849887,28.07457030097246,-88.23529758782387,80.21211738781929
2024-09-23 21:22:25.533136,41.74,52.792378,0.00034821073540793035,-0.023429960042815445,0.09779897304849887,36.09446859390736,-92.24360919585227,76.200527287817
2024-09-23 21:22:25.575584,41.74,52.792378,0.00034821073540793035,-0.023280723622328886,0.0973015264147526,36.09446859390736,-88.23529758782387,76.200527287817
2024-09-23 21:22:25.587382,41.74,52.79247,0.00034821073540793035,-0.023280723622328886,0.0973015264147526,36.09446859390736,-88.23529758782387,76.200527287817
2024-09-23 21:22:25.619224,41.74,52.79247,0.0006964318663124887,-0.023280723622328886,0.0973015264147526,36.09446859390736,-88.23529758782387,76.200527287817
2024-09-23 21:22:25.631036,41.74,52.79247,0.0006964318663124887,-0.023181236725942318,0.0973512698629459,36.09446859390736,-108.28669110388756,76.200527287817
2024-09-23 21:22:25.674553,41.74,52.792521,0.0004974468710863627,-0.023230986250042305,0.09725178296655933,40.106058693909645,-108.28669110388756,76.200527287817
2024-09-23 21:22:25.686686,41.74,52.792521,0.0004974468710863627,-0.023230986250042305,0.09725178296655933,40.106058693909645,-96.25519929585457,76.200527287817
2024-09-23 21:22:25.718622,41.78,52.792572,0.0004974468710863627,-0.023230986250042305,0.09725178296655933,40.106058693909645,-96.25519929585457,80.21211738781929
2024-09-23 21:22:25.729695,41.78,52.792572,0.001044642601720419,-0.023280723622328886,0.09755024973162574,40.106058693909645,-96.25519929585457,80.21211738781929
2024-09-23 21:22:25.771577,41.78,52.792623,0.0005471957306340564,-0.02293251340906919,0.09755024973162574,40.106058693909645,-92.24360919585227,76.200527287817
2024-09-23 21:22:25.783210,41.78,52.792623,0.0005471957306340564,-0.02293251340906919,0.09710254654607277,40.106058693909645,-92.24360919585227,76.200527287817
2024-09-23 21:22:25.816350,41.78,52.792623,0.0005471957306340564,-0.02293251340906919,0.09710254654607277,44.11764879391193,-96.25519929585457,76.200527287817
2024-09-23 21:22:25.827730,41.78,52.792673,0.0009451553255896806,-0.02278327698858263,0.09710254654607277,44.11764879391193,-96.25519929585457,72.1922225099802
2024-09-23 21:22:25.869730,41.78,52.792673,0.0009451553255896806,-0.02278327698858263,0.09710254654607277,32.08287849390507,-92.24360919585227,72.1922225099802
2024-09-23 21:22:25.913779,41.78,52.792724,0.0009451553255896806,-0.02278327698858263,0.09710254654607277,32.08287849390507,-92.24360919585227,76.200527287817
2024-09-23 21:22:25.925843,41.78,52.792724,0.0005969341946851222,-0.023230986250042305,0.09750050628343246,36.09446859390736,-92.24360919585227,76.200527287817
2024-09-23 21:22:25.969166,41.78,52.792811,0.000845657606494293,-0.02278327698858263,0.09759999317981902,36.09446859390736,-100.26678939585686,76.200527287817
2024-09-23 21:22:26.012649,41.78,52.792811,0.000845657606494293,-0.02278327698858263,0.09759999317981902,36.09446859390736,-96.25519929585457,76.200527287817
2024-09-23 21:22:26.024190,41.78,52.792863,0.0010943914612681128,-0.023280723622328886,0.09759999317981902,36.09446859390736,-96.25519929585457,76.200527287817
2024-09-23 21:22:26.066981,41.78,52.792913,0.0013431148730772837,-0.023280723622328886,0.09794820946898543,40.106058693909645,-92.24360919585227,76.200527287817
2024-09-23 21:22:26.161180,41.78,52.792913,0.0013431148730772837,-0.02278327698858263,0.09720203344245934,48.12595698684454,-96.25519929585457,80.21211738781929
2024-09-23 21:22:26.173353,41.78,52.792964,0.0013431148730772837,-0.02278327698858263,0.09720203344245934,48.12595698684454,-96.25519929585457,80.21211738781929
2024-09-23 21:22:26.206307,41.78,52.792964,0.000845657606494293,-0.02293251340906919,0.09720203344245934,48.12595698684454,-96.25519929585457,80.21211738781929
2024-09-23 21:22:26.218458,41.78,52.792964,0.000845657606494293,-0.02293251340906919,0.09720203344245934,36.09446859390736,-96.25519929585457,72.1922225099802
2024-09-23 21:22:26.262014,41.78,52.793055,0.0007959191899112484,-0.02338022115155219,0.09774922960030558,44.11764879391193,-96.25519929585457,72.1922225099802
2024-09-23 21:22:26.304518,41.78,52.793107,4.973845218406054e-05,-0.02338022115155219,0.09774922960030558,44.11764879391193,-96.25519929585457,76.200527287817
2024-09-23 21:22:26.315530,41.78,52.793107,4.973845218406054e-05,-0.0228827638849692,0.09680407370509965,40.106058693909645,-96.25519929585457,76.200527287817
2024-09-23 21:22:26.358015,41.78,52.793157,0.0006964318663124887,-0.02308174982955575,0.09755024973162574,40.106058693909645,-100.26678939585686,76.200527287817
2024-09-23 21:22:26.400730,41.78,52.793157,0.0006964318663124887,-0.02308174982955575,0.09755024973162574,36.09446859390736,-100.26678939585686,76.200527287817
2024-09-23 21:22:26.412227,41.78,52.793252,0.0004974468710863627,-0.02308174982955575,0.09755024973162574,36.09446859390736,-100.26678939585686,80.21211738781929
2024-09-23 21:22:26.454568,41.78,52.793252,0.0004974468710863627,-0.02293251340906919,0.09779897304849887,48.12595698684454,-96.25519929585457,80.21211738781929
2024-09-23 21:22:26.465967,41.78,52.793303,0.0004974468710863627,-0.02293251340906919,0.09779897304849887,48.12595698684454,-96.25519929585457,80.21211738781929
2024-09-23 21:22:26.499246,41.78,52.793303,0.0007461703303635545,-0.022982261414192504,0.09779897304849887,48.12595698684454,-96.25519929585457,80.21211738781929
2024-09-23 21:22:26.510715,41.78,52.793303,0.0007461703303635545,-0.022982261414192504,0.0973015264147526,40.106058693909645,-92.24360919585227,80.21211738781929
2024-09-23 21:22:26.553768,41.78,52.793396,0.0011441298778511575,-0.0228827638849692,0.09745075675933246,36.09446859390736,-92.24360919585227,80.21211738781929
2024-09-23 21:22:26.566202,41.78,52.793396,0.0011441298778511575,-0.0228827638849692,0.09745075675933246,36.09446859390736,-100.26678939585686,80.21211738781929
2024-09-23 21:22:26.598372,41.78,52.793448,0.001044642601720419,-0.0228827638849692,0.09745075675933246,36.09446859390736,-100.26678939585686,72.1922225099802
2024-09-23 21:22:26.609358,41.78,52.793448,0.001044642601720419,-0.023280723622328886,0.09784872257259886,36.09446859390736,-100.26678939585686,72.1922225099802
2024-09-23 21:22:26.651671,41.78,52.793498,0.0003979595949556242,-0.02352945757203875,0.09809744588947199,36.09446859390736,-92.24360919585227,80.21211738781929
2024-09-23 21:22:26.694938,41.78,52.793498,0.0003979595949556242,-0.02352945757203875,0.09809744588947199,36.09446859390736,-100.26678939585686,76.200527287817
2024-09-23 21:22:26.706828,41.78,52.793549,0.0007461703303635545,-0.023181236725942318,0.09809744588947199,36.09446859390736,-100.26678939585686,76.200527287817
2024-09-23 21:22:26.749363,41.57,52.7936,0.0005969341946851222,-0.023181236725942318,0.09740101331113918,48.12595698684454,-92.24360919585227,80.21211738781929
2024-09-23 21:22:26.791216,41.57,52.7936,0.0005969341946851222,-0.02303200030545576,0.09725178296655933,48.12595698684454,-92.24360919585227,80.21211738781929
2024-09-23 21:22:26.803292,41.57,52.793689,0.0005969341946851222,-0.02303200030545576,0.09725178296655933,40.106058693909645,-92.24360919585227,72.1922225099802
2024-09-23 21:22:26.846869,41.57,52.793689,0.0004974468710863627,-0.02293251340906919,0.09809744588947199,40.106058693909645,-96.25519929585457,72.1922225099802
2024-09-23 21:22:26.889411,41.57,52.79374,0.0007959191899112484,-0.02313149783467906,0.09809744588947199,40.106058693909645,-96.25519929585457,72.1922225099802
2024-09-23 21:22:26.900465,41.57,52.79374,0.0007959191899112484,-0.02313149783467906,0.0976994861521123,32.08287849390507,-96.25519929585457,72.1922225099802
2024-09-23 21:22:26.944693,41.57,52.79374,0.0007959191899112484,-0.02313149783467906,0.0976994861521123,32.08287849390507,-96.25519929585457,76.200527287817
2024-09-23 21:22:26.987589,41.57,52.793791,0.0010943914612681128,-0.02303200030545576,0.0976994861521123,32.08287849390507,-96.25519929585457,76.200527287817
2024-09-23 21:22:26.999315,41.57,52.793791,0.0010943914612681128,-0.02303200030545576,0.0976994861521123,40.106058693909645,-100.26678939585686,76.200527287817
2024-09-23 21:22:27.033848,41.57,52.793791,0.0010943914612681128,-0.02303200030545576,0.0976994861521123,40.106058693909645,-100.26678939585686,80.21211738781929
2024-09-23 21:22:27.046040,41.57,52.793841,0.00044769805900669,-0.02303200030545576,0.09695331012558621,52.137550501942634,-100.26678939585686,80.21211738781929
2024-09-23 21:22:27.089410,41.57,52.793892,0.0009948937421727254,-0.023230986250042305,0.09690356060148622,52.137550501942634,-92.24360919585227,72.1922225099802
2024-09-23 21:22:27.131857,41.57,52.793892,0.0009948937421727254,-0.023230986250042305,0.09690356060148622,36.09446859390736,-92.24360919585227,72.1922225099802
2024-09-23 21:22:27.143138,41.57,52.793943,0.0004974468710863627,-0.02278327698858263,0.09690356060148622,36.09446859390736,-92.24360919585227,80.21211738781929
2024-09-23 21:22:27.186081,41.57,52.79403,0.0006466830067647949,-0.02278327698858263,0.09774922960030558,40.106058693909645,-92.24360919585227,72.1922225099802
2024-09-23 21:22:27.228857,41.57,52.79403,0.0006466830067647949,-0.02303200030545576,0.09774922960030558,40.106058693909645,-92.24360919585227,72.1922225099802
2024-09-23 21:22:27.240413,41.57,52.794127,0.0006466830067647949,-0.02303200030545576,0.09720203344245934,52.137550501942634,-92.24360919585227,72.1922225099802
2024-09-23 21:22:27.282920,41.57,52.794127,0.0003979595949556242,-0.0228827638849692,0.0973512698629459,32.08287849390507,-92.24360919585227,72.1922225099802
2024-09-23 21:22:27.294714,41.57,52.794127,0.0003979595949556242,-0.0228827638849692,0.0973512698629459,32.08287849390507,-92.24360919585227,72.1922225099802
2024-09-23 21:22:27.327127,41.57,52.794179,0.0005969341946851222,-0.0228827638849692,0.0973512698629459,32.08287849390507,-92.24360919585227,72.1922225099802
2024-09-23 21:22:27.338656,41.57,52.794179,0.0005969341946851222,-0.02278327698858263,0.09829641968224512,44.11764879391193,-96.25519929585457,72.1922225099802
2024-09-23 21:22:27.381846,41.57,52.79423,0.0007461703303635545,-0.02313149783467906,0.09755024973162574,48.12595698684454,-96.25519929585457,76.200527287817
2024-09-23 21:22:27.424581,41.57,52.79423,0.0007461703303635545,-0.02313149783467906,0.09755024973162574,48.12595698684454,-88.23529758782387,76.200527287817
2024-09-23 21:22:27.435984,41.57,52.79428,0.0009948937421727254,-0.022833026512682618,0.09670458680871308,48.12595698684454,-88.23529758782387,76.200527287817
2024-09-23 21:22:27.478807,41.57,52.794331,0.0005471957306340564,-0.022833026512682618,0.09670458680871308,44.11764879391193,-100.26678939585686,72.1922225099802
2024-09-23 21:22:27.490215,41.57,52.794331,0.0005471957306340564,-0.02263404056809607,0.09670458680871308,44.11764879391193,-100.26678939585686,72.1922225099802
2024-09-23 21:22:27.523874,41.57,52.794331,0.0005471957306340564,-0.02263404056809607,0.09745075675933246,40.106058693909645,-100.26678939585686,72.1922225099802
2024-09-23 21:22:27.535099,41.57,52.794382,0.0010943914612681128,-0.02263404056809607,0.09745075675933246,40.106058693909645,-92.24360919585227,80.21211738781929
2024-09-23 21:22:27.578724,41.57,52.794469,0.0010943914612681128,-0.023181236725942318,0.09740101331113918,40.106058693909645,-100.26678939585686,72.1922225099802
2024-09-23 21:22:27.621278,41.57,52.794469,0.0007959191899112484,-0.023579196463302005,0.09750050628343246,40.106058693909645,-100.26678939585686,72.1922225099802
2024-09-23 21:22:27.632950,41.57,52.794469,0.0007959191899112484,-0.023579196463302005,0.09750050628343246,52.137550501942634,-88.23529758782387,76.200527287817
2024-09-23 21:22:27.675493,41.57,52.79452,0.000845657606494293,-0.02303200030545576,0.0973015264147526,52.137550501942634,-88.23529758782387,76.200527287817
2024-09-23 21:22:27.719078,41.57,52.794571,0.00024872343554318134,-0.02303200030545576,0.0973015264147526,52.137550501942634,-88.23529758782387,80.21211738781929
2024-09-23 21:22:27.730648,41.57,52.794571,0.00024872343554318134,-0.0228827638849692,0.0976994861521123,44.11764879391193,-88.23529758782387,80.21211738781929
2024-09-23 21:22:27.772914,41.48,52.794621,0.0006964318663124887,-0.02338022115155219,0.09725178296655933,44.11764879391193,-96.25519929585457,84.22370748782159
2024-09-23 21:22:27.815837,41.48,52.794621,0.0006964318663124887,-0.02338022115155219,0.09725178296655933,40.106058693909645,-92.24360919585227,84.22370748782159
2024-09-23 21:22:27.827824,41.48,52.794672,0.000845657606494293,-0.022733528983459317,0.09725178296655933,40.106058693909645,-92.24360919585227,76.200527287817
2024-09-23 21:22:27.911112,41.48,52.794672,0.000845657606494293,-0.022733528983459317,0.09720203344245934,40.106058693909645,-92.24360919585227,76.200527287817
2024-09-23 21:22:27.922683,41.48,52.794723,0.0009451553255896806,-0.022733528983459317,0.09720203344245934,48.12595698684454,-96.25519929585457,76.200527287817
2024-09-23 21:22:27.965196,41.48,52.794723,0.0009451553255896806,-0.02278327698858263,0.09725178296655933,36.09446859390736,-92.24360919585227,76.200527287817
2024-09-23 21:22:27.977123,41.48,52.79481,0.0009451553255896806,-0.02278327698858263,0.09725178296655933,36.09446859390736,-92.24360919585227,80.21211738781929
2024-09-23 21:22:28.009261,41.48,52.79481,0.0005969341946851222,-0.02278327698858263,0.09725178296655933,36.09446859390736,-92.24360919585227,80.21211738781929
2024-09-23 21:22:28.020408,41.48,52.79481,0.0005969341946851222,-0.02313149783467906,0.09755024973162574,36.09446859390736,-92.24360919585227,72.1922225099802
2024-09-23 21:22:28.063577,41.48,52.794861,0.0005969341946851222,-0.02303200030545576,0.0976994861521123,48.12595698684454,-92.24360919585227,72.1922225099802
2024-09-23 21:22:28.075718,41.48,52.794861,0.0005969341946851222,-0.02303200030545576,0.0976994861521123,48.12595698684454,-92.24360919585227,72.1922225099802
2024-09-23 21:22:28.108963,41.48,52.794912,0.0009948937421727254,-0.02303200030545576,0.0976994861521123,48.12595698684454,-92.24360919585227,72.1922225099802
2024-09-23 21:22:28.120111,41.48,52.794912,0.0009948937421727254,-0.02313149783467906,0.09750050628343246,52.137550501942634,-92.24360919585227,72.1922225099802
2024-09-23 21:22:28.162353,41.48,52.795007,0.00029846189959424716,-0.023280723622328886,0.09710254654607277,52.137550501942634,-100.26678939585686,72.1922225099802
2024-09-23 21:22:28.205194,41.48,52.795007,0.00029846189959424716,-0.023280723622328886,0.09710254654607277,28.07457030097246,-92.24360919585227,72.1922225099802
2024-09-23 21:22:28.217173,41.48,52.795057,0.0003979595949556242,-0.022733528983459317,0.09710254654607277,28.07457030097246,-92.24360919585227,88.23529758782387
2024-09-23 21:22:28.260375,41.48,52.795108,0.0012933660135295898,-0.022733528983459317,0.09764974270391902,32.08287849390507,-92.24360919585227,76.200527287817
2024-09-23 21:22:28.302519,41.48,52.795108,0.0012933660135295898,-0.022982261414192504,0.09794820946898543,32.08287849390507,-92.24360919585227,76.200527287817
2024-09-23 21:22:28.313851,41.48,52.7952,0.0012933660135295898,-0.022982261414192504,0.09794820946898543,40.106058693909645,-96.25519929585457,84.22370748782159
2024-09-23 21:22:28.356537,41.48,52.7952,0.00044769805900669,-0.022733528983459317,0.09784872257259886,40.106058693909645,-88.23529758782387,84.22370748782159
2024-09-23 21:22:28.368964,41.48,52.7952,0.00044769805900669,-0.022733528983459317,0.09784872257259886,40.106058693909645,-88.23529758782387,80.21211738781929
2024-09-23 21:22:28.400907,41.48,52.795251,0.0005471957306340564,-0.022733528983459317,0.09784872257259886,40.106058693909645,-88.23529758782387,80.21211738781929
2024-09-23 21:22:28.412191,41.48,52.795251,0.0005471957306340564,-0.023230986250042305,0.09705279702197278,40.106058693909645,-92.24360919585227,80.21211738781929
2024-09-23 21:22:28.454486,41.48,52.795302,0.0006466830067647949,-0.023330473146428877,0.09720203344245934,52.137550501942634,-92.24360919585227,80.21211738781929
2024-09-23 21:22:28.497169,41.48,52.795302,0.0006466830067647949,-0.023330473146428877,0.09720203344245934,52.137550501942634,-96.25519929585457,80.21211738781929
2024-09-23 21:22:28.508455,41.48,52.795353,0.0008954064660419869,-0.023230986250042305,0.09764974270391902,52.137550501942634,-96.25519929585457,80.21211738781929
2024-09-23 21:22:28.550412,41.48,52.795403,0.0003979595949556242,-0.023230986250042305,0.09764974270391902,36.09446859390736,-104.27510100388527,76.200527287817
2024-09-23 21:22:28.561925,41.48,52.795403,0.0003979595949556242,-0.023280723622328886,0.09764974270391902,36.09446859390736,-104.27510100388527,76.200527287817
2024-09-23 21:22:28.594109,41.48,52.795403,0.0003979595949556242,-0.023280723622328886,0.09745075675933246,36.09446859390736,-104.27510100388527,76.200527287817
2024-09-23 21:22:28.605753,41.48,52.795454,0.0005471957306340564,-0.023280723622328886,0.09745075675933246,44.11764879391193,-100.26678939585686,76.200527287817
2024-09-23 21:22:28.647977,41.48,52.795454,0.0005471957306340564,-0.022833026512682618,0.09740101331113918,40.106058693909645,-92.24360919585227,76.200527287817
2024-09-23 21:22:28.659657,41.48,52.795541,0.0005471957306340564,-0.022833026512682618,0.09740101331113918,40.106058693909645,-92.24360919585227,76.200527287817
2024-09-23 21:22:28.692599,41.48,52.795541,0.000845657606494293,-0.02293251340906919,0.09740101331113918,40.106058693909645,-92.24360919585227,76.200527287817
2024-09-23 21:22:28.704467,41.48,52.795541,0.000845657606494293,-0.02293251340906919,0.0976994861521123,44.11764879391193,-92.24360919585227,76.200527287817
2024-09-23 21:22:28.747114,41.48,52.795593,0.0006466830067647949,-0.023330473146428877,0.09764974270391902,36.09446859390736,-96.25519929585457,76.200527287817
2024-09-23 21:22:28.789619,41.6,52.795643,0.0006466830067647949,-0.023330473146428877,0.09764974270391902,36.09446859390736,-96.25519929585457,80.21211738781929
2024-09-23 21:22:28.802239,41.6,52.795643,0.0007461703303635545,-0.022982261414192504,0.09784872257259886,36.09446859390736,-96.25519929585457,80.21211738781929
2024-09-23 21:22:28.845797,41.6,52.795694,0.0005969341946851222,-0.02303200030545576,0.09764974270391902,36.09446859390736,-96.25519929585457,68.18063240997792
2024-09-23 21:22:28.888953,41.6,52.795694,0.0005969341946851222,-0.02303200030545576,0.09764974270391902,40.106058693909645,-92.24360919585227,76.200527287817
2024-09-23 21:22:28.900610,41.6,52.795745,0.0008954064660419869,-0.023429960042815445,0.09764974270391902,40.106058693909645,-92.24360919585227,76.200527287817
2024-09-23 21:22:28.943433,41.6,52.795795,0.00044769805900669,-0.023429960042815445,0.09755024973162574,48.12595698684454,-100.26678939585686,72.1922225099802
2024-09-23 21:22:29.038670,41.6,52.795795,0.00044769805900669,-0.022833026512682618,0.09784872257259886,44.11764879391193,-96.25519929585457,76.200527287817
2024-09-23 21:22:29.051407,41.6,52.795882,0.00044769805900669,-0.022833026512682618,0.09784872257259886,44.11764879391193,-96.25519929585457,76.200527287817
2024-09-23 21:22:29.084705,41.6,52.795882,0.0005471957306340564,-0.02278327698858263,0.09784872257259886,44.11764879391193,-96.25519929585457,76.200527287817
2024-09-23 21:22:29.096189,41.6,52.795882,0.0005471957306340564,-0.02278327698858263,0.09789846602079214,48.12595698684454,-92.24360919585227,80.21211738781929
2024-09-23 21:22:29.139212,41.6,52.795934,0.0009948937421727254,-0.02313149783467906,0.09799795899308542,44.11764879391193,-92.24360919585227,80.21211738781929
2024-09-23 21:22:29.181019,41.6,52.795985,0.000845657606494293,-0.02313149783467906,0.09799795899308542,44.11764879391193,-92.24360919585227,80.21211738781929
2024-09-23 21:22:29.193263,41.6,52.795985,0.000845657606494293,-0.02293251340906919,0.09750050628343246,48.12595698684454,-92.24360919585227,80.21211738781929
2024-09-23 21:22:29.236450,41.6,52.796035,0.0009451553255896806,-0.023429960042815445,0.09755024973162574,48.12595698684454,-92.24360919585227,72.1922225099802
2024-09-23 21:22:29.279208,41.6,52.796035,0.0009451553255896806,-0.023429960042815445,0.09755024973162574,40.106058693909645,-100.26678939585686,72.1922225099802
2024-09-23 21:22:29.290724,41.6,52.796128,0.0006466830067647949,-0.02313149783467906,0.09755024973162574,40.106058693909645,-100.26678939585686,72.1922225099802
2024-09-23 21:22:29.334639,41.6,52.796179,0.0013928637326249774,-0.02313149783467906,0.09715228999426605,36.09446859390736,-92.24360919585227,80.21211738781929
2024-09-23 21:22:29.376958,41.6,52.796179,0.0013928637326249774,-0.02303200030545576,0.09705279702197278,48.12595698684454,-92.24360919585227,80.21211738781929
2024-09-23 21:22:29.388228,41.6,52.796272,0.0013928637326249774,-0.02303200030545576,0.09705279702197278,48.12595698684454,-92.24360919585227,76.200527287817
2024-09-23 21:22:29.431357,41.6,52.796272,0.0007959191899112484,-0.023181236725942318,0.09750050628343246,44.11764879391193,-96.25519929585457,72.1922225099802
2024-09-23 21:22:29.474482,41.6,52.796324,0.0005471957306340564,-0.023230986250042305,0.09750050628343246,44.11764879391193,-96.25519929585457,72.1922225099802
2024-09-23 21:22:29.485649,41.6,52.796324,0.0005471957306340564,-0.023230986250042305,0.09725178296655933,52.137550501942634,-92.24360919585227,72.1922225099802
2024-09-23 21:22:29.529255,41.6,52.796375,0.0003979595949556242,-0.023429960042815445,0.0973512698629459,36.09446859390736,-92.24360919585227,80.21211738781929
2024-09-23 21:22:29.571374,41.6,52.796375,0.0003979595949556242,-0.023429960042815445,0.0973512698629459,36.09446859390736,-96.25519929585457,72.1922225099802
2024-09-23 21:22:29.583464,41.6,52.796425,0.0007959191899112484,-0.022584292562972758,0.09759999317981902,36.09446859390736,-96.25519929585457,72.1922225099802
2024-09-23 21:22:29.626525,41.6,52.796476,0.0003979595949556242,-0.02308174982955575,0.09759999317981902,36.09446859390736,-96.25519929585457,80.21211738781929
2024-09-23 21:22:29.668278,41.6,52.796476,0.0003979595949556242,-0.02308174982955575,0.09794820946898543,32.08287849390507,-100.26678939585686,80.21211738781929
2024-09-23 21:22:29.680219,41.6,52.796527,0.000845657606494293,-0.02308174982955575,0.09794820946898543,32.08287849390507,-100.26678939585686,80.21211738781929
2024-09-23 21:22:29.723862,41.6,52.796527,0.000845657606494293,-0.02278327698858263,0.09794820946898543,32.08287849390507,-100.26678939585686,80.21211738781929
2024-09-23 21:22:29.767058,41.6,52.796527,0.000845657606494293,-0.02278327698858263,0.09695331012558621,44.11764879391193,-92.24360919585227,80.21211738781929
2024-09-23 21:22:29.778205,41.6,52.796614,0.000845657606494293,-0.02278327698858263,0.09695331012558621,44.11764879391193,-92.24360919585227,76.200527287817
2024-09-23 21:22:29.820343,41.13,52.796665,0.000845657606494293,-0.023230986250042305,0.09759999317981902,48.12595698684454,-96.25519929585457,76.200527287817
2024-09-23 21:22:29.863814,41.13,52.796665,0.0004974468710863627,-0.022982261414192504,0.09615739065086683,48.12595698684454,-96.25519929585457,76.200527287817
2024-09-23 21:22:29.875365,41.13,52.796665,0.0004974468710863627,-0.022982261414192504,0.09615739065086683,40.106058693909645,-104.27510100388527,72.1922225099802
2024-09-23 21:22:29.917410,41.13,52.796716,0.0007959191899112484,-0.022982261414192504,0.0970030596496862,40.106058693909645,-92.24360919585227,72.1922225099802
2024-09-23 21:22:29.960100,41.13,52.796767,0.0007959191899112484,-0.022982261414192504,0.0970030596496862,40.106058693909645,-92.24360919585227,76.200527287817
2024-09-23 21:22:29.972424,41.13,52.796767,0.0008954064660419869,-0.023181236725942318,0.09755024973162574,40.106058693909645,-92.24360919585227,76.200527287817
2024-09-23 21:22:30.015840,41.13,52.796859,0.0006964318663124887,-0.0228827638849692,0.0973512698629459,40.106058693909645,-96.25519929585457,80.21211738781929
2024-09-23 21:22:30.059237,41.13,52.796859,0.0006964318663124887,-0.0228827638849692,0.0973512698629459,44.11764879391193,-88.23529758782387,76.200527287817
2024-09-23 21:22:30.070728,41.13,52.79691,0.000845657606494293,-0.02313149783467906,0.0973512698629459,44.11764879391193,-88.23529758782387,76.200527287817
2024-09-23 21:22:30.114821,41.13,52.79696,0.0009948937421727254,-0.02313149783467906,0.09745075675933246,36.09446859390736,-92.24360919585227,76.200527287817
2024-09-23 21:22:30.156902,41.13,52.79696,0.0009948937421727254,-0.02293251340906919,0.09759999317981902,36.09446859390736,-92.24360919585227,76.200527287817
2024-09-23 21:22:30.168248,41.13,52.797052,0.0009948937421727254,-0.02293251340906919,0.09759999317981902,32.08287849390507,-96.25519929585457,72.1922225099802
2024-09-23 21:22:30.212379,41.13,52.797052,0.0006964318663124887,-0.022833026512682618,0.09740101331113918,40.106058693909645,-100.26678939585686,76.200527287817
2024-09-23 21:22:30.255465,41.13,52.797104,0.0010943914612681128,-0.02313149783467906,0.09750050628343246,40.106058693909645,-100.26678939585686,76.200527287817
2024-09-23 21:22:30.267064,41.13,52.797104,0.0010943914612681128,-0.02313149783467906,0.09750050628343246,44.11764879391193,-100.26678939585686,76.200527287817
2024-09-23 21:22:30.298820,41.13,52.797104,0.0010943914612681128,-0.02313149783467906,0.09750050628343246,44.11764879391193,-100.26678939585686,76.200527287817
2024-09-23 21:22:30.310234,41.13,52.797155,0.0009451553255896806,-0.0224350561424862,0.09784872257259886,44.11764879391193,-100.26678939585686,76.200527287817
2024-09-23 21:22:30.351984,41.13,52.797155,0.0009451553255896806,-0.0224350561424862,0.09784872257259886,40.106058693909645,-96.25519929585457,76.200527287817
2024-09-23 21:22:30.365938,41.13,52.797205,0.0006466830067647949,-0.022833026512682618,0.09784872257259886,40.106058693909645,-96.25519929585457,76.200527287817
2024-09-23 21:22:30.398802,41.13,52.797205,0.0006466830067647949,-0.022833026512682618,0.0970030596496862,40.106058693909645,-96.25519929585457,76.200527287817
2024-09-23 21:22:30.410473,41.13,52.797256,0.0006466830067647949,-0.022833026512682618,0.0970030596496862,40.106058693909645,-88.23529758782387,80.21211738781929
2024-09-23 21:22:30.494107,41.13,52.797256,0.0006466830067647949,-0.02293251340906919,0.0970030596496862,40.106058693909645,-88.23529758782387,80.21211738781929
2024-09-23 21:22:30.505447,41.13,52.797307,0.0006466830067647949,-0.02293251340906919,0.09705279702197278,44.11764879391193,-96.25519929585457,80.21211738781929
2024-09-23 21:22:30.548257,41.13,52.797307,0.0008954064660419869,-0.02293251340906919,0.09740101331113918,36.09446859390736,-96.25519929585457,80.21211738781929
2024-09-23 21:22:30.559933,41.13,52.797307,0.0008954064660419869,-0.02293251340906919,0.09740101331113918,36.09446859390736,-88.23529758782387,80.21211738781929
2024-09-23 21:22:30.591266,41.13,52.797394,0.0008954064660419869,-0.02293251340906919,0.09740101331113918,36.09446859390736,-88.23529758782387,80.21211738781929
2024-09-23 21:22:30.602322,41.13,52.797394,0.0005471957306340564,-0.02303200030545576,0.09750050628343246,48.12595698684454,-96.25519929585457,80.21211738781929
2024-09-23 21:22:30.644933,41.13,52.797446,0.0012436275969465451,-0.023579196463302005,0.09750050628343246,48.12595698684454,-96.25519929585457,68.18063240997792
2024-09-23 21:22:30.656569,41.13,52.797446,0.0012436275969465451,-0.023579196463302005,0.09680407370509965,44.11764879391193,-96.25519929585457,68.18063240997792
2024-09-23 21:22:30.699459,41.13,52.797496,0.0006466830067647949,-0.023230986250042305,0.09715228999426605,44.11764879391193,-92.24360919585227,76.200527287817
2024-09-23 21:22:30.741780,41.13,52.797496,0.0006466830067647949,-0.023230986250042305,0.09715228999426605,44.11764879391193,-96.25519929585457,76.200527287817
2024-09-23 21:22:30.753358,41.13,52.797591,0.0007959191899112484,-0.022833026512682618,0.09715228999426605,44.11764879391193,-96.25519929585457,76.200527287817
2024-09-23 21:22:30.786983,41.13,52.797591,0.0007959191899112484,-0.022833026512682618,0.09755024973162574,44.11764879391193,-96.25519929585457,76.200527287817
2024-09-23 21:22:30.798600,41.13,52.797641,0.0006964318663124887,-0.022833026512682618,0.09755024973162574,24.06297849342227,-100.26678939585686,76.200527287817
2024-09-23 21:22:30.841708,41.13,52.797641,0.0006964318663124887,-0.02268379009219606,0.09759999317981902,56.14914060194492,-92.24360919585227,80.21211738781929
2024-09-23 21:22:30.853641,41.13,52.797735,0.0006964318663124887,-0.02268379009219606,0.09759999317981902,56.14914060194492,-92.24360919585227,80.21211738781929
2024-09-23 21:22:30.886545,41.13,52.797735,0.0007959191899112484,-0.023579196463302005,0.09759999317981902,56.14914060194492,-92.24360919585227,80.21211738781929
2024-09-23 21:22:30.898489,41.13,52.797735,0.0007959191899112484,-0.023579196463302005,0.09764974270391902,52.137550501942634,-96.25519929585457,76.200527287817
2024-09-23 21:22:30.941830,41.13,52.797786,0.0006964318663124887,-0.023429960042815445,0.0976994861521123,40.106058693909645,-96.25519929585457,76.200527287817
2024-09-23 21:22:31.035165,41.13,52.797837,0.0008954064660419869,-0.02352945757203875,0.0976994861521123,40.106058693909645,-96.25519929585457,76.200527287817
2024-09-23 21:22:31.046633,41.13,52.797837,0.0008954064660419869,-0.02352945757203875,0.09759999317981902,44.11764879391193,-96.25519929585457,76.200527287817
2024-09-23 21:22:31.079624,41.13,52.797837,0.0008954064660419869,-0.02352945757203875,0.09759999317981902,44.11764879391193,-100.26678939585686,76.200527287817
2024-09-23 21:22:31.091547,41.13,52.797888,0.0006466830067647949,-0.02352945757203875,0.09740101331113918,44.11764879391193,-100.26678939585686,80.21211738781929
2024-09-23 21:22:31.134815,41.13,52.797938,0.00029846189959424716,-0.02352945757203875,0.09740101331113918,48.12595698684454,-96.25519929585457,80.21211738781929
2024-09-23 21:22:31.147015,41.13,52.797938,0.00029846189959424716,-0.022484804147609512,0.09740101331113918,48.12595698684454,-96.25519929585457,80.21211738781929
2024-09-23 21:22:31.179369,41.13,52.797938,0.00029846189959424716,-0.022484804147609512,0.0973512698629459,36.09446859390736,-96.25519929585457,80.21211738781929
2024-09-23 21:22:31.191120,41.13,52.797989,0.0006964318663124887,-0.022484804147609512,0.0973512698629459,36.09446859390736,-96.25519929585457,76.200527287817
2024-09-23 21:22:31.233389,41.13,52.798076,0.0006964318663124887,-0.023280723622328886,0.0973015264147526,40.106058693909645,-96.25519929585457,76.200527287817
2024-09-23 21:22:31.276318,41.13,52.798076,0.0007461703303635545,-0.0225345536717095,0.0973015264147526,40.106058693909645,-96.25519929585457,76.200527287817
2024-09-23 21:22:31.288606,41.13,52.798076,0.0007461703303635545,-0.0225345536717095,0.09725178296655933,44.11764879391193,-100.26678939585686,76.200527287817
2024-09-23 21:22:31.331783,41.13,52.798174,0.0011938787373988514,-0.023479709566915436,0.09750050628343246,48.12595698684454,-92.24360919585227,76.200527287817
2024-09-23 21:22:31.373875,41.13,52.798226,0.0011938787373988514,-0.023479709566915436,0.09750050628343246,48.12595698684454,-92.24360919585227,80.21211738781929
2024-09-23 21:22:31.385254,41.13,52.798226,0.0007959191899112484,-0.023230986250042305,0.09715228999426605,44.11764879391193,-92.24360919585227,80.21211738781929
2024-09-23 21:22:31.428393,41.13,52.798276,0.0005969341946851222,-0.022733528983459317,0.09705279702197278,44.11764879391193,-92.24360919585227,84.22370748782159
2024-09-23 21:22:31.470655,41.13,52.798276,0.0005969341946851222,-0.022733528983459317,0.09705279702197278,36.09446859390736,-88.23529758782387,84.22370748782159
2024-09-23 21:22:31.482108,41.13,52.798327,0.0008954064660419869,-0.023479709566915436,0.09705279702197278,36.09446859390736,-88.23529758782387,80.21211738781929
2024-09-23 21:22:31.524180,41.13,52.798378,0.0008954064660419869,-0.023479709566915436,0.09779897304849887,40.106058693909645,-88.23529758782387,80.21211738781929
2024-09-23 21:22:31.536268,41.13,52.798378,0.0009451553255896806,-0.023479709566915436,0.09779897304849887,40.106058693909645,-88.23529758782387,80.21211738781929
2024-09-23 21:22:31.568126,41.13,52.798378,0.0009451553255896806,-0.02263404056809607,0.09675432418099966,40.106058693909645,-88.23529758782387,80.21211738781929
2024-09-23 21:22:31.579815,41.13,52.798466,0.0009451553255896806,-0.02263404056809607,0.09675432418099966,40.106058693909645,-96.25519929585457,80.21211738781929
2024-09-23 21:22:31.621610,41.13,52.798466,0.0003979595949556242,-0.022584292562972758,0.09715228999426605,40.106058693909645,-96.25519929585457,80.21211738781929
2024-09-23 21:22:31.632976,41.13,52.798466,0.0003979595949556242,-0.022584292562972758,0.09715228999426605,40.106058693909645,-92.24360919585227,76.200527287817
2024-09-23 21:22:31.665705,41.13,52.798518,0.0003979595949556242,-0.022584292562972758,0.09715228999426605,40.106058693909645,-92.24360919585227,76.200527287817
2024-09-23 21:22:31.677284,41.13,52.798518,0.00034821073540793035,-0.02338022115155219,0.09710254654607277,36.09446859390736,-96.25519929585457,76.200527287817
2024-09-23 21:22:31.719235,41.13,52.798568,0.0013928637326249774,-0.022982261414192504,0.09740101331113918,36.09446859390736,-96.25519929585457,80.21211738781929
2024-09-23 21:22:31.730903,41.13,52.798568,0.0013928637326249774,-0.022982261414192504,0.09740101331113918,40.106058693909645,-96.25519929585457,80.21211738781929
2024-09-23 21:22:31.762756,41.13,52.798568,0.0013928637326249774,-0.022982261414192504,0.09740101331113918,40.106058693909645,-96.25519929585457,80.21211738781929
2024-09-23 21:22:31.778084,41.13,52.798619,0.0011441298778511575,-0.02293251340906919,0.09755024973162574,40.106058693909645,-96.25519929585457,76.200527287817
2024-09-23 21:22:31.810940,41.13,52.798619,0.0011441298778511575,-0.02293251340906919,0.09755024973162574,36.09446859390736,-96.25519929585457,76.200527287817
2024-09-23 21:22:31.822498,41.13,52.79867,0.0005969341946851222,-0.022982261414192504,0.09755024973162574,36.09446859390736,-96.25519929585457,72.1922225099802
2024-09-23 21:22:31.864576,41.32,52.79867,0.0005969341946851222,-0.022982261414192504,0.0973015264147526,44.11764879391193,-96.25519929585457,76.200527287817
2024-09-23 21:22:31.876463,41.32,52.79872,0.0009451553255896806,-0.022982261414192504,0.0973015264147526,44.11764879391193,-96.25519929585457,76.200527287817
2024-09-23 21:22:31.909262,41.32,52.79872,0.0009451553255896806,-0.0224350561424862,0.0973015264147526,44.11764879391193,-96.25519929585457,76.200527287817
2024-09-23 21:22:31.921293,41.32,52.798807,0.0009451553255896806,-0.0224350561424862,0.09750050628343246,44.11764879391193,-100.26678939585686,76.200527287817
2024-09-23 21:22:31.964039,41.32,52.798807,0.0005471957306340564,-0.02293251340906919,0.09690356060148622,48.12595698684454,-100.26678939585686,76.200527287817
2024-09-23 21:22:31.976585,41.32,52.798807,0.0005471957306340564,-0.02293251340906919,0.09690356060148622,48.12595698684454,-100.26678939585686,72.1922225099802
2024-09-23 21:22:32.009474,41.32,52.798859,0.0012436275969465451,-0.0228827638849692,0.09690356060148622,48.12595698684454,-100.26678939585686,72.1922225099802
2024-09-23 21:22:32.021155,41.32,52.798859,0.0012436275969465451,-0.0228827638849692,0.09759999317981902,48.12595698684454,-96.25519929585457,72.1922225099802
2024-09-23 21:22:32.063343,41.32,52.79891,0.00044769805900669,-0.022982261414192504,0.09764974270391902,44.11764879391193,-96.25519929585457,76.200527287817
2024-09-23 21:22:32.105106,41.32,52.79891,0.00044769805900669,-0.022982261414192504,0.09764974270391902,44.11764879391193,-96.25519929585457,80.21211738781929
2024-09-23 21:22:32.117152,41.32,52.79896,0.0010943914612681128,-0.02303200030545576,0.09784872257259886,44.11764879391193,-96.25519929585457,80.21211738781929
2024-09-23 21:22:32.160689,41.32,52.799011,0.0007959191899112484,-0.023181236725942318,0.09784872257259886,44.11764879391193,-100.26678939585686,76.200527287817
2024-09-23 21:22:32.204087,41.32,52.799011,0.0007959191899112484,-0.023181236725942318,0.0973512698629459,52.137550501942634,-92.24360919585227,76.200527287817
2024-09-23 21:22:32.215628,41.32,52.799062,0.0006466830067647949,-0.023181236725942318,0.0973512698629459,52.137550501942634,-92.24360919585227,76.200527287817
2024-09-23 21:22:32.259363,41.32,52.799062,0.0006466830067647949,-0.022484804147609512,0.09755024973162574,44.11764879391193,-92.24360919585227,76.200527287817
2024-09-23 21:22:32.301776,41.32,52.799149,0.0011938787373988514,-0.02268379009219606,0.09755024973162574,44.11764879391193,-92.24360919585227,76.200527287817
2024-09-23 21:22:32.313204,41.32,52.799149,0.0011938787373988514,-0.02268379009219606,0.09715228999426605,40.106058693909645,-92.24360919585227,76.200527287817
2024-09-23 21:22:32.355895,41.32,52.7992,0.0011441298778511575,-0.023181236725942318,0.0970030596496862,40.106058693909645,-92.24360919585227,76.200527287817
2024-09-23 21:22:32.399568,41.32,52.799251,0.0011441298778511575,-0.023181236725942318,0.0970030596496862,40.106058693909645,-84.22370748782159,76.200527287817
2024-09-23 21:22:32.410987,41.32,52.799251,0.0010943914612681128,-0.02278327698858263,0.09794820946898543,40.106058693909645,-84.22370748782159,76.200527287817
2024-09-23 21:22:32.453376,41.32,52.799301,0.0005471957306340564,-0.02263404056809607,0.09794820946898543,40.106058693909645,-92.24360919585227,80.21211738781929
2024-09-23 21:22:32.496298,41.32,52.799301,0.0005471957306340564,-0.02263404056809607,0.09759999317981902,48.12595698684454,-92.24360919585227,80.21211738781929
2024-09-23 21:22:32.508013,41.32,52.799352,0.001044642601720419,-0.02263404056809607,0.09759999317981902,48.12595698684454,-92.24360919585227,76.200527287817
2024-09-23 21:22:32.543304,41.32,52.799352,0.001044642601720419,-0.02313149783467906,0.09759999317981902,48.12595698684454,-92.24360919585227,76.200527287817
2024-09-23 21:22:32.555060,41.32,52.799441,0.001044642601720419,-0.02313149783467906,0.09755024973162574,48.12595698684454,-96.25519929585457,80.21211738781929
2024-09-23 21:22:32.597869,41.32,52.799441,0.0007461703303635545,-0.0228827638849692,0.0973015264147526,40.106058693909645,-92.24360919585227,80.21211738781929
2024-09-23 21:22:32.610513,41.32,52.799441,0.0007461703303635545,-0.0228827638849692,0.0973015264147526,40.106058693909645,-92.24360919585227,76.200527287817
2024-09-23 21:22:32.643243,41.32,52.799493,0.000845657606494293,-0.02308174982955575,0.0973015264147526,40.106058693909645,-92.24360919585227,76.200527287817
2024-09-23 21:22:32.654621,41.32,52.799493,0.000845657606494293,-0.02308174982955575,0.09680407370509965,44.11764879391193,-92.24360919585227,76.200527287817
2024-09-23 21:22:32.696898,41.32,52.799543,0.0008954064660419869,-0.023728432883788564,0.09705279702197278,40.106058693909645,-92.24360919585227,76.200527287817
2024-09-23 21:22:32.738697,41.32,52.799543,0.0008954064660419869,-0.023728432883788564,0.09705279702197278,40.106058693909645,-96.25519929585457,76.200527287817
2024-09-23 21:22:32.750612,41.32,52.799594,0.00044769805900669,-0.023479709566915436,0.09774922960030558,40.106058693909645,-96.25519929585457,76.200527287817
2024-09-23 21:22:32.793461,41.32,52.799645,0.0012933660135295898,-0.02352945757203875,0.09774922960030558,36.09446859390736,-96.25519929585457,80.21211738781929
2024-09-23 21:22:32.835738,41.32,52.799645,0.0012933660135295898,-0.02352945757203875,0.09675432418099966,40.106058693909645,-96.25519929585457,80.21211738781929
2024-09-23 21:22:32.847248,41.32,52.799695,0.000845657606494293,-0.02352945757203875,0.09675432418099966,40.106058693909645,-96.25519929585457,80.21211738781929
2024-09-23 21:22:32.889615,41.04,52.799695,0.000845657606494293,-0.02352945757203875,0.09794820946898543,48.12595698684454,-96.25519929585457,76.200527287817
2024-09-23 21:22:32.901444,41.04,52.799782,0.000845657606494293,-0.02352945757203875,0.09794820946898543,48.12595698684454,-96.25519929585457,76.200527287817
2024-09-23 21:22:32.933910,41.04,52.799782,0.0003979595949556242,-0.022833026512682618,0.09794820946898543,48.12595698684454,-96.25519929585457,76.200527287817
2024-09-23 21:22:32.944877,41.04,52.799782,0.0003979595949556242,-0.022833026512682618,0.0973015264147526,40.106058693909645,-88.23529758782387,84.22370748782159
2024-09-23 21:22:33.038362,41.04,52.799834,0.0012436275969465451,-0.02303200030545576,0.09784872257259886,32.08287849390507,-96.25519929585457,84.22370748782159
2024-09-23 21:22:33.082057,41.04,52.799885,0.0012436275969465451,-0.02303200030545576,0.09784872257259886,32.08287849390507,-96.25519929585457,80.21211738781929
2024-09-23 21:22:33.093720,41.04,52.799885,0.0007959191899112484,-0.02308174982955575,0.0973015264147526,40.106058693909645,-96.25519929585457,80.21211738781929
2024-09-23 21:22:33.136761,41.04,52.799936,0.0006466830067647949,-0.02293251340906919,0.09745075675933246,40.106058693909645,-96.25519929585457,72.1922225099802
2024-09-23 21:22:33.178880,41.04,52.799936,0.0006466830067647949,-0.02293251340906919,0.09745075675933246,48.12595698684454,-100.26678939585686,72.1922225099802
2024-09-23 21:22:33.190216,41.04,52.799986,0.0005969341946851222,-0.02308174982955575,0.09745075675933246,48.12595698684454,-100.26678939585686,72.1922225099802
2024-09-23 21:22:33.233297,41.04,52.800037,0.0007461703303635545,-0.02308174982955575,0.09759999317981902,44.11764879391193,-104.27510100388527,76.200527287817
2024-09-23 21:22:33.275747,41.04,52.800037,0.0007461703303635545,-0.023330473146428877,0.09750050628343246,44.11764879391193,-104.27510100388527,76.200527287817
2024-09-23 21:22:33.286747,41.04,52.800172,0.0007461703303635545,-0.023330473146428877,0.09750050628343246,40.106058693909645,-92.24360919585227,80.21211738781929
2024-09-23 21:22:33.329890,41.04,52.800172,0.00024872343554318134,-0.022733528983459317,0.09779897304849887,40.106058693909645,-96.25519929585457,80.21211738781929
2024-09-23 21:22:33.372190,41.04,52.800224,0.000845657606494293,-0.022733528983459317,0.09779897304849887,40.106058693909645,-96.25519929585457,80.21211738781929
2024-09-23 21:22:33.383721,41.04,52.800224,0.000845657606494293,-0.02293251340906919,0.09799795899308542,40.106058693909645,-92.24360919585227,80.21211738781929
2024-09-23 21:22:33.426114,41.04,52.800275,0.0005471957306340564,-0.02338022115155219,0.09774922960030558,40.106058693909645,-92.24360919585227,76.200527287817
2024-09-23 21:22:33.438277,41.04,52.800275,0.0005471957306340564,-0.02338022115155219,0.09774922960030558,40.106058693909645,-92.24360919585227,76.200527287817
2024-09-23 21:22:33.470710,41.04,52.800275,0.0005471957306340564,-0.02338022115155219,0.09774922960030558,40.106058693909645,-88.23529758782387,76.200527287817
2024-09-23 21:22:33.482482,41.04,52.800325,0.0004974468710863627,-0.02303200030545576,0.0970030596496862,40.106058693909645,-88.23529758782387,76.200527287817
2024-09-23 21:22:33.524739,41.04,52.800325,0.0004974468710863627,-0.02303200030545576,0.0970030596496862,40.106058693909645,-88.23529758782387,76.200527287817
2024-09-23 21:22:33.567629,41.04,52.800325,0.0004974468710863627,-0.02303200030545576,0.0970030596496862,40.106058693909645,-96.25519929585457,76.200527287817
2024-09-23 21:22:33.579706,41.04,52.800376,0.0005969341946851222,-0.02228583035483637,0.09784872257259886,40.106058693909645,-96.25519929585457,76.200527287817
2024-09-23 21:22:33.622281,41.04,52.800376,0.0005969341946851222,-0.02228583035483637,0.09784872257259886,40.106058693909645,-96.25519929585457,76.200527287817
2024-09-23 21:22:33.665269,41.04,52.800376,0.0005969341946851222,-0.02228583035483637,0.09784872257259886,40.106058693909645,-84.22370748782159,72.1922225099802
2024-09-23 21:22:33.677307,41.04,52.800427,0.001044642601720419,-0.02338022115155219,0.09755024973162574,40.106058693909645,-84.22370748782159,72.1922225099802
2024-09-23 21:22:33.720887,41.04,52.800514,0.0003979595949556242,-0.023429960042815445,0.09755024973162574,44.11764879391193,-92.24360919585227,76.200527287817
2024-09-23 21:22:33.763982,41.04,52.800514,0.0003979595949556242,-0.023429960042815445,0.09774922960030558,48.12595698684454,-96.25519929585457,76.200527287817
2024-09-23 21:22:33.775572,41.04,52.800565,0.001044642601720419,-0.023429960042815445,0.09774922960030558,48.12595698684454,-96.25519929585457,80.21211738781929
2024-09-23 21:22:33.817842,41.04,52.80066,0.001044642601720419,-0.02293251340906919,0.0973512698629459,44.11764879391193,-96.25519929585457,84.22370748782159
2024-09-23 21:22:33.860334,41.04,52.80066,0.0007461703303635545,-0.02293251340906919,0.0973512698629459,44.11764879391193,-96.25519929585457,84.22370748782159
2024-09-23 21:22:33.871782,41.04,52.80066,0.0007461703303635545,-0.02293251340906919,0.09725178296655933,28.07457030097246,-92.24360919585227,80.21211738781929
2024-09-23 21:22:33.914974,40.91,52.800758,0.0008954064660419869,-0.023280723622328886,0.09824668230995855,44.11764879391193,-92.24360919585227,80.21211738781929
2024-09-23 21:22:33.927087,40.91,52.800758,0.0008954064660419869,-0.023280723622328886,0.09824668230995855,44.11764879391193,-96.25519929585457,80.21211738781929
2024-09-23 21:22:33.960444,40.91,52.80081,0.0005969341946851222,-0.023280723622328886,0.09824668230995855,44.11764879391193,-96.25519929585457,76.200527287817
2024-09-23 21:22:33.972244,40.91,52.80081,0.0005969341946851222,-0.02263404056809607,0.09750050628343246,52.137550501942634,-96.25519929585457,76.200527287817
2024-09-23 21:22:34.004015,40.91,52.80081,0.0005969341946851222,-0.02263404056809607,0.09750050628343246,52.137550501942634,-96.25519929585457,76.200527287817
2024-09-23 21:22:34.056739,40.91,52.800861,0.000845657606494293,-0.02263404056809607,0.09750050628343246,52.137550501942634,-96.25519929585457,80.21211738781929
2024-09-23 21:22:34.068431,40.91,52.800861,0.000845657606494293,-0.023280723622328886,0.09675432418099966,52.137550501942634,-96.25519929585457,80.21211738781929
2024-09-23 21:22:34.111768,40.91,52.800911,0.0004974468710863627,-0.02338022115155219,0.09740101331113918,52.137550501942634,-96.25519929585457,80.21211738781929
2024-09-23 21:22:34.154066,40.91,52.800911,0.0004974468710863627,-0.02338022115155219,0.09740101331113918,40.106058693909645,-96.25519929585457,76.200527287817
2024-09-23 21:22:34.165778,40.91,52.800962,0.0005969341946851222,-0.022584292562972758,0.09740101331113918,40.106058693909645,-96.25519929585457,76.200527287817
2024-09-23 21:22:34.208351,40.91,52.80105,0.00024872343554318134,-0.022584292562972758,0.09745075675933246,36.09446859390736,-92.24360919585227,76.200527287817
2024-09-23 21:22:34.250478,40.91,52.80105,0.00024872343554318134,-0.02352945757203875,0.09715228999426605,36.09446859390736,-92.24360919585227,76.200527287817
2024-09-23 21:22:34.262277,40.91,52.801101,0.00024872343554318134,-0.02352945757203875,0.09715228999426605,44.11764879391193,-96.25519929585457,80.21211738781929
2024-09-23 21:22:34.306014,40.91,52.801101,0.0004974468710863627,-0.02367869399252531,0.09720203344245934,48.12595698684454,-92.24360919585227,80.21211738781929
2024-09-23 21:22:34.349319,40.91,52.801197,0.0005969341946851222,-0.02303200030545576,0.09720203344245934,48.12595698684454,-92.24360919585227,80.21211738781929
2024-09-23 21:22:34.360445,40.91,52.801197,0.0005969341946851222,-0.02303200030545576,0.09740101331113918,40.106058693909645,-92.24360919585227,80.21211738781929
2024-09-23 21:22:34.403467,40.91,52.801248,0.0006964318663124887,-0.023230986250042305,0.09764974270391902,40.106058693909645,-92.24360919585227,84.22370748782159
2024-09-23 21:22:34.445664,40.91,52.801248,0.0006964318663124887,-0.023230986250042305,0.09764974270391902,40.106058693909645,-92.24360919585227,76.200527287817
2024-09-23 21:22:34.457384,40.91,52.801299,0.00044769805900669,-0.022584292562972758,0.09750050628343246,40.106058693909645,-92.24360919585227,76.200527287817
2024-09-23 21:22:34.500148,40.91,52.80135,0.0006964318663124887,-0.02313149783467906,0.09750050628343246,40.106058693909645,-92.24360919585227,80.21211738781929
2024-09-23 21:22:34.543138,40.91,52.80135,0.0006964318663124887,-0.02313149783467906,0.09720203344245934,40.106058693909645,-92.24360919585227,80.21211738781929
2024-09-23 21:22:34.554540,40.91,52.8014,0.0008954064660419869,-0.02313149783467906,0.09720203344245934,40.106058693909645,-92.24360919585227,80.21211738781929
2024-09-23 21:22:34.597544,40.91,52.801489,0.0008954064660419869,-0.02308174982955575,0.09759999317981902,40.106058693909645,-92.24360919585227,76.200527287817
2024-09-23 21:22:34.640466,40.91,52.801489,0.0004974468710863627,-0.02338022115155219,0.09759999317981902,40.106058693909645,-92.24360919585227,76.200527287817
2024-09-23 21:22:34.651492,40.91,52.801489,0.0004974468710863627,-0.02338022115155219,0.098047696365372,40.106058693909645,-92.24360919585227,72.1922225099802
2024-09-23 21:22:34.693036,40.91,52.80154,0.001044642601720419,-0.02303200030545576,0.09650560086412653,36.09446859390736,-92.24360919585227,72.1922225099802
2024-09-23 21:22:34.705254,40.91,52.80154,0.001044642601720419,-0.02303200030545576,0.09650560086412653,36.09446859390736,-92.24360919585227,72.1922225099802
2024-09-23 21:22:34.737830,40.91,52.801591,0.001044642601720419,-0.02303200030545576,0.09650560086412653,36.09446859390736,-92.24360919585227,80.21211738781929
2024-09-23 21:22:34.749283,40.91,52.801591,0.0008954064660419869,-0.023330473146428877,0.0976994861521123,40.106058693909645,-92.24360919585227,80.21211738781929
2024-09-23 21:22:34.792151,40.91,52.801641,0.0006964318663124887,-0.023330473146428877,0.0976994861521123,40.106058693909645,-92.24360919585227,80.21211738781929
2024-09-23 21:22:34.803775,40.91,52.801641,0.0006964318663124887,-0.022833026512682618,0.09695331012558621,40.106058693909645,-92.24360919585227,80.21211738781929
2024-09-23 21:22:34.836475,40.91,52.801641,0.0006964318663124887,-0.022833026512682618,0.09695331012558621,48.12595698684454,-100.26678939585686,72.1922225099802
2024-09-23 21:22:34.848216,40.91,52.801692,0.00044769805900669,-0.0228827638849692,0.09695331012558621,48.12595698684454,-100.26678939585686,72.1922225099802
2024-09-23 21:22:34.891218,40.91,52.801743,0.0007461703303635545,-0.0228827638849692,0.09690356060148622,40.106058693909645,-96.25519929585457,80.21211738781929
2024-09-23 21:22:34.985214,40.82,52.801743,0.0007461703303635545,-0.023230986250042305,0.0976994861521123,36.09446859390736,-100.26678939585686,80.21211738781929
2024-09-23 21:22:35.001892,40.82,52.80183,0.0007461703303635545,-0.023230986250042305,0.0976994861521123,36.09446859390736,-100.26678939585686,80.21211738781929
2024-09-23 21:22:35.086054,40.82,52.80183,0.0012933660135295898,-0.023429960042815445,0.09779897304849887,40.106058693909645,-88.23529758782387,84.22370748782159
2024-09-23 21:22:35.129427,40.82,52.801881,0.0005969341946851222,-0.023280723622328886,0.09779897304849887,40.106058693909645,-88.23529758782387,84.22370748782159
2024-09-23 21:22:35.141957,40.82,52.801881,0.0005969341946851222,-0.023280723622328886,0.09794820946898543,44.11764879391193,-92.24360919585227,84.22370748782159
2024-09-23 21:22:35.174541,40.82,52.801881,0.0005969341946851222,-0.023280723622328886,0.09794820946898543,44.11764879391193,-92.24360919585227,76.200527287817
2024-09-23 21:22:35.185925,40.82,52.801932,0.0007461703303635545,-0.02263404056809607,0.09764974270391902,40.106058693909645,-92.24360919585227,76.200527287817
2024-09-23 21:22:35.228784,40.82,52.801983,0.0006466830067647949,-0.02263404056809607,0.09764974270391902,40.106058693909645,-96.25519929585457,72.1922225099802
2024-09-23 21:22:35.240591,40.82,52.801983,0.0006466830067647949,-0.02293251340906919,0.09745075675933246,40.106058693909645,-96.25519929585457,72.1922225099802
2024-09-23 21:22:35.274146,40.82,52.801983,0.0006466830067647949,-0.02293251340906919,0.09745075675933246,36.09446859390736,-88.23529758782387,72.1922225099802
2024-09-23 21:22:35.285571,40.82,52.802076,0.00034821073540793035,-0.02338022115155219,0.09745075675933246,36.09446859390736,-88.23529758782387,76.200527287817
2024-09-23 21:22:35.328604,40.82,52.802174,0.00044769805900669,-0.02338022115155219,0.09759999317981902,40.106058693909645,-92.24360919585227,80.21211738781929
2024-09-23 21:22:35.371195,40.82,52.802174,0.00044769805900669,-0.02303200030545576,0.09799795899308542,40.106058693909645,-92.24360919585227,80.21211738781929
2024-09-23 21:22:35.383155,40.82,52.802269,0.00044769805900669,-0.02303200030545576,0.09799795899308542,40.106058693909645,-96.25519929585457,76.200527287817
2024-09-23 21:22:35.426430,40.82,52.802269,0.0004974468710863627,-0.02338022115155219,0.09745075675933246,48.12595698684454,-92.24360919585227,76.200527287817
2024-09-23 21:22:35.437975,40.82,52.802269,0.0004974468710863627,-0.02338022115155219,0.09745075675933246,48.12595698684454,-92.24360919585227,76.200527287817
2024-09-23 21:22:35.469412,40.82,52.80232,0.0009451553255896806,-0.02338022115155219,0.09745075675933246,48.12595698684454,-92.24360919585227,76.200527287817
2024-09-23 21:22:35.480533,40.82,52.80232,0.0009451553255896806,-0.0228827638849692,0.09695331012558621,40.106058693909645,-92.24360919585227,76.200527287817
2024-09-23 21:22:35.523676,40.82,52.802371,0.0004974468710863627,-0.023330473146428877,0.09764974270391902,40.106058693909645,-92.24360919585227,76.200527287817
2024-09-23 21:22:35.566582,40.82,52.802371,0.0004974468710863627,-0.023330473146428877,0.09764974270391902,40.106058693909645,-104.27510100388527,72.1922225099802
2024-09-23 21:22:35.578407,40.82,52.802422,0.0007959191899112484,-0.023429960042815445,0.09789846602079214,40.106058693909645,-104.27510100388527,72.1922225099802
2024-09-23 21:22:35.620836,40.82,52.802472,0.0007959191899112484,-0.023429960042815445,0.09789846602079214,36.09446859390736,-96.25519929585457,68.18063240997792
2024-09-23 21:22:35.632965,40.82,52.802472,0.0007959191899112484,-0.023230986250042305,0.09789846602079214,36.09446859390736,-96.25519929585457,68.18063240997792
2024-09-23 21:22:35.665644,40.82,52.802472,0.0007959191899112484,-0.023230986250042305,0.09750050628343246,44.11764879391193,-92.24360919585227,68.18063240997792
2024-09-23 21:22:35.676961,40.82,52.802523,0.0012933660135295898,-0.023230986250042305,0.09750050628343246,44.11764879391193,-92.24360919585227,76.200527287817
2024-09-23 21:22:35.719646,40.82,52.80261,0.0012933660135295898,-0.02313149783467906,0.09720203344245934,40.106058693909645,-92.24360919585227,76.200527287817
2024-09-23 21:22:35.762650,40.82,52.80261,0.0006466830067647949,-0.02367869399252531,0.09784872257259886,40.106058693909645,-92.24360919585227,76.200527287817
2024-09-23 21:22:35.774095,40.82,52.80261,0.0006466830067647949,-0.02367869399252531,0.09784872257259886,40.106058693909645,-100.26678939585686,76.200527287817
2024-09-23 21:22:35.817405,40.82,52.802662,0.0009948937421727254,-0.023280723622328886,0.09789846602079214,52.137550501942634,-92.24360919585227,76.200527287817
2024-09-23 21:22:35.859244,40.82,52.802712,0.0009948937421727254,-0.023280723622328886,0.09789846602079214,52.137550501942634,-92.24360919585227,80.21211738781929
2024-09-23 21:22:35.870627,40.82,52.802712,0.0010943914612681128,-0.022982261414192504,0.09710254654607277,44.11764879391193,-92.24360919585227,80.21211738781929
2024-09-23 21:22:35.913542,40.82,52.802763,0.0015420998683034098,-0.02313149783467906,0.09774922960030558,44.11764879391193,-96.25519929585457,76.200527287817
2024-09-23 21:22:35.956005,40.82,52.802763,0.0015420998683034098,-0.02313149783467906,0.09774922960030558,48.12595698684454,-100.26678939585686,76.200527287817
2024-09-23 21:22:35.967657,40.82,52.802814,0.0007959191899112484,-0.023429960042815445,0.09774922960030558,48.12595698684454,-100.26678939585686,76.200527287817
2024-09-23 21:22:36.010525,40.72,52.802865,0.0007959191899112484,-0.023429960042815445,0.09715228999426605,40.106058693909645,-96.25519929585457,76.200527287817
2024-09-23 21:22:36.022636,40.72,52.802865,0.0015420998683034098,-0.023429960042815445,0.09715228999426605,40.106058693909645,-96.25519929585457,76.200527287817
2024-09-23 21:22:36.056044,40.72,52.802865,0.0015420998683034098,-0.02308174982955575,0.09774922960030558,44.11764879391193,-96.25519929585457,76.200527287817
2024-09-23 21:22:36.067082,40.72,52.802951,0.0015420998683034098,-0.02308174982955575,0.09774922960030558,44.11764879391193,-92.24360919585227,72.1922225099802
2024-09-23 21:22:36.109566,40.72,52.802951,0.0007959191899112484,-0.02313149783467906,0.09755024973162574,44.11764879391193,-92.24360919585227,72.1922225099802
2024-09-23 21:22:36.151247,40.72,52.802951,0.0007959191899112484,-0.02313149783467906,0.09755024973162574,44.11764879391193,-92.24360919585227,72.1922225099802
2024-09-23 21:22:36.162612,40.72,52.803003,0.0007959191899112484,-0.0228827638849692,0.09755024973162574,44.11764879391193,-92.24360919585227,76.200527287817
2024-09-23 21:22:36.205358,40.72,52.803053,0.0007959191899112484,-0.0228827638849692,0.0973512698629459,48.12595698684454,-96.25519929585457,68.18063240997792
2024-09-23 21:22:36.217566,40.72,52.803053,0.0008954064660419869,-0.0228827638849692,0.0973512698629459,48.12595698684454,-96.25519929585457,68.18063240997792
2024-09-23 21:22:36.249218,40.72,52.803053,0.0008954064660419869,-0.02308174982955575,0.09725178296655933,48.12595698684454,-96.25519929585457,68.18063240997792
2024-09-23 21:22:36.261243,40.72,52.803104,0.0008954064660419869,-0.02308174982955575,0.09725178296655933,40.106058693909645,-96.25519929585457,80.21211738781929
2024-09-23 21:22:36.304108,40.72,52.803104,0.000845657606494293,-0.023728432883788564,0.09705279702197278,40.106058693909645,-96.25519929585457,80.21211738781929
2024-09-23 21:22:36.346476,40.72,52.803155,0.0013431148730772837,-0.023728432883788564,0.09705279702197278,40.106058693909645,-96.25519929585457,80.21211738781929
2024-09-23 21:22:36.357809,40.72,52.803155,0.0013431148730772837,-0.023429960042815445,0.09784872257259886,40.106058693909645,-92.24360919585227,80.21211738781929
2024-09-23 21:22:36.400790,40.72,52.803245,0.000845657606494293,-0.022733528983459317,0.0973512698629459,36.09446859390736,-92.24360919585227,76.200527287817
2024-09-23 21:22:36.444277,40.72,52.803245,0.000845657606494293,-0.022733528983459317,0.0973512698629459,36.09446859390736,-96.25519929585457,72.1922225099802
2024-09-23 21:22:36.455357,40.72,52.803296,0.00014922575204880957,-0.023280723622328886,0.09740101331113918,36.09446859390736,-96.25519929585457,72.1922225099802
2024-09-23 21:22:36.498236,40.72,52.803347,0.00034821073540793035,-0.023280723622328886,0.09740101331113918,36.09446859390736,-84.22370748782159,80.21211738781929
2024-09-23 21:22:36.510029,40.72,52.803347,0.00034821073540793035,-0.02338022115155219,0.09740101331113918,36.09446859390736,-84.22370748782159,80.21211738781929
2024-09-23 21:22:36.543760,40.72,52.803347,0.00034821073540793035,-0.02338022115155219,0.09705279702197278,44.11764879391193,-88.23529758782387,80.21211738781929
2024-09-23 21:22:36.554985,40.72,52.803397,0.00029846189959424716,-0.02338022115155219,0.09705279702197278,44.11764879391193,-88.23529758782387,80.21211738781929
2024-09-23 21:22:36.597581,40.72,52.803487,0.00029846189959424716,-0.02303200030545576,0.09745075675933246,36.09446859390736,-92.24360919585227,76.200527287817
2024-09-23 21:22:36.640262,40.72,52.803487,0.0006964318663124887,-0.02352945757203875,0.09745075675933246,36.09446859390736,-92.24360919585227,76.200527287817
2024-09-23 21:22:36.651703,40.72,52.803487,0.0006964318663124887,-0.02352945757203875,0.0976994861521123,44.11764879391193,-92.24360919585227,76.200527287817
2024-09-23 21:22:36.694669,40.72,52.803539,0.0005471957306340564,-0.023181236725942318,0.09750050628343246,40.106058693909645,-92.24360919585227,76.200527287817
2024-09-23 21:22:36.738162,40.72,52.80359,0.0005969341946851222,-0.023181236725942318,0.09750050628343246,40.106058693909645,-92.24360919585227,72.1922225099802
2024-09-23 21:22:36.750168,40.72,52.80359,0.0005969341946851222,-0.022982261414192504,0.09789846602079214,40.106058693909645,-92.24360919585227,72.1922225099802
2024-09-23 21:22:36.783264,40.72,52.80359,0.0005969341946851222,-0.022982261414192504,0.09789846602079214,48.12595698684454,-92.24360919585227,72.1922225099802
2024-09-23 21:22:36.795193,40.72,52.80364,0.0007461703303635545,-0.022833026512682618,0.09789846602079214,48.12595698684454,-96.25519929585457,76.200527287817
2024-09-23 21:22:36.837178,40.72,52.80364,0.0007461703303635545,-0.022833026512682618,0.09779897304849887,48.12595698684454,-92.24360919585227,76.200527287817
2024-09-23 21:22:36.848678,40.72,52.803691,0.0013928637326249774,-0.022833026512682618,0.09779897304849887,48.12595698684454,-92.24360919585227,76.200527287817
2024-09-23 21:22:36.880785,40.72,52.803691,0.0013928637326249774,-0.022833026512682618,0.09779897304849887,48.12595698684454,-92.24360919585227,76.200527287817
2024-09-23 21:22:36.893669,40.72,52.803742,0.0013928637326249774,-0.022833026512682618,0.09725178296655933,48.12595698684454,-88.23529758782387,72.1922225099802
2024-09-23 21:22:36.936669,40.72,52.803742,0.000845657606494293,-0.02352945757203875,0.09794820946898543,44.11764879391193,-92.24360919585227,72.1922225099802
2024-09-23 21:22:36.948817,40.72,52.803742,0.000845657606494293,-0.02352945757203875,0.09794820946898543,44.11764879391193,-92.24360919585227,76.200527287817
2024-09-23 21:22:36.980349,40.72,52.803829,0.0008954064660419869,-0.02352945757203875,0.09794820946898543,44.11764879391193,-92.24360919585227,76.200527287817
2024-09-23 21:22:36.991406,40.72,52.803829,0.0008954064660419869,-0.022484804147609512,0.09690356060148622,40.106058693909645,-100.26678939585686,76.200527287817
2024-09-23 21:22:37.034127,41.14,52.80388,0.0012933660135295898,-0.022733528983459317,0.09690356060148622,40.106058693909645,-100.26678939585686,76.200527287817
2024-09-23 21:22:37.046011,41.14,52.80388,0.0012933660135295898,-0.022733528983459317,0.09690356060148622,44.11764879391193,-100.26678939585686,76.200527287817
2024-09-23 21:22:37.077441,41.14,52.80388,0.0012933660135295898,-0.022733528983459317,0.09690356060148622,44.11764879391193,-96.25519929585457,76.200527287817
2024-09-23 21:22:37.130490,41.14,52.803931,0.000845657606494293,-0.023330473146428877,0.09750050628343246,44.11764879391193,-96.25519929585457,76.200527287817
2024-09-23 21:22:37.142403,41.14,52.803931,0.000845657606494293,-0.023330473146428877,0.09750050628343246,48.12595698684454,-96.25519929585457,76.200527287817
2024-09-23 21:22:37.175646,41.14,52.803982,0.000845657606494293,-0.023330473146428877,0.09750050628343246,48.12595698684454,-96.25519929585457,76.200527287817
2024-09-23 21:22:37.186705,41.14,52.803982,0.0004974468710863627,-0.022982261414192504,0.09725178296655933,44.11764879391193,-96.25519929585457,76.200527287817
2024-09-23 21:22:37.229349,41.14,52.804032,0.0006466830067647949,-0.02278327698858263,0.09725178296655933,44.11764879391193,-96.25519929585457,72.1922225099802
2024-09-23 21:22:37.241776,41.14,52.804032,0.0006466830067647949,-0.02278327698858263,0.09745075675933246,44.11764879391193,-96.25519929585457,72.1922225099802
2024-09-23 21:22:37.274977,41.14,52.804032,0.0006466830067647949,-0.02278327698858263,0.09745075675933246,44.11764879391193,-96.25519929585457,76.200527287817
2024-09-23 21:22:37.286385,41.14,52.804121,0.0008954064660419869,-0.0228827638849692,0.09745075675933246,44.11764879391193,-96.25519929585457,76.200527287817
2024-09-23 21:22:37.329187,41.14,52.804172,0.0007959191899112484,-0.0228827638849692,0.09759999317981902,48.12595698684454,-92.24360919585227,76.200527287817
2024-09-23 21:22:37.371363,41.14,52.804172,0.0007959191899112484,-0.022982261414192504,0.09720203344245934,36.09446859390736,-92.24360919585227,76.200527287817
2024-09-23 21:22:37.382744,41.14,52.804268,0.0007959191899112484,-0.022982261414192504,0.09720203344245934,36.09446859390736,-92.24360919585227,76.200527287817
2024-09-23 21:22:37.425484,41.14,52.804268,0.0009451553255896806,-0.022982261414192504,0.09829641968224512,40.106058693909645,-96.25519929585457,72.1922225099802
2024-09-23 21:22:37.467653,41.14,52.804319,0.000845657606494293,-0.022982261414192504,0.09829641968224512,40.106058693909645,-96.25519929585457,72.1922225099802
2024-09-23 21:22:37.479031,41.14,52.804319,0.000845657606494293,-0.0228827638849692,0.09784872257259886,44.11764879391193,-92.24360919585227,72.1922225099802
2024-09-23 21:22:37.522529,41.14,52.80437,0.0006964318663124887,-0.02313149783467906,0.09740101331113918,40.106058693909645,-92.24360919585227,76.200527287817
2024-09-23 21:22:37.565427,41.14,52.80437,0.0006964318663124887,-0.02313149783467906,0.09740101331113918,40.106058693909645,-88.23529758782387,84.22370748782159
2024-09-23 21:22:37.577434,41.14,52.80442,0.00029846189959424716,-0.02338022115155219,0.09740101331113918,40.106058693909645,-88.23529758782387,84.22370748782159
2024-09-23 21:22:37.621057,41.14,52.804471,0.001044642601720419,-0.02367869399252531,0.09740101331113918,44.11764879391193,-92.24360919585227,76.200527287817
2024-09-23 21:22:37.664647,41.14,52.804471,0.001044642601720419,-0.02367869399252531,0.09779897304849887,44.11764879391193,-92.24360919585227,76.200527287817
2024-09-23 21:22:37.676105,41.14,52.804522,0.0004974468710863627,-0.02367869399252531,0.09779897304849887,44.11764879391193,-92.24360919585227,76.200527287817
2024-09-23 21:22:37.718456,41.14,52.804609,0.0004974468710863627,-0.02293251340906919,0.09695331012558621,40.106058693909645,-92.24360919585227,72.1922225099802
2024-09-23 21:22:37.760616,41.14,52.804609,0.0006466830067647949,-0.023230986250042305,0.09695331012558621,40.106058693909645,-92.24360919585227,72.1922225099802
2024-09-23 21:22:37.772651,41.14,52.804609,0.0006466830067647949,-0.023230986250042305,0.09759999317981902,44.11764879391193,-100.26678939585686,80.21211738781929
2024-09-23 21:22:37.815165,41.14,52.80466,0.0005471957306340564,-0.022584292562972758,0.09759999317981902,44.11764879391193,-96.25519929585457,80.21211738781929
2024-09-23 21:22:37.858455,41.14,52.804711,0.0005471957306340564,-0.022584292562972758,0.09759999317981902,44.11764879391193,-96.25519929585457,76.200527287817
2024-09-23 21:22:37.870316,41.14,52.804711,0.0010943914612681128,-0.02293251340906919,0.09745075675933246,48.12595698684454,-96.25519929585457,76.200527287817
2024-09-23 21:22:37.913653,41.14,52.804762,0.0006964318663124887,-0.023280723622328886,0.09680407370509965,48.12595698684454,-96.25519929585457,72.1922225099802
2024-09-23 21:22:37.956752,41.14,52.804762,0.0006964318663124887,-0.023280723622328886,0.09680407370509965,36.09446859390736,-88.23529758782387,80.21211738781929
2024-09-23 21:22:37.969150,41.14,52.804812,0.0007959191899112484,-0.02308174982955575,0.09680407370509965,36.09446859390736,-88.23529758782387,80.21211738781929
2024-09-23 21:22:38.011540,41.14,52.804863,0.0006466830067647949,-0.02308174982955575,0.09710254654607277,48.12595698684454,-92.24360919585227,76.200527287817
2024-09-23 21:22:38.054474,41.06,52.804863,0.0006466830067647949,-0.022982261414192504,0.09705279702197278,40.106058693909645,-92.24360919585227,76.200527287817
2024-09-23 21:22:38.066094,41.06,52.80495,0.0006466830067647949,-0.022982261414192504,0.09705279702197278,40.106058693909645,-100.26678939585686,76.200527287817
2024-09-23 21:22:38.108576,41.06,52.80495,0.0006964318663124887,-0.023230986250042305,0.09705279702197278,40.106058693909645,-100.26678939585686,76.200527287817
2024-09-23 21:22:38.150909,41.06,52.80495,0.0006964318663124887,-0.023230986250042305,0.09710254654607277,44.11764879391193,-100.26678939585686,76.200527287817
2024-09-23 21:22:38.162979,41.06,52.805002,0.000845657606494293,-0.023230986250042305,0.09710254654607277,44.11764879391193,-96.25519929585457,84.22370748782159
2024-09-23 21:22:38.206166,41.06,52.805052,0.000845657606494293,-0.02313149783467906,0.09779897304849887,48.12595698684454,-96.25519929585457,84.22370748782159
2024-09-23 21:22:38.248258,41.06,52.805052,0.0010943914612681128,-0.02338022115155219,0.09779897304849887,48.12595698684454,-96.25519929585457,84.22370748782159
2024-09-23 21:22:38.260298,41.06,52.805052,0.0010943914612681128,-0.02338022115155219,0.09690356060148622,44.11764879391193,-92.24360919585227,76.200527287817
2024-09-23 21:22:38.303746,41.06,52.805103,0.001044642601720419,-0.022982261414192504,0.09789846602079214,44.11764879391193,-96.25519929585457,76.200527287817
2024-09-23 21:22:38.346278,41.06,52.805154,0.001044642601720419,-0.022982261414192504,0.09789846602079214,44.11764879391193,-96.25519929585457,84.22370748782159
2024-09-23 21:22:38.357304,41.06,52.805154,0.00044769805900669,-0.02362894446842532,0.09755024973162574,36.09446859390736,-96.25519929585457,84.22370748782159
2024-09-23 21:22:38.399735,41.06,52.805244,0.0006466830067647949,-0.02263404056809607,0.09755024973162574,36.09446859390736,-96.25519929585457,80.21211738781929
2024-09-23 21:22:38.411766,41.06,52.805244,0.0006466830067647949,-0.02263404056809607,0.09710254654607277,36.09446859390736,-96.25519929585457,80.21211738781929
2024-09-23 21:22:38.444955,41.06,52.805244,0.0006466830067647949,-0.02263404056809607,0.09710254654607277,36.09446859390736,-88.23529758782387,72.1922225099802
2024-09-23 21:22:38.456295,41.06,52.805295,0.0005969341946851222,-0.02338022115155219,0.09710254654607277,36.09446859390736,-88.23529758782387,72.1922225099802
2024-09-23 21:22:38.498969,41.06,52.805346,0.0013928637326249774,-0.02338022115155219,0.09710254654607277,44.11764879391193,-92.24360919585227,80.21211738781929
2024-09-23 21:22:38.542250,41.06,52.805346,0.0013928637326249774,-0.022833026512682618,0.09764974270391902,40.106058693909645,-92.24360919585227,80.21211738781929
2024-09-23 21:22:38.557081,41.06,52.805438,0.0013928637326249774,-0.022833026512682618,0.09764974270391902,40.106058693909645,-92.24360919585227,76.200527287817
2024-09-23 21:22:38.589019,41.06,52.805438,0.0011938787373988514,-0.0228827638849692,0.09764974270391902,40.106058693909645,-92.24360919585227,76.200527287817
2024-09-23 21:22:38.600589,41.06,52.805438,0.0011938787373988514,-0.0228827638849692,0.09784872257259886,44.11764879391193,-92.24360919585227,80.21211738781929
2024-09-23 21:22:38.642708,41.06,52.805489,0.0007959191899112484,-0.023330473146428877,0.09715228999426605,44.11764879391193,-92.24360919585227,80.21211738781929
2024-09-23 21:22:38.654495,41.06,52.805489,0.0007959191899112484,-0.023330473146428877,0.09715228999426605,44.11764879391193,-88.23529758782387,80.21211738781929
2024-09-23 21:22:38.687090,41.06,52.80554,0.0007959191899112484,-0.023330473146428877,0.09715228999426605,44.11764879391193,-88.23529758782387,80.21211738781929
2024-09-23 21:22:38.698930,41.06,52.80554,0.0011938787373988514,-0.022584292562972758,0.09750050628343246,44.11764879391193,-88.23529758782387,80.21211738781929
2024-09-23 21:22:38.741980,41.06,52.80559,0.001044642601720419,-0.023280723622328886,0.09720203344245934,44.11764879391193,-88.23529758782387,80.21211738781929
2024-09-23 21:22:38.784245,41.06,52.80559,0.001044642601720419,-0.023280723622328886,0.09720203344245934,40.106058693909645,-100.26678939585686,80.21211738781929
2024-09-23 21:22:38.796175,41.06,52.805641,0.0006466830067647949,-0.022484804147609512,0.09720203344245934,40.106058693909645,-100.26678939585686,72.1922225099802
2024-09-23 21:22:38.839373,41.06,52.805692,0.0011441298778511575,-0.022484804147609512,0.09779897304849887,40.106058693909645,-92.24360919585227,76.200527287817
2024-09-23 21:22:38.881446,41.06,52.805692,0.0011441298778511575,-0.02303200030545576,0.09794820946898543,40.106058693909645,-92.24360919585227,76.200527287817
2024-09-23 21:22:38.892854,41.06,52.805779,0.0011441298778511575,-0.02303200030545576,0.09794820946898543,48.12595698684454,-96.25519929585457,80.21211738781929
2024-09-23 21:22:38.936301,41.06,52.805779,0.0005969341946851222,-0.023181236725942318,0.09774922960030558,28.07457030097246,-88.23529758782387,76.200527287817
2024-09-23 21:22:38.979342,41.06,52.80583,0.0005969341946851222,-0.023181236725942318,0.09774922960030558,28.07457030097246,-88.23529758782387,76.200527287817
2024-09-23 21:22:38.991011,41.06,52.80583,0.0005471957306340564,-0.02263404056809607,0.09745075675933246,44.11764879391193,-100.26678939585686,76.200527287817
2024-09-23 21:22:39.033211,41.06,52.805881,0.0005471957306340564,-0.023181236725942318,0.09725178296655933,44.11764879391193,-100.26678939585686,80.21211738781929
2024-09-23 21:22:39.045432,41.06,52.805881,0.0005471957306340564,-0.023181236725942318,0.09725178296655933,40.106058693909645,-100.26678939585686,80.21211738781929
2024-09-23 21:22:39.077829,41.03,52.805932,0.0005471957306340564,-0.023181236725942318,0.09725178296655933,40.106058693909645,-92.24360919585227,76.200527287817
2024-09-23 21:22:39.088953,41.03,52.805932,0.0012436275969465451,-0.02278327698858263,0.09759999317981902,40.106058693909645,-92.24360919585227,76.200527287817
2024-09-23 21:22:39.131033,41.03,52.805982,0.0013928637326249774,-0.02278327698858263,0.09759999317981902,48.12595698684454,-96.25519929585457,76.200527287817
2024-09-23 21:22:39.143120,41.03,52.805982,0.0013928637326249774,-0.02338022115155219,0.09759999317981902,48.12595698684454,-96.25519929585457,76.200527287817
2024-09-23 21:22:39.175925,41.03,52.805982,0.0013928637326249774,-0.02338022115155219,0.09705279702197278,44.11764879391193,-96.25519929585457,76.200527287817
2024-09-23 21:22:39.187265,41.03,52.806033,0.0004974468710863627,-0.02338022115155219,0.09705279702197278,44.11764879391193,-96.25519929585457,76.200527287817
2024-09-23 21:22:39.229906,41.03,52.80612,0.0004974468710863627,-0.02338022115155219,0.09720203344245934,36.09446859390736,-92.24360919585227,76.200527287817
2024-09-23 21:22:39.273911,41.03,52.80612,0.0006964318663124887,-0.02278327698858263,0.09745075675933246,36.09446859390736,-92.24360919585227,76.200527287817
2024-09-23 21:22:39.286640,41.03,52.80612,0.0006964318663124887,-0.02278327698858263,0.09745075675933246,48.12595698684454,-96.25519929585457,72.1922225099802
2024-09-23 21:22:39.319550,41.03,52.806172,0.0006964318663124887,-0.02278327698858263,0.09745075675933246,48.12595698684454,-96.25519929585457,72.1922225099802
2024-09-23 21:22:39.330566,41.03,52.806172,0.0010943914612681128,-0.02303200030545576,0.09755024973162574,44.11764879391193,-96.25519929585457,72.1922225099802
2024-09-23 21:22:39.372421,41.03,52.806222,0.00034821073540793035,-0.022833026512682618,0.09755024973162574,44.11764879391193,-96.25519929585457,76.200527287817
2024-09-23 21:22:39.384640,41.03,52.806222,0.00034821073540793035,-0.022833026512682618,0.09755024973162574,44.11764879391193,-96.25519929585457,76.200527287817
2024-09-23 21:22:39.418227,41.03,52.806222,0.00034821073540793035,-0.022833026512682618,0.09755024973162574,44.11764879391193,-92.24360919585227,76.200527287817
2024-09-23 21:22:39.429247,41.03,52.806273,0.0007461703303635545,-0.022833026512682618,0.0973015264147526,44.11764879391193,-92.24360919585227,76.200527287817
2024-09-23 21:22:39.471568,41.03,52.806324,0.0007461703303635545,-0.022833026512682618,0.0973015264147526,40.106058693909645,-92.24360919585227,76.200527287817
2024-09-23 21:22:39.483236,41.03,52.806324,0.0013928637326249774,-0.0228827638849692,0.0973015264147526,40.106058693909645,-92.24360919585227,76.200527287817
2024-09-23 21:22:39.516261,41.03,52.806324,0.0013928637326249774,-0.0228827638849692,0.09745075675933246,44.11764879391193,-92.24360919585227,76.200527287817
2024-09-23 21:22:39.527737,41.03,52.806374,0.0011441298778511575,-0.0228827638849692,0.09745075675933246,44.11764879391193,-96.25519929585457,72.1922225099802
2024-09-23 21:22:39.570820,41.03,52.806461,0.0011441298778511575,-0.022833026512682618,0.09854515515093167,52.137550501942634,-96.25519929585457,72.1922225099802
2024-09-23 21:22:39.613170,41.03,52.806461,0.0006466830067647949,-0.02308174982955575,0.09854515515093167,52.137550501942634,-96.25519929585457,72.1922225099802
2024-09-23 21:22:39.624978,41.03,52.806461,0.0006466830067647949,-0.02308174982955575,0.09779897304849887,40.106058693909645,-88.23529758782387,76.200527287817
2024-09-23 21:22:39.668963,41.03,52.806513,0.0007959191899112484,-0.02313149783467906,0.09774922960030558,36.09446859390736,-88.23529758782387,76.200527287817
2024-09-23 21:22:39.711441,41.03,52.806563,0.0008954064660419869,-0.02313149783467906,0.09774922960030558,36.09446859390736,-88.23529758782387,76.200527287817
2024-09-23 21:22:39.722700,41.03,52.806563,0.0008954064660419869,-0.023280723622328886,0.09695331012558621,44.11764879391193,-88.23529758782387,76.200527287817
2024-09-23 21:22:39.765429,41.03,52.806614,0.0007959191899112484,-0.023330473146428877,0.0973512698629459,44.11764879391193,-84.22370748782159,76.200527287817
2024-09-23 21:22:39.808571,41.03,52.806614,0.0007959191899112484,-0.023330473146428877,0.0973512698629459,44.11764879391193,-96.25519929585457,76.200527287817
2024-09-23 21:22:39.819870,41.03,52.806665,0.0007461703303635545,-0.02268379009219606,0.0973512698629459,44.11764879391193,-96.25519929585457,80.21211738781929
2024-09-23 21:22:39.863425,41.03,52.806715,0.0007461703303635545,-0.02268379009219606,0.09794820946898543,48.12595698684454,-96.25519929585457,80.21211738781929
2024-09-23 21:22:39.874796,41.03,52.806715,0.0004974468710863627,-0.02268379009219606,0.09794820946898543,48.12595698684454,-96.25519929585457,80.21211738781929
2024-09-23 21:22:39.907885,41.03,52.806715,0.0004974468710863627,-0.022733528983459317,0.09755024973162574,40.106058693909645,-92.24360919585227,80.21211738781929
2024-09-23 21:22:39.919566,41.03,52.806803,0.0004974468710863627,-0.022733528983459317,0.09755024973162574,40.106058693909645,-92.24360919585227,80.21211738781929
2024-09-23 21:22:39.962349,41.03,52.806803,0.0011938787373988514,-0.02313149783467906,0.09720203344245934,44.11764879391193,-96.25519929585457,76.200527287817
2024-09-23 21:22:40.004430,41.03,52.806854,0.0013431148730772837,-0.02268379009219606,0.09720203344245934,44.11764879391193,-96.25519929585457,76.200527287817
2024-09-23 21:22:40.015594,41.03,52.806854,0.0013431148730772837,-0.02268379009219606,0.09814718933766527,40.106058693909645,-92.24360919585227,76.200527287817
2024-09-23 21:22:40.059024,41.03,52.806905,0.0006466830067647949,-0.02308174982955575,0.09740101331113918,36.09446859390736,-92.24360919585227,76.200527287817
2024-09-23 21:22:40.101423,41.54,52.806905,0.0006466830067647949,-0.02308174982955575,0.09740101331113918,36.09446859390736,-92.24360919585227,76.200527287817
2024-09-23 21:22:40.113287,41.54,52.806955,0.0012436275969465451,-0.02352945757203875,0.09740101331113918,36.09446859390736,-92.24360919585227,76.200527287817
2024-09-23 21:22:40.156476,41.54,52.807006,0.0013431148730772837,-0.023181236725942318,0.09740101331113918,44.11764879391193,-92.24360919585227,80.21211738781929
2024-09-23 21:22:40.199705,41.54,52.807006,0.0013431148730772837,-0.023181236725942318,0.09759999317981902,40.106058693909645,-96.25519929585457,80.21211738781929
2024-09-23 21:22:40.211128,41.54,52.807057,0.0011938787373988514,-0.023181236725942318,0.09759999317981902,40.106058693909645,-96.25519929585457,76.200527287817
2024-09-23 21:22:40.253878,41.54,52.807144,0.0011938787373988514,-0.023280723622328886,0.09750050628343246,32.08287849390507,-88.23529758782387,80.21211738781929
2024-09-23 21:22:40.297582,41.54,52.807144,0.0003979595949556242,-0.02338022115155219,0.0976994861521123,32.08287849390507,-88.23529758782387,80.21211738781929
2024-09-23 21:22:40.309431,41.54,52.807144,0.0003979595949556242,-0.02338022115155219,0.0976994861521123,48.12595698684454,-100.26678939585686,68.18063240997792
2024-09-23 21:22:40.352038,41.54,52.807195,0.0003979595949556242,-0.02338022115155219,0.0976994861521123,48.12595698684454,-100.26678939585686,68.18063240997792
2024-09-23 21:22:40.394912,41.54,52.807195,0.0012436275969465451,-0.023877669304275123,0.09755024973162574,48.12595698684454,-100.26678939585686,68.18063240997792
2024-09-23 21:22:40.406494,41.54,52.807195,0.0012436275969465451,-0.023877669304275123,0.09755024973162574,32.08287849390507,-88.23529758782387,72.1922225099802
2024-09-23 21:22:40.449073,41.54,52.807246,0.001044642601720419,-0.02338022115155219,0.09710254654607277,36.09446859390736,-84.22370748782159,72.1922225099802
2024-09-23 21:22:40.543429,41.54,52.807297,0.0006964318663124887,-0.02293251340906919,0.09710254654607277,36.09446859390736,-84.22370748782159,76.200527287817
2024-09-23 21:22:40.586053,41.54,52.807297,0.0006964318663124887,-0.02293251340906919,0.0976994861521123,36.09446859390736,-84.22370748782159,76.200527287817
2024-09-23 21:22:40.597460,41.54,52.807348,0.00029846189959424716,-0.02293251340906919,0.0976994861521123,48.12595698684454,-96.25519929585457,76.200527287817
2024-09-23 21:22:40.640305,41.54,52.807348,0.00029846189959424716,-0.023181236725942318,0.0976994861521123,32.08287849390507,-100.26678939585686,76.200527287817
2024-09-23 21:22:40.652046,41.54,52.807398,0.00029846189959424716,-0.023181236725942318,0.0976994861521123,32.08287849390507,-100.26678939585686,76.200527287817
2024-09-23 21:22:40.685777,41.54,52.807398,0.0007959191899112484,-0.023230986250042305,0.0976994861521123,32.08287849390507,-100.26678939585686,76.200527287817
2024-09-23 21:22:40.697406,41.54,52.807398,0.0007959191899112484,-0.023230986250042305,0.09764974270391902,36.09446859390736,-96.25519929585457,72.1922225099802
2024-09-23 21:22:40.740322,41.54,52.807488,0.000845657606494293,-0.022982261414192504,0.09750050628343246,32.08287849390507,-96.25519929585457,72.1922225099802
2024-09-23 21:22:40.782742,41.54,52.807583,0.000845657606494293,-0.022982261414192504,0.09750050628343246,32.08287849390507,-96.25519929585457,84.22370748782159
2024-09-23 21:22:40.794671,41.54,52.807583,0.000845657606494293,-0.023429960042815445,0.0973512698629459,32.08287849390507,-96.25519929585457,84.22370748782159
2024-09-23 21:22:40.837667,41.54,52.807682,0.00044769805900669,-0.02303200030545576,0.0973512698629459,32.08287849390507,-96.25519929585457,76.200527287817
2024-09-23 21:22:40.849579,41.54,52.807682,0.00044769805900669,-0.02303200030545576,0.09745075675933246,32.08287849390507,-96.25519929585457,76.200527287817
2024-09-23 21:22:40.882592,41.54,52.807682,0.00044769805900669,-0.02303200030545576,0.09745075675933246,40.106058693909645,-96.25519929585457,76.200527287817
2024-09-23 21:22:40.894056,41.54,52.807732,0.0007461703303635545,-0.02303200030545576,0.09745075675933246,40.106058693909645,-96.25519929585457,76.200527287817
2024-09-23 21:22:40.937704,41.54,52.807783,0.0005471957306340564,-0.02303200030545576,0.09764974270391902,40.106058693909645,-92.24360919585227,80.21211738781929
2024-09-23 21:22:40.980197,41.54,52.807783,0.0005471957306340564,-0.023280723622328886,0.09759999317981902,36.09446859390736,-92.24360919585227,80.21211738781929
2024-09-23 21:22:40.991812,41.54,52.807875,0.0005471957306340564,-0.023280723622328886,0.09759999317981902,36.09446859390736,-88.23529758782387,80.21211738781929
2024-09-23 21:22:41.034701,41.54,52.807875,0.00029846189959424716,-0.02352945757203875,0.0973512698629459,44.11764879391193,-96.25519929585457,80.21211738781929
2024-09-23 21:22:41.046624,41.54,52.807875,0.00029846189959424716,-0.02352945757203875,0.0973512698629459,44.11764879391193,-96.25519929585457,76.200527287817
2024-09-23 21:22:41.079196,41.54,52.807927,0.0006466830067647949,-0.022982261414192504,0.09779897304849887,44.11764879391193,-96.25519929585457,76.200527287817
2024-09-23 21:22:41.090242,41.54,52.807927,0.0006466830067647949,-0.022982261414192504,0.09779897304849887,40.106058693909645,-92.24360919585227,76.200527287817
2024-09-23 21:22:41.122726,41.45,52.807927,0.0006466830067647949,-0.022982261414192504,0.09779897304849887,40.106058693909645,-92.24360919585227,72.1922225099802
2024-09-23 21:22:41.134180,41.45,52.807977,0.0006466830067647949,-0.022982261414192504,0.09779897304849887,40.106058693909645,-92.24360919585227,72.1922225099802
2024-09-23 21:22:41.176548,41.45,52.807977,0.0006964318663124887,-0.02263404056809607,0.09745075675933246,40.106058693909645,-92.24360919585227,72.1922225099802
2024-09-23 21:22:41.220830,41.45,52.807977,0.0006964318663124887,-0.02263404056809607,0.09745075675933246,44.11764879391193,-92.24360919585227,72.1922225099802
2024-09-23 21:22:41.231944,41.45,52.808028,0.0011938787373988514,-0.023280723622328886,0.09745075675933246,44.11764879391193,-84.22370748782159,68.18063240997792
2024-09-23 21:22:41.274290,41.45,52.808028,0.0011938787373988514,-0.023280723622328886,0.09740101331113918,44.11764879391193,-88.23529758782387,72.1922225099802
2024-09-23 21:22:41.286129,41.45,52.808079,0.0005969341946851222,-0.023280723622328886,0.09740101331113918,44.11764879391193,-88.23529758782387,72.1922225099802
2024-09-23 21:22:41.319201,41.45,52.808079,0.0005969341946851222,-0.023728432883788564,0.09789846602079214,44.11764879391193,-88.23529758782387,72.1922225099802
2024-09-23 21:22:41.330504,41.45,52.808129,0.0005969341946851222,-0.023728432883788564,0.09789846602079214,48.12595698684454,-96.25519929585457,76.200527287817
2024-09-23 21:22:41.373674,41.45,52.808129,0.0011441298778511575,-0.02338022115155219,0.09774922960030558,36.09446859390736,-92.24360919585227,76.200527287817
2024-09-23 21:22:41.384869,41.45,52.808129,0.0011441298778511575,-0.02338022115155219,0.09774922960030558,36.09446859390736,-92.24360919585227,68.18063240997792
2024-09-23 21:22:41.417013,41.45,52.808216,0.0006466830067647949,-0.02338022115155219,0.09774922960030558,36.09446859390736,-92.24360919585227,68.18063240997792
2024-09-23 21:22:41.429371,41.45,52.808216,0.0006466830067647949,-0.02308174982955575,0.09779897304849887,40.106058693909645,-92.24360919585227,68.18063240997792
2024-09-23 21:22:41.472989,41.45,52.808315,0.0007959191899112484,-0.023280723622328886,0.09740101331113918,40.106058693909645,-92.24360919585227,76.200527287817
2024-09-23 21:22:41.516409,41.45,52.808366,0.0007959191899112484,-0.023280723622328886,0.09740101331113918,40.106058693909645,-88.23529758782387,72.1922225099802
2024-09-23 21:22:41.527752,41.45,52.808366,0.001044642601720419,-0.0228827638849692,0.09759999317981902,40.106058693909645,-88.23529758782387,72.1922225099802
2024-09-23 21:22:41.571392,41.45,52.808417,0.0008954064660419869,-0.023330473146428877,0.09759999317981902,40.106058693909645,-84.22370748782159,72.1922225099802
2024-09-23 21:22:41.613625,41.45,52.808417,0.0008954064660419869,-0.023330473146428877,0.09725178296655933,44.11764879391193,-96.25519929585457,72.1922225099802
2024-09-23 21:22:41.624992,41.45,52.808467,0.0007461703303635545,-0.023330473146428877,0.09725178296655933,44.11764879391193,-96.25519929585457,72.1922225099802
2024-09-23 21:22:41.667593,41.45,52.808558,0.0007461703303635545,-0.0228827638849692,0.09750050628343246,44.11764879391193,-88.23529758782387,80.21211738781929
2024-09-23 21:22:41.711791,41.45,52.808558,0.0010943914612681128,-0.023429960042815445,0.09745075675933246,44.11764879391193,-88.23529758782387,80.21211738781929
2024-09-23 21:22:41.723043,41.45,52.808558,0.0010943914612681128,-0.023429960042815445,0.09745075675933246,40.106058693909645,-96.25519929585457,76.200527287817
2024-09-23 21:22:41.765150,41.45,52.808609,0.0006466830067647949,-0.02278327698858263,0.09745075675933246,40.106058693909645,-96.25519929585457,76.200527287817
2024-09-23 21:22:41.807977,41.45,52.808609,0.0006466830067647949,-0.02278327698858263,0.0973015264147526,44.11764879391193,-96.25519929585457,76.200527287817
2024-09-23 21:22:41.819421,41.45,52.80866,0.0005969341946851222,-0.02278327698858263,0.0973015264147526,44.11764879391193,-96.25519929585457,76.200527287817
2024-09-23 21:22:41.862059,41.45,52.808711,0.0005969341946851222,-0.023230986250042305,0.0973512698629459,40.106058693909645,-100.26678939585686,72.1922225099802
2024-09-23 21:22:41.904435,41.45,52.808711,0.000845657606494293,-0.0228827638849692,0.0973512698629459,40.106058693909645,-100.26678939585686,72.1922225099802
2024-09-23 21:22:41.915548,41.45,52.808711,0.000845657606494293,-0.0228827638849692,0.09725178296655933,40.106058693909645,-92.24360919585227,76.200527287817
2024-09-23 21:22:41.958923,41.45,52.808762,0.0007959191899112484,-0.02367869399252531,0.09745075675933246,40.106058693909645,-92.24360919585227,76.200527287817
2024-09-23 21:22:41.970590,41.45,52.808762,0.0007959191899112484,-0.02367869399252531,0.09745075675933246,40.106058693909645,-88.23529758782387,76.200527287817
2024-09-23 21:22:42.002511,41.45,52.808812,0.0010943914612681128,-0.02367869399252531,0.09745075675933246,40.106058693909645,-88.23529758782387,80.21211738781929
2024-09-23 21:22:42.013915,41.45,52.808812,0.0010943914612681128,-0.02338022115155219,0.09789846602079214,40.106058693909645,-88.23529758782387,80.21211738781929
2024-09-23 21:22:42.056663,41.45,52.8089,0.0004974468710863627,-0.023330473146428877,0.09755024973162574,40.106058693909645,-96.25519929585457,72.1922225099802
2024-09-23 21:22:42.099337,41.45,52.8089,0.0004974468710863627,-0.023330473146428877,0.09755024973162574,44.11764879391193,-92.24360919585227,72.1922225099802
2024-09-23 21:22:42.110890,41.45,52.808951,0.000845657606494293,-0.023280723622328886,0.09755024973162574,44.11764879391193,-92.24360919585227,80.21211738781929
2024-09-23 21:22:42.153613,41.31,52.809002,0.000845657606494293,-0.023280723622328886,0.0976994861521123,40.106058693909645,-96.25519929585457,80.21211738781929
2024-09-23 21:22:42.165625,41.31,52.809002,0.00034821073540793035,-0.023280723622328886,0.0976994861521123,40.106058693909645,-96.25519929585457,80.21211738781929
2024-09-23 21:22:42.198698,41.31,52.809002,0.00034821073540793035,-0.023280723622328886,0.0976994861521123,36.09446859390736,-96.25519929585457,80.21211738781929
2024-09-23 21:22:42.210147,41.31,52.809094,0.00034821073540793035,-0.023280723622328886,0.0976994861521123,36.09446859390736,-92.24360919585227,76.200527287817
2024-09-23 21:22:42.252724,41.31,52.809094,0.00044769805900669,-0.023230986250042305,0.09705279702197278,44.11764879391193,-100.26678939585686,76.200527287817
2024-09-23 21:22:42.294822,41.31,52.809145,0.0006964318663124887,-0.023230986250042305,0.09705279702197278,44.11764879391193,-100.26678939585686,76.200527287817
2024-09-23 21:22:42.306464,41.31,52.809145,0.0006964318663124887,-0.02338022115155219,0.09789846602079214,48.12595698684454,-92.24360919585227,76.200527287817
2024-09-23 21:22:42.350300,41.31,52.809196,0.00044769805900669,-0.023280723622328886,0.09705279702197278,40.106058693909645,-92.24360919585227,76.200527287817
2024-09-23 21:22:42.394237,41.31,52.809247,0.00044769805900669,-0.023280723622328886,0.09705279702197278,40.106058693909645,-96.25519929585457,80.21211738781929
2024-09-23 21:22:42.405476,41.31,52.809247,0.0003979595949556242,-0.02308174982955575,0.09750050628343246,40.106058693909645,-96.25519929585457,80.21211738781929
2024-09-23 21:22:42.490996,41.31,52.809247,0.0003979595949556242,-0.02308174982955575,0.09750050628343246,32.08287849390507,-92.24360919585227,84.22370748782159
2024-09-23 21:22:42.502179,41.31,52.809297,0.0004974468710863627,-0.02308174982955575,0.09750050628343246,32.08287849390507,-92.24360919585227,84.22370748782159
2024-09-23 21:22:42.543915,41.31,52.809297,0.0004974468710863627,-0.0228827638849692,0.09745075675933246,40.106058693909645,-100.26678939585686,84.22370748782159
2024-09-23 21:22:42.556141,41.31,52.809348,0.0004974468710863627,-0.0228827638849692,0.09745075675933246,40.106058693909645,-100.26678939585686,84.22370748782159
2024-09-23 21:22:42.588844,41.31,52.809348,0.0005969341946851222,-0.02308174982955575,0.09745075675933246,40.106058693909645,-100.26678939585686,84.22370748782159
2024-09-23 21:22:42.600761,41.31,52.809348,0.0005969341946851222,-0.02308174982955575,0.09789846602079214,44.11764879391193,-92.24360919585227,72.1922225099802
2024-09-23 21:22:42.643617,41.31,52.809435,0.00034821073540793035,-0.02308174982955575,0.09725178296655933,36.09446859390736,-96.25519929585457,72.1922225099802
2024-09-23 21:22:42.685453,41.31,52.809487,0.0007461703303635545,-0.02308174982955575,0.09725178296655933,36.09446859390736,-96.25519929585457,76.200527287817
2024-09-23 21:22:42.697792,41.31,52.809487,0.0007461703303635545,-0.02278327698858263,0.09774922960030558,40.106058693909645,-96.25519929585457,76.200527287817
2024-09-23 21:22:42.741468,41.31,52.809582,0.0007461703303635545,-0.02308174982955575,0.09695331012558621,40.106058693909645,-96.25519929585457,72.1922225099802
2024-09-23 21:22:42.783131,41.31,52.809582,0.0007461703303635545,-0.02308174982955575,0.09695331012558621,40.106058693909645,-92.24360919585227,80.21211738781929
2024-09-23 21:22:42.794997,41.31,52.809633,0.0004974468710863627,-0.02278327698858263,0.09695331012558621,40.106058693909645,-92.24360919585227,80.21211738781929
2024-09-23 21:22:42.838424,41.31,52.809633,0.0004974468710863627,-0.02278327698858263,0.09710254654607277,44.11764879391193,-92.24360919585227,80.21211738781929
2024-09-23 21:22:42.881899,41.31,52.809684,0.0004974468710863627,-0.02278327698858263,0.09710254654607277,44.11764879391193,-92.24360919585227,80.21211738781929
2024-09-23 21:22:42.892981,41.31,52.809684,0.0004974468710863627,-0.022982261414192504,0.0970030596496862,44.11764879391193,-92.24360919585227,80.21211738781929
2024-09-23 21:22:42.936137,41.31,52.809776,0.001044642601720419,-0.022982261414192504,0.0970030596496862,40.106058693909645,-96.25519929585457,76.200527287817
2024-09-23 21:22:42.979190,41.31,52.809776,0.001044642601720419,-0.022982261414192504,0.09740101331113918,40.106058693909645,-100.26678939585686,76.200527287817
2024-09-23 21:22:42.990377,41.31,52.809828,0.0011441298778511575,-0.022982261414192504,0.09740101331113918,40.106058693909645,-100.26678939585686,72.1922225099802
2024-09-23 21:22:43.034144,41.31,52.809879,0.0011441298778511575,-0.0228827638849692,0.09680407370509965,44.11764879391193,-96.25519929585457,72.1922225099802
2024-09-23 21:22:43.077308,41.31,52.809879,0.0005969341946851222,-0.02303200030545576,0.09745075675933246,44.11764879391193,-96.25519929585457,72.1922225099802
2024-09-23 21:22:43.088979,41.31,52.809879,0.0005969341946851222,-0.02303200030545576,0.09745075675933246,44.11764879391193,-96.25519929585457,76.200527287817
2024-09-23 21:22:43.120668,41.31,52.809972,0.0005969341946851222,-0.02303200030545576,0.09745075675933246,44.11764879391193,-96.25519929585457,76.200527287817
2024-09-23 21:22:43.132029,41.31,52.809972,0.0004974468710863627,-0.0228827638849692,0.09799795899308542,36.09446859390736,-92.24360919585227,76.200527287817
2024-09-23 21:22:43.174277,41.04,52.810023,0.0005471957306340564,-0.0228827638849692,0.09799795899308542,36.09446859390736,-92.24360919585227,80.21211738781929
2024-09-23 21:22:43.185366,41.04,52.810023,0.0005471957306340564,-0.023778180888911878,0.09695331012558621,40.106058693909645,-92.24360919585227,80.21211738781929
2024-09-23 21:22:43.228606,41.04,52.810074,0.0006466830067647949,-0.023778180888911878,0.09695331012558621,40.106058693909645,-92.24360919585227,80.21211738781929
2024-09-23 21:22:43.323603,41.04,52.810074,0.0006466830067647949,-0.02362894446842532,0.09725178296655933,40.106058693909645,-88.23529758782387,72.1922225099802
2024-09-23 21:22:43.336200,41.04,52.810125,0.0006466830067647949,-0.02362894446842532,0.09725178296655933,40.106058693909645,-88.23529758782387,72.1922225099802
2024-09-23 21:22:43.368548,41.04,52.810125,0.0008954064660419869,-0.023330473146428877,0.09759999317981902,40.106058693909645,-88.23529758782387,72.1922225099802
2024-09-23 21:22:43.379724,41.04,52.810125,0.0008954064660419869,-0.023330473146428877,0.09759999317981902,44.11764879391193,-92.24360919585227,72.1922225099802
2024-09-23 21:22:43.422806,41.04,52.810176,0.0006466830067647949,-0.022833026512682618,0.09720203344245934,40.106058693909645,-96.25519929585457,72.1922225099802
2024-09-23 21:22:43.466579,41.04,52.810264,0.0007461703303635545,-0.022833026512682618,0.09720203344245934,40.106058693909645,-96.25519929585457,76.200527287817
2024-09-23 21:22:43.478631,41.04,52.810264,0.0007461703303635545,-0.023181236725942318,0.09750050628343246,44.11764879391193,-96.25519929585457,76.200527287817
2024-09-23 21:22:43.511121,41.04,52.810264,0.0007461703303635545,-0.023181236725942318,0.09750050628343246,44.11764879391193,-96.25519929585457,76.200527287817
2024-09-23 21:22:43.522399,41.04,52.810315,0.0007959191899112484,-0.0228827638849692,0.09720203344245934,44.11764879391193,-96.25519929585457,76.200527287817
2024-09-23 21:22:43.565053,41.04,52.810412,0.0007959191899112484,-0.0228827638849692,0.09720203344245934,48.12595698684454,-96.25519929585457,76.200527287817
2024-09-23 21:22:43.576542,41.04,52.810412,0.0007461703303635545,-0.02303200030545576,0.09720203344245934,48.12595698684454,-96.25519929585457,76.200527287817
2024-09-23 21:22:43.609197,41.04,52.810412,0.0007461703303635545,-0.02303200030545576,0.0973512698629459,48.12595698684454,-96.25519929585457,76.200527287817
2024-09-23 21:22:43.621153,41.04,52.810463,0.0007959191899112484,-0.02303200030545576,0.0973512698629459,44.11764879391193,-92.24360919585227,72.1922225099802
2024-09-23 21:22:43.664484,41.04,52.810463,0.0007959191899112484,-0.02278327698858263,0.09764974270391902,44.11764879391193,-92.24360919585227,76.200527287817
2024-09-23 21:22:43.676636,41.04,52.810556,0.0007959191899112484,-0.02278327698858263,0.09764974270391902,44.11764879391193,-92.24360919585227,76.200527287817
2024-09-23 21:22:43.708457,41.04,52.810556,0.0009948937421727254,-0.02303200030545576,0.09764974270391902,44.11764879391193,-92.24360919585227,76.200527287817
2024-09-23 21:22:43.720187,41.04,52.810556,0.0009948937421727254,-0.02303200030545576,0.0976994861521123,48.12595698684454,-92.24360919585227,76.200527287817
2024-09-23 21:22:43.806217,41.04,52.810556,0.0009948937421727254,-0.02303200030545576,0.0976994861521123,48.12595698684454,-92.24360919585227,76.200527287817
2024-09-23 21:22:43.818389,41.04,52.810608,0.0006466830067647949,-0.02303200030545576,0.0976994861521123,48.12595698684454,-92.24360919585227,76.200527287817
2024-09-23 21:22:43.861700,41.04,52.810659,0.0006466830067647949,-0.023181236725942318,0.09759999317981902,44.11764879391193,-92.24360919585227,72.1922225099802
2024-09-23 21:22:43.904207,41.04,52.810659,0.0007959191899112484,-0.02313149783467906,0.09759999317981902,44.11764879391193,-92.24360919585227,72.1922225099802
2024-09-23 21:22:43.915241,41.04,52.810659,0.0007959191899112484,-0.02313149783467906,0.0973015264147526,36.09446859390736,-84.22370748782159,80.21211738781929
2024-09-23 21:22:43.957273,41.04,52.810709,0.0006964318663124887,-0.02263404056809607,0.09725178296655933,32.08287849390507,-84.22370748782159,80.21211738781929
2024-09-23 21:22:43.969724,41.04,52.810709,0.0006964318663124887,-0.02263404056809607,0.09725178296655933,32.08287849390507,-92.24360919585227,80.21211738781929
2024-09-23 21:22:44.002403,41.04,52.81076,0.0009451553255896806,-0.02263404056809607,0.09725178296655933,32.08287849390507,-92.24360919585227,76.200527287817
2024-09-23 21:22:44.014106,41.04,52.81076,0.0009451553255896806,-0.022833026512682618,0.09750050628343246,48.12595698684454,-92.24360919585227,76.200527287817
2024-09-23 21:22:44.056987,41.04,52.810898,0.0006964318663124887,-0.023230986250042305,0.0973512698629459,48.12595698684454,-88.23529758782387,76.200527287817
2024-09-23 21:22:44.099931,41.04,52.810898,0.0006964318663124887,-0.023230986250042305,0.0973512698629459,44.11764879391193,-92.24360919585227,76.200527287817
2024-09-23 21:22:44.112101,41.04,52.81095,0.0013431148730772837,-0.02278327698858263,0.0973512698629459,44.11764879391193,-92.24360919585227,80.21211738781929
2024-09-23 21:22:44.154488,41.04,52.811,0.0005471957306340564,-0.02278327698858263,0.09720203344245934,48.12595698684454,-92.24360919585227,80.21211738781929
2024-09-23 21:22:44.197636,41.24,52.811,0.0005471957306340564,-0.023181236725942318,0.09784872257259886,40.106058693909645,-92.24360919585227,80.21211738781929
2024-09-23 21:22:44.209268,41.24,52.811093,0.0005471957306340564,-0.023181236725942318,0.09784872257259886,40.106058693909645,-88.23529758782387,80.21211738781929
2024-09-23 21:22:44.242780,41.24,52.811093,0.0010943914612681128,-0.023181236725942318,0.09784872257259886,40.106058693909645,-88.23529758782387,80.21211738781929
2024-09-23 21:22:44.253832,41.24,52.811093,0.0010943914612681128,-0.02313149783467906,0.0973512698629459,32.08287849390507,-104.27510100388527,72.1922225099802
2024-09-23 21:22:44.296234,41.24,52.811144,0.00014922575204880957,-0.023230986250042305,0.09755024973162574,32.08287849390507,-104.27510100388527,72.1922225099802
2024-09-23 21:22:44.307912,41.24,52.811144,0.00014922575204880957,-0.023230986250042305,0.09755024973162574,36.09446859390736,-100.26678939585686,72.1922225099802
2024-09-23 21:22:44.339794,41.24,52.811144,0.00014922575204880957,-0.023230986250042305,0.09755024973162574,36.09446859390736,-100.26678939585686,80.21211738781929
2024-09-23 21:22:44.351407,41.24,52.811195,0.0007959191899112484,-0.023429960042815445,0.098047696365372,40.106058693909645,-100.26678939585686,80.21211738781929
2024-09-23 21:22:44.394040,41.24,52.811245,0.0006466830067647949,-0.023429960042815445,0.098047696365372,40.106058693909645,-92.24360919585227,68.18063240997792
2024-09-23 21:22:44.405614,41.24,52.811245,0.0006466830067647949,-0.02293251340906919,0.09710254654607277,40.106058693909645,-92.24360919585227,68.18063240997792
2024-09-23 21:22:44.437015,41.24,52.811245,0.0006466830067647949,-0.02293251340906919,0.09710254654607277,44.11764879391193,-92.24360919585227,68.18063240997792
2024-09-23 21:22:44.448361,41.24,52.811296,0.0005471957306340564,-0.023280723622328886,0.09710254654607277,44.11764879391193,-92.24360919585227,76.200527287817
2024-09-23 21:22:44.491286,41.24,52.811296,0.0005471957306340564,-0.023280723622328886,0.09740101331113918,40.106058693909645,-100.26678939585686,76.200527287817
2024-09-23 21:22:44.502669,41.24,52.811347,0.0009451553255896806,-0.023280723622328886,0.09740101331113918,40.106058693909645,-100.26678939585686,76.200527287817
2024-09-23 21:22:44.534665,41.24,52.811347,0.0009451553255896806,-0.023280723622328886,0.09740101331113918,40.106058693909645,-100.26678939585686,76.200527287817
2024-09-23 21:22:44.545478,41.24,52.811434,0.0009451553255896806,-0.023280723622328886,0.09705279702197278,48.12595698684454,-92.24360919585227,68.18063240997792
2024-09-23 21:22:44.587723,41.24,52.811434,0.0005969341946851222,-0.0224350561424862,0.0970030596496862,48.12595698684454,-92.24360919585227,68.18063240997792
2024-09-23 21:22:44.599208,41.24,52.811434,0.0005969341946851222,-0.0224350561424862,0.0970030596496862,40.106058693909645,-88.23529758782387,76.200527287817
2024-09-23 21:22:44.641828,41.24,52.811486,0.0007461703303635545,-0.023429960042815445,0.09720203344245934,40.106058693909645,-92.24360919585227,76.200527287817
2024-09-23 21:22:44.684901,41.24,52.811537,0.001044642601720419,-0.023429960042815445,0.09720203344245934,40.106058693909645,-92.24360919585227,76.200527287817
2024-09-23 21:22:44.696185,41.24,52.811537,0.001044642601720419,-0.02338022115155219,0.09759999317981902,36.09446859390736,-92.24360919585227,76.200527287817
2024-09-23 21:22:44.739300,41.24,52.811587,0.001044642601720419,-0.023479709566915436,0.0973015264147526,36.09446859390736,-88.23529758782387,76.200527287817
2024-09-23 21:22:44.781949,41.24,52.811587,0.001044642601720419,-0.023479709566915436,0.0973015264147526,36.09446859390736,-100.26678939585686,72.1922225099802
2024-09-23 21:22:44.793142,41.24,52.811638,0.0006466830067647949,-0.0228827638849692,0.0973015264147526,36.09446859390736,-100.26678939585686,72.1922225099802
2024-09-23 21:22:44.835308,41.24,52.811689,0.0009948937421727254,-0.0228827638849692,0.09759999317981902,40.106058693909645,-100.26678939585686,76.200527287817
2024-09-23 21:22:44.878348,41.24,52.811689,0.0009948937421727254,-0.022584292562972758,0.09720203344245934,40.106058693909645,-100.26678939585686,76.200527287817
2024-09-23 21:22:44.889474,41.24,52.811775,0.0009948937421727254,-0.022584292562972758,0.09720203344245934,36.09446859390736,-96.25519929585457,80.21211738781929
2024-09-23 21:22:44.931920,41.24,52.811775,0.0005471957306340564,-0.023181236725942318,0.0976994861521123,36.09446859390736,-96.25519929585457,80.21211738781929
2024-09-23 21:22:44.943624,41.24,52.811775,0.0005471957306340564,-0.023181236725942318,0.0976994861521123,36.09446859390736,-96.25519929585457,80.21211738781929
2024-09-23 21:22:44.976201,41.24,52.811827,0.0011441298778511575,-0.023181236725942318,0.0976994861521123,36.09446859390736,-96.25519929585457,80.21211738781929
2024-09-23 21:22:44.987222,41.24,52.811827,0.0011441298778511575,-0.02278327698858263,0.09745075675933246,40.106058693909645,-96.25519929585457,80.21211738781929
2024-09-23 21:22:45.029675,41.24,52.811877,0.0012436275969465451,-0.02338022115155219,0.09759999317981902,40.106058693909645,-96.25519929585457,68.18063240997792
2024-09-23 21:22:45.041354,41.24,52.811877,0.0012436275969465451,-0.02338022115155219,0.09759999317981902,44.11764879391193,-96.25519929585457,68.18063240997792
2024-09-23 21:22:45.072872,41.24,52.811877,0.0012436275969465451,-0.02338022115155219,0.09759999317981902,44.11764879391193,-88.23529758782387,72.1922225099802
2024-09-23 21:22:45.084517,41.24,52.811928,0.0012436275969465451,-0.022584292562972758,0.09705279702197278,44.11764879391193,-88.23529758782387,72.1922225099802
2024-09-23 21:22:45.126877,41.24,52.811979,0.0012436275969465451,-0.022584292562972758,0.09705279702197278,40.106058693909645,-92.24360919585227,72.1922225099802
2024-09-23 21:22:45.137984,41.24,52.811979,0.001044642601720419,-0.0224350561424862,0.09705279702197278,40.106058693909645,-92.24360919585227,72.1922225099802
2024-09-23 21:22:45.170751,41.24,52.811979,0.001044642601720419,-0.0224350561424862,0.09725178296655933,44.11764879391193,-92.24360919585227,72.1922225099802
2024-09-23 21:22:45.182577,41.24,52.812029,0.0007461703303635545,-0.0224350561424862,0.09725178296655933,44.11764879391193,-96.25519929585457,76.200527287817
2024-09-23 21:22:45.225816,41.99,52.812116,0.0007461703303635545,-0.023479709566915436,0.09720203344245934,44.11764879391193,-92.24360919585227,80.21211738781929
2024-09-23 21:22:45.268429,41.99,52.812116,0.0007461703303635545,-0.022236080830736384,0.09720203344245934,44.11764879391193,-92.24360919585227,80.21211738781929
2024-09-23 21:22:45.279257,41.99,52.812116,0.0007461703303635545,-0.022236080830736384,0.09695331012558621,40.106058693909645,-100.26678939585686,64.16903547978401
2024-09-23 21:22:45.321264,41.99,52.812168,0.001044642601720419,-0.02308174982955575,0.09759999317981902,44.11764879391193,-100.26678939585686,64.16903547978401
2024-09-23 21:22:45.333352,41.99,52.812168,0.001044642601720419,-0.02308174982955575,0.09759999317981902,44.11764879391193,-96.25519929585457,64.16903547978401
2024-09-23 21:22:45.365767,41.99,52.812219,0.001044642601720419,-0.02308174982955575,0.09759999317981902,44.11764879391193,-96.25519929585457,72.1922225099802
2024-09-23 21:22:45.377042,41.99,52.812219,0.0006466830067647949,-0.023429960042815445,0.09725178296655933,40.106058693909645,-96.25519929585457,72.1922225099802
2024-09-23 21:22:45.419271,41.99,52.812269,0.0007959191899112484,-0.023429960042815445,0.09725178296655933,40.106058693909645,-92.24360919585227,72.1922225099802
2024-09-23 21:22:45.430987,41.99,52.812269,0.0007959191899112484,-0.02313149783467906,0.09720203344245934,40.106058693909645,-92.24360919585227,72.1922225099802
2024-09-23 21:22:45.463861,41.99,52.812269,0.0007959191899112484,-0.02313149783467906,0.09720203344245934,40.106058693909645,-92.24360919585227,72.1922225099802
2024-09-23 21:22:45.475007,41.99,52.81232,0.0005969341946851222,-0.022982261414192504,0.09720203344245934,40.106058693909645,-92.24360919585227,76.200527287817
2024-09-23 21:22:45.518169,41.99,52.812371,0.0006466830067647949,-0.022982261414192504,0.0970030596496862,40.106058693909645,-96.25519929585457,72.1922225099802
2024-09-23 21:22:45.560758,41.99,52.812371,0.0006466830067647949,-0.023230986250042305,0.09715228999426605,40.106058693909645,-96.25519929585457,72.1922225099802
2024-09-23 21:22:45.573389,41.99,52.812458,0.0006466830067647949,-0.023230986250042305,0.09715228999426605,48.12595698684454,-92.24360919585227,76.200527287817
2024-09-23 21:22:45.616824,41.99,52.812458,0.0005969341946851222,-0.023181236725942318,0.09715228999426605,44.11764879391193,-92.24360919585227,72.1922225099802
2024-09-23 21:22:45.658935,41.99,52.812509,0.00044769805900669,-0.023181236725942318,0.09715228999426605,44.11764879391193,-92.24360919585227,72.1922225099802
2024-09-23 21:22:45.670860,41.99,52.812509,0.00044769805900669,-0.02313149783467906,0.09720203344245934,44.11764879391193,-96.25519929585457,72.1922225099802
2024-09-23 21:22:45.713840,41.99,52.81256,0.0009948937421727254,-0.023280723622328886,0.09720203344245934,52.137550501942634,-96.25519929585457,76.200527287817
2024-09-23 21:22:45.756228,41.99,52.81256,0.0009948937421727254,-0.023280723622328886,0.09720203344245934,52.137550501942634,-92.24360919585227,76.200527287817
2024-09-23 21:22:45.767665,41.99,52.81261,0.0009451553255896806,-0.02313149783467906,0.0970030596496862,52.137550501942634,-92.24360919585227,76.200527287817
2024-09-23 21:22:45.809781,41.99,52.812661,0.0009948937421727254,-0.02313149783467906,0.0970030596496862,40.106058693909645,-100.26678939585686,72.1922225099802
2024-09-23 21:22:45.821761,41.99,52.812661,0.0009948937421727254,-0.0228827638849692,0.0970030596496862,40.106058693909645,-100.26678939585686,72.1922225099802
2024-09-23 21:22:45.854734,41.99,52.812661,0.0009948937421727254,-0.0228827638849692,0.09759999317981902,40.106058693909645,-92.24360919585227,72.1922225099802
2024-09-23 21:22:45.866571,41.99,52.812712,0.0007461703303635545,-0.0228827638849692,0.09759999317981902,40.106058693909645,-92.24360919585227,76.200527287817
2024-09-23 21:22:45.909039,41.99,52.812799,0.0007461703303635545,-0.02303200030545576,0.09720203344245934,44.11764879391193,-96.25519929585457,76.200527287817
2024-09-23 21:22:45.951320,41.99,52.812799,0.0009948937421727254,-0.02293251340906919,0.09720203344245934,44.11764879391193,-96.25519929585457,76.200527287817
2024-09-23 21:22:45.963477,41.99,52.812799,0.0009948937421727254,-0.02293251340906919,0.09705279702197278,44.11764879391193,-92.24360919585227,76.200527287817
2024-09-23 21:22:46.006861,41.99,52.81285,0.0011938787373988514,-0.02303200030545576,0.09715228999426605,44.11764879391193,-84.22370748782159,76.200527287817
2024-09-23 21:22:46.049428,41.99,52.812901,0.0004974468710863627,-0.02303200030545576,0.09715228999426605,44.11764879391193,-84.22370748782159,80.21211738781929
2024-09-23 21:22:46.060617,41.99,52.812901,0.0004974468710863627,-0.022833026512682618,0.09779897304849887,40.106058693909645,-84.22370748782159,80.21211738781929
2024-09-23 21:22:46.103259,41.99,52.812952,0.0007461703303635545,-0.023280723622328886,0.09779897304849887,40.106058693909645,-92.24360919585227,76.200527287817
2024-09-23 21:22:46.146211,41.99,52.812952,0.0007461703303635545,-0.023280723622328886,0.09779897304849887,44.11764879391193,-96.25519929585457,76.200527287817
2024-09-23 21:22:46.157682,41.99,52.813002,0.0005969341946851222,-0.023181236725942318,0.09779897304849887,44.11764879391193,-96.25519929585457,76.200527287817
2024-09-23 21:22:46.199383,41.99,52.813053,0.0005969341946851222,-0.023181236725942318,0.0976994861521123,40.106058693909645,-92.24360919585227,76.200527287817
2024-09-23 21:22:46.211400,41.99,52.813053,0.0003979595949556242,-0.023181236725942318,0.0976994861521123,40.106058693909645,-92.24360919585227,76.200527287817
2024-09-23 21:22:46.243701,42.11,52.813053,0.0003979595949556242,-0.02308174982955575,0.09750050628343246,40.106058693909645,-92.24360919585227,76.200527287817
2024-09-23 21:22:46.255585,42.11,52.81314,0.0003979595949556242,-0.02308174982955575,0.09750050628343246,44.11764879391193,-96.25519929585457,80.21211738781929
2024-09-23 21:22:46.298402,42.11,52.81314,0.001044642601720419,-0.023479709566915436,0.0973512698629459,40.106058693909645,-92.24360919585227,80.21211738781929
2024-09-23 21:22:46.309922,42.11,52.81314,0.001044642601720419,-0.023479709566915436,0.0973512698629459,40.106058693909645,-92.24360919585227,76.200527287817
2024-09-23 21:22:46.343611,42.11,52.813192,0.0006466830067647949,-0.0228827638849692,0.0973512698629459,40.106058693909645,-92.24360919585227,76.200527287817
2024-09-23 21:22:46.355125,42.11,52.813192,0.0006466830067647949,-0.0228827638849692,0.09755024973162574,40.106058693909645,-92.24360919585227,76.200527287817
2024-09-23 21:22:46.387816,42.11,52.813192,0.0006466830067647949,-0.0228827638849692,0.09755024973162574,40.106058693909645,-92.24360919585227,72.1922225099802
2024-09-23 21:22:46.400409,42.11,52.813242,0.0005471957306340564,-0.023230986250042305,0.09755024973162574,40.106058693909645,-92.24360919585227,72.1922225099802
2024-09-23 21:22:46.443134,42.11,52.813293,0.0007959191899112484,-0.022982261414192504,0.09755024973162574,40.106058693909645,-96.25519929585457,80.21211738781929
2024-09-23 21:22:46.455141,42.11,52.813293,0.0007959191899112484,-0.022982261414192504,0.09774922960030558,40.106058693909645,-96.25519929585457,80.21211738781929
2024-09-23 21:22:46.486885,42.11,52.813293,0.0007959191899112484,-0.022982261414192504,0.09774922960030558,44.11764879391193,-96.25519929585457,80.21211738781929
2024-09-23 21:22:46.498396,42.11,52.813344,0.000845657606494293,-0.02278327698858263,0.09774922960030558,44.11764879391193,-96.25519929585457,84.22370748782159
2024-09-23 21:22:46.541058,42.11,52.813394,0.000845657606494293,-0.02278327698858263,0.0973015264147526,40.106058693909645,-92.24360919585227,76.200527287817
2024-09-23 21:22:46.553316,42.11,52.813394,0.0001989745997294981,-0.02278327698858263,0.0973015264147526,40.106058693909645,-92.24360919585227,76.200527287817
2024-09-23 21:22:46.587109,42.11,52.813394,0.0001989745997294981,-0.023330473146428877,0.09784872257259886,44.11764879391193,-92.24360919585227,76.200527287817
2024-09-23 21:22:46.598401,42.11,52.813481,0.0001989745997294981,-0.023330473146428877,0.09784872257259886,44.11764879391193,-96.25519929585457,76.200527287817
2024-09-23 21:22:46.640570,42.11,52.813481,0.0006466830067647949,-0.0228827638849692,0.09740101331113918,44.11764879391193,-96.25519929585457,76.200527287817
2024-09-23 21:22:46.683447,42.11,52.813533,0.0013928637326249774,-0.022982261414192504,0.09740101331113918,44.11764879391193,-96.25519929585457,76.200527287817
2024-09-23 21:22:46.695386,42.11,52.813533,0.0013928637326249774,-0.022982261414192504,0.09740101331113918,36.09446859390736,-96.25519929585457,76.200527287817
2024-09-23 21:22:46.737906,42.11,52.813583,0.0007959191899112484,-0.02338022115155219,0.09745075675933246,52.137550501942634,-96.25519929585457,72.1922225099802
2024-09-23 21:22:46.779998,42.11,52.813583,0.0007959191899112484,-0.02338022115155219,0.09745075675933246,52.137550501942634,-92.24360919585227,68.18063240997792
2024-09-23 21:22:46.791285,42.11,52.813634,0.0005471957306340564,-0.02362894446842532,0.09789846602079214,52.137550501942634,-92.24360919585227,68.18063240997792
2024-09-23 21:22:46.834311,42.11,52.813685,0.0006466830067647949,-0.023230986250042305,0.09789846602079214,44.11764879391193,-92.24360919585227,76.200527287817
2024-09-23 21:22:46.877688,42.11,52.813685,0.0006466830067647949,-0.023230986250042305,0.09779897304849887,36.09446859390736,-92.24360919585227,76.200527287817
2024-09-23 21:22:46.889320,42.11,52.813735,0.0003979595949556242,-0.023230986250042305,0.09779897304849887,36.09446859390736,-92.24360919585227,80.21211738781929
2024-09-23 21:22:46.931834,42.11,52.813735,0.0003979595949556242,-0.02308174982955575,0.09725178296655933,36.09446859390736,-92.24360919585227,72.1922225099802
2024-09-23 21:22:46.944103,42.11,52.813823,0.0003979595949556242,-0.02308174982955575,0.09725178296655933,36.09446859390736,-92.24360919585227,72.1922225099802
2024-09-23 21:22:46.977202,42.11,52.813823,0.0011938787373988514,-0.02397715620066169,0.09799795899308542,36.09446859390736,-92.24360919585227,72.1922225099802
2024-09-23 21:22:46.989658,42.11,52.813823,0.0011938787373988514,-0.02397715620066169,0.09799795899308542,40.106058693909645,-96.25519929585457,72.1922225099802
2024-09-23 21:22:47.021338,42.11,52.813874,0.0011938787373988514,-0.02397715620066169,0.09799795899308542,40.106058693909645,-96.25519929585457,72.1922225099802
2024-09-23 21:22:47.032889,42.11,52.813874,0.0005471957306340564,-0.023230986250042305,0.0973512698629459,40.106058693909645,-100.26678939585686,72.1922225099802
2024-09-23 21:22:47.076715,42.11,52.813925,0.0007461703303635545,-0.02308174982955575,0.09794820946898543,40.106058693909645,-100.26678939585686,76.200527287817
2024-09-23 21:22:47.088450,42.11,52.813925,0.0007461703303635545,-0.02308174982955575,0.09794820946898543,52.137550501942634,-100.26678939585686,76.200527287817
2024-09-23 21:22:47.120340,42.11,52.813925,0.0007461703303635545,-0.02308174982955575,0.09794820946898543,52.137550501942634,-92.24360919585227,72.1922225099802
2024-09-23 21:22:47.131688,42.11,52.813975,0.00024872343554318134,-0.023280723622328886,0.09725178296655933,52.137550501942634,-92.24360919585227,72.1922225099802
2024-09-23 21:22:47.173648,42.11,52.814026,0.00024872343554318134,-0.023280723622328886,0.09725178296655933,48.12595698684454,-92.24360919585227,76.200527287817
2024-09-23 21:22:47.185276,42.11,52.814026,0.0006466830067647949,-0.02278327698858263,0.09725178296655933,48.12595698684454,-92.24360919585227,76.200527287817
2024-09-23 21:22:47.268837,42.01,52.814026,0.0006466830067647949,-0.02278327698858263,0.0973512698629459,44.11764879391193,-96.25519929585457,76.200527287817
2024-09-23 21:22:47.280476,42.01,52.814077,0.0010943914612681128,-0.02278327698858263,0.0973512698629459,44.11764879391193,-96.25519929585457,76.200527287817
2024-09-23 21:22:47.324700,42.01,52.814164,0.0010943914612681128,-0.022982261414192504,0.09755024973162574,48.12595698684454,-92.24360919585227,76.200527287817
2024-09-23 21:22:47.366994,42.01,52.814164,0.00029846189959424716,-0.0228827638849692,0.09779897304849887,44.11764879391193,-92.24360919585227,76.200527287817
2024-09-23 21:22:47.378744,42.01,52.814164,0.00029846189959424716,-0.0228827638849692,0.09779897304849887,44.11764879391193,-96.25519929585457,76.200527287817
2024-09-23 21:22:47.421677,42.01,52.814215,0.0011938787373988514,-0.02352945757203875,0.0970030596496862,44.11764879391193,-96.25519929585457,76.200527287817
2024-09-23 21:22:47.464286,42.01,52.814266,0.0006964318663124887,-0.02352945757203875,0.0970030596496862,44.11764879391193,-96.25519929585457,76.200527287817
2024-09-23 21:22:47.475648,42.01,52.814266,0.0006964318663124887,-0.02293251340906919,0.09779897304849887,48.12595698684454,-96.25519929585457,76.200527287817
2024-09-23 21:22:47.518032,42.01,52.81436,0.00044769805900669,-0.023479709566915436,0.09685382322919964,48.12595698684454,-96.25519929585457,76.200527287817
2024-09-23 21:22:47.560428,42.01,52.81436,0.00044769805900669,-0.023479709566915436,0.09685382322919964,40.106058693909645,-96.25519929585457,76.200527287817
2024-09-23 21:22:47.572433,42.01,52.814411,0.0005471957306340564,-0.023280723622328886,0.09685382322919964,40.106058693909645,-96.25519929585457,80.21211738781929
2024-09-23 21:22:47.614864,42.01,52.814462,0.0006466830067647949,-0.023280723622328886,0.0973015264147526,44.11764879391193,-100.26678939585686,76.200527287817
2024-09-23 21:22:47.657154,42.01,52.814462,0.0006466830067647949,-0.023330473146428877,0.09740101331113918,44.11764879391193,-100.26678939585686,76.200527287817
2024-09-23 21:22:47.668400,42.01,52.814554,0.0006466830067647949,-0.023330473146428877,0.09740101331113918,40.106058693909645,-100.26678939585686,80.21211738781929
2024-09-23 21:22:47.711060,42.01,52.814554,0.0005969341946851222,-0.023330473146428877,0.09759999317981902,40.106058693909645,-84.22370748782159,80.21211738781929
2024-09-23 21:22:47.722483,42.01,52.814554,0.0005969341946851222,-0.023330473146428877,0.09759999317981902,40.106058693909645,-84.22370748782159,84.22370748782159
2024-09-23 21:22:47.754528,42.01,52.814605,0.0008954064660419869,-0.023330473146428877,0.09759999317981902,40.106058693909645,-84.22370748782159,84.22370748782159
2024-09-23 21:22:47.765955,42.01,52.814605,0.0008954064660419869,-0.023280723622328886,0.0973512698629459,44.11764879391193,-88.23529758782387,84.22370748782159
2024-09-23 21:22:47.808227,42.01,52.814656,0.0007959191899112484,-0.023230986250042305,0.09745075675933246,44.11764879391193,-88.23529758782387,84.22370748782159
2024-09-23 21:22:47.820727,42.01,52.814656,0.0007959191899112484,-0.023230986250042305,0.09745075675933246,36.09446859390736,-88.23529758782387,84.22370748782159
2024-09-23 21:22:47.852818,42.01,52.814656,0.0007959191899112484,-0.023230986250042305,0.09745075675933246,36.09446859390736,-100.26678939585686,80.21211738781929
2024-09-23 21:22:47.863888,42.01,52.814707,0.0010943914612681128,-0.0228827638849692,0.09764974270391902,36.09446859390736,-100.26678939585686,80.21211738781929
2024-09-23 21:22:47.906808,42.01,52.814757,0.001044642601720419,-0.023330473146428877,0.09764974270391902,48.12595698684454,-88.23529758782387,80.21211738781929
2024-09-23 21:22:47.949577,42.01,52.814757,0.001044642601720419,-0.023330473146428877,0.09745075675933246,44.11764879391193,-88.23529758782387,80.21211738781929
2024-09-23 21:22:47.961035,42.01,52.814808,0.0006964318663124887,-0.023330473146428877,0.09745075675933246,44.11764879391193,-96.25519929585457,76.200527287817
2024-09-23 21:22:48.003572,42.01,52.814808,0.0006964318663124887,-0.023330473146428877,0.09774922960030558,40.106058693909645,-92.24360919585227,76.200527287817
2024-09-23 21:22:48.015569,42.01,52.814895,0.0006964318663124887,-0.023330473146428877,0.09774922960030558,40.106058693909645,-92.24360919585227,76.200527287817
2024-09-23 21:22:48.047316,42.01,52.814895,0.0006466830067647949,-0.023280723622328886,0.09774922960030558,40.106058693909645,-92.24360919585227,76.200527287817
2024-09-23 21:22:48.058441,42.01,52.814895,0.0006466830067647949,-0.023280723622328886,0.09750050628343246,40.106058693909645,-96.25519929585457,76.200527287817
2024-09-23 21:22:48.101688,42.01,52.814947,0.0004974468710863627,-0.02338022115155219,0.0976994861521123,36.09446859390736,-96.25519929585457,76.200527287817
2024-09-23 21:22:48.113229,42.01,52.814947,0.0004974468710863627,-0.02338022115155219,0.0976994861521123,36.09446859390736,-96.25519929585457,76.200527287817
2024-09-23 21:22:48.145809,42.01,52.814997,0.001044642601720419,-0.02338022115155219,0.0976994861521123,36.09446859390736,-96.25519929585457,80.21211738781929
2024-09-23 21:22:48.157720,42.01,52.814997,0.001044642601720419,-0.023579196463302005,0.09809744588947199,36.09446859390736,-96.25519929585457,80.21211738781929
2024-09-23 21:22:48.201007,42.01,52.815048,0.0007461703303635545,-0.023181236725942318,0.09725178296655933,36.09446859390736,-96.25519929585457,76.200527287817
2024-09-23 21:22:48.244177,42.01,52.815048,0.0007461703303635545,-0.023181236725942318,0.09725178296655933,40.106058693909645,-92.24360919585227,80.21211738781929
2024-09-23 21:22:48.255314,42.01,52.815099,0.0007461703303635545,-0.02278327698858263,0.09725178296655933,40.106058693909645,-92.24360919585227,80.21211738781929
2024-09-23 21:22:48.297583,42.27,52.815149,0.00044769805900669,-0.02278327698858263,0.09745075675933246,44.11764879391193,-92.24360919585227,80.21211738781929
2024-09-23 21:22:48.339934,42.27,52.815149,0.00044769805900669,-0.022733528983459317,0.09720203344245934,44.11764879391193,-92.24360919585227,80.21211738781929
2024-09-23 21:22:48.351156,42.27,52.815236,0.00044769805900669,-0.022733528983459317,0.09720203344245934,40.106058693909645,-88.23529758782387,80.21211738781929
2024-09-23 21:22:48.393326,42.27,52.815236,0.0007461703303635545,-0.0225345536717095,0.09784872257259886,48.12595698684454,-96.25519929585457,80.21211738781929
2024-09-23 21:22:48.405643,42.27,52.815236,0.0007461703303635545,-0.0225345536717095,0.09784872257259886,48.12595698684454,-96.25519929585457,72.1922225099802
2024-09-23 21:22:48.438900,42.27,52.815288,0.0011938787373988514,-0.022982261414192504,0.09784872257259886,48.12595698684454,-96.25519929585457,72.1922225099802
2024-09-23 21:22:48.450459,42.27,52.815288,0.0011938787373988514,-0.022982261414192504,0.09710254654607277,36.09446859390736,-88.23529758782387,72.1922225099802
2024-09-23 21:22:48.494198,42.27,52.815339,0.0010943914612681128,-0.022733528983459317,0.09745075675933246,40.106058693909645,-88.23529758782387,76.200527287817
2024-09-23 21:22:48.537716,42.27,52.815389,0.0010943914612681128,-0.022733528983459317,0.09745075675933246,40.106058693909645,-92.24360919585227,80.21211738781929
2024-09-23 21:22:48.550443,42.27,52.815389,0.0010943914612681128,-0.022733528983459317,0.09799795899308542,40.106058693909645,-92.24360919585227,80.21211738781929
2024-09-23 21:22:48.583617,42.27,52.815389,0.0010943914612681128,-0.022733528983459317,0.09799795899308542,44.11764879391193,-96.25519929585457,80.21211738781929
2024-09-23 21:22:48.595742,42.27,52.81544,0.00024872343554318134,-0.022484804147609512,0.09799795899308542,44.11764879391193,-96.25519929585457,72.1922225099802
2024-09-23 21:22:48.639598,42.27,52.815491,0.000845657606494293,-0.022484804147609512,0.0976994861521123,44.11764879391193,-88.23529758782387,84.22370748782159
2024-09-23 21:22:48.681593,42.27,52.815491,0.000845657606494293,-0.023230986250042305,0.09705279702197278,44.11764879391193,-88.23529758782387,84.22370748782159
2024-09-23 21:22:48.693031,42.27,52.815578,0.000845657606494293,-0.023230986250042305,0.09705279702197278,48.12595698684454,-100.26678939585686,84.22370748782159
2024-09-23 21:22:48.736303,42.27,52.815578,0.0012436275969465451,-0.02308174982955575,0.09705279702197278,48.12595698684454,-100.26678939585686,84.22370748782159
2024-09-23 21:22:48.779234,42.27,52.815578,0.0012436275969465451,-0.02308174982955575,0.0973015264147526,44.11764879391193,-100.26678939585686,84.22370748782159
2024-09-23 21:22:48.790633,42.27,52.815629,0.0007461703303635545,-0.02308174982955575,0.0973015264147526,44.11764879391193,-88.23529758782387,76.200527287817
2024-09-23 21:22:48.833802,42.27,52.815629,0.0007461703303635545,-0.0225345536717095,0.09755024973162574,44.11764879391193,-96.25519929585457,76.200527287817
2024-09-23 21:22:48.845478,42.27,52.81568,0.0007461703303635545,-0.0225345536717095,0.09755024973162574,44.11764879391193,-96.25519929585457,76.200527287817
2024-09-23 21:22:48.878015,42.27,52.81568,0.000845657606494293,-0.022982261414192504,0.09725178296655933,44.11764879391193,-96.25519929585457,76.200527287817
2024-09-23 21:22:48.889565,42.27,52.81568,0.000845657606494293,-0.022982261414192504,0.09725178296655933,36.09446859390736,-92.24360919585227,72.1922225099802
2024-09-23 21:22:48.932014,42.27,52.81573,0.0004974468710863627,-0.022982261414192504,0.0973512698629459,44.11764879391193,-96.25519929585457,72.1922225099802
2024-09-23 21:22:48.973814,42.27,52.815781,0.0004974468710863627,-0.022982261414192504,0.0973512698629459,44.11764879391193,-96.25519929585457,80.21211738781929
2024-09-23 21:22:48.985263,42.27,52.815781,0.00044769805900669,-0.022833026512682618,0.09740101331113918,44.11764879391193,-96.25519929585457,80.21211738781929
2024-09-23 21:22:49.027957,42.27,52.815872,0.000845657606494293,-0.022833026512682618,0.09740101331113918,44.11764879391193,-96.25519929585457,80.21211738781929
2024-09-23 21:22:49.040871,42.27,52.815872,0.000845657606494293,-0.02362894446842532,0.09755024973162574,44.11764879391193,-96.25519929585457,80.21211738781929
2024-09-23 21:22:49.072758,42.27,52.815872,0.000845657606494293,-0.02362894446842532,0.09755024973162574,40.106058693909645,-84.22370748782159,80.21211738781929
2024-09-23 21:22:49.084260,42.27,52.815923,0.0006466830067647949,-0.022833026512682618,0.09755024973162574,40.106058693909645,-84.22370748782159,80.21211738781929
2024-09-23 21:22:49.127358,42.27,52.815973,0.0012436275969465451,-0.022833026512682618,0.09750050628343246,36.09446859390736,-92.24360919585227,76.200527287817
2024-09-23 21:22:49.170746,42.27,52.815973,0.0012436275969465451,-0.022833026512682618,0.09695331012558621,48.12595698684454,-92.24360919585227,76.200527287817
2024-09-23 21:22:49.182023,42.27,52.816065,0.0012436275969465451,-0.022833026512682618,0.09695331012558621,48.12595698684454,-88.23529758782387,80.21211738781929
2024-09-23 21:22:49.224480,42.27,52.816065,0.0007959191899112484,-0.023728432883788564,0.0976994861521123,44.11764879391193,-88.23529758782387,80.21211738781929
2024-09-23 21:22:49.267791,42.27,52.816117,0.00024872343554318134,-0.023429960042815445,0.0976994861521123,44.11764879391193,-88.23529758782387,80.21211738781929
2024-09-23 21:22:49.279150,42.27,52.816117,0.00024872343554318134,-0.023429960042815445,0.09755024973162574,40.106058693909645,-96.25519929585457,80.21211738781929
2024-09-23 21:22:49.321632,42.27,52.816167,0.0011938787373988514,-0.02338022115155219,0.09759999317981902,36.09446859390736,-96.25519929585457,76.200527287817
2024-09-23 21:22:49.363840,42.27,52.816167,0.0011938787373988514,-0.02338022115155219,0.09759999317981902,36.09446859390736,-92.24360919585227,88.23529758782387
2024-09-23 21:22:49.376030,42.27,52.816218,0.00044769805900669,-0.023280723622328886,0.0970030596496862,36.09446859390736,-92.24360919585227,88.23529758782387
2024-09-23 21:22:49.418473,42.27,52.816269,0.001044642601720419,-0.02313149783467906,0.0970030596496862,44.11764879391193,-92.24360919585227,76.200527287817
2024-09-23 21:22:49.460614,42.27,52.816269,0.001044642601720419,-0.02313149783467906,0.09740101331113918,48.12595698684454,-92.24360919585227,76.200527287817
2024-09-23 21:22:49.472485,42.27,52.816319,0.000845657606494293,-0.02313149783467906,0.09740101331113918,48.12595698684454,-96.25519929585457,72.1922225099802
2024-09-23 21:22:49.515620,42.27,52.816406,0.000845657606494293,-0.023330473146428877,0.09685382322919964,44.11764879391193,-92.24360919585227,80.21211738781929
2024-09-23 21:22:49.559536,42.27,52.816406,0.0007461703303635545,-0.0228827638849692,0.0973512698629459,44.11764879391193,-92.24360919585227,80.21211738781929
2024-09-23 21:22:49.570592,42.27,52.816406,0.0007461703303635545,-0.0228827638849692,0.0973512698629459,40.106058693909645,-92.24360919585227,80.21211738781929
2024-09-23 21:22:49.612566,42.27,52.816459,0.00044769805900669,-0.022584292562972758,0.09764974270391902,44.11764879391193,-92.24360919585227,80.21211738781929
2024-09-23 21:22:49.624809,42.27,52.816459,0.00044769805900669,-0.022584292562972758,0.09764974270391902,44.11764879391193,-96.25519929585457,80.21211738781929
2024-09-23 21:22:49.658083,42.27,52.816509,0.0006466830067647949,-0.022584292562972758,0.09764974270391902,44.11764879391193,-96.25519929585457,80.21211738781929
2024-09-23 21:22:49.669904,42.27,52.816509,0.0006466830067647949,-0.0225345536717095,0.09764974270391902,40.106058693909645,-96.25519929585457,80.21211738781929
2024-09-23 21:22:49.712695,42.27,52.81656,0.00034821073540793035,-0.02338022115155219,0.09745075675933246,40.106058693909645,-96.25519929585457,76.200527287817
2024-09-23 21:22:49.754714,42.27,52.81656,0.00034821073540793035,-0.02338022115155219,0.09745075675933246,44.11764879391193,-92.24360919585227,80.21211738781929
2024-09-23 21:22:49.766823,42.27,52.816611,0.0006964318663124887,-0.0228827638849692,0.09745075675933246,44.11764879391193,-92.24360919585227,80.21211738781929
2024-09-23 21:22:49.809573,42.27,52.816661,0.0012436275969465451,-0.0228827638849692,0.0976994861521123,44.11764879391193,-96.25519929585457,80.21211738781929
2024-09-23 21:22:49.851412,42.27,52.816661,0.0012436275969465451,-0.02308174982955575,0.09715228999426605,44.11764879391193,-96.25519929585457,80.21211738781929
2024-09-23 21:22:49.862667,42.27,52.816748,0.0012436275969465451,-0.02308174982955575,0.09715228999426605,40.106058693909645,-96.25519929585457,80.21211738781929
2024-09-23 21:22:49.905681,42.27,52.816748,0.0003979595949556242,-0.023230986250042305,0.09740101331113918,44.11764879391193,-96.25519929585457,80.21211738781929
2024-09-23 21:22:49.948520,42.27,52.816799,0.0006466830067647949,-0.023230986250042305,0.09740101331113918,44.11764879391193,-96.25519929585457,80.21211738781929
2024-09-23 21:22:49.959567,42.27,52.816799,0.0006466830067647949,-0.023479709566915436,0.0973512698629459,40.106058693909645,-92.24360919585227,80.21211738781929
2024-09-23 21:22:50.001981,42.27,52.81685,0.0012933660135295898,-0.02313149783467906,0.09745075675933246,40.106058693909645,-92.24360919585227,80.21211738781929
2024-09-23 21:22:50.013851,42.27,52.81685,0.0012933660135295898,-0.02313149783467906,0.09745075675933246,40.106058693909645,-92.24360919585227,80.21211738781929
2024-09-23 21:22:50.046367,42.27,52.81685,0.0012933660135295898,-0.02313149783467906,0.09745075675933246,40.106058693909645,-92.24360919585227,80.21211738781929
2024-09-23 21:22:50.058073,42.27,52.816901,0.0008954064660419869,-0.022833026512682618,0.09745075675933246,40.106058693909645,-92.24360919585227,80.21211738781929
2024-09-23 21:22:50.100081,42.27,52.816951,0.0005471957306340564,-0.022833026512682618,0.09745075675933246,36.09446859390736,-92.24360919585227,76.200527287817
2024-09-23 21:22:50.112380,42.27,52.816951,0.0005471957306340564,-0.02362894446842532,0.09745075675933246,36.09446859390736,-92.24360919585227,76.200527287817
2024-09-23 21:22:50.144894,42.27,52.816951,0.0005471957306340564,-0.02362894446842532,0.09750050628343246,44.11764879391193,-96.25519929585457,76.200527287817
2024-09-23 21:22:50.156020,42.27,52.817002,0.0011441298778511575,-0.02362894446842532,0.09750050628343246,44.11764879391193,-96.25519929585457,80.21211738781929
2024-09-23 21:22:50.199196,42.27,52.817089,0.0011441298778511575,-0.022833026512682618,0.09750050628343246,44.11764879391193,-88.23529758782387,84.22370748782159
2024-09-23 21:22:50.242456,42.27,52.817089,0.0010943914612681128,-0.02293251340906919,0.09715228999426605,44.11764879391193,-88.23529758782387,84.22370748782159
2024-09-23 21:22:50.254669,42.27,52.817089,0.0010943914612681128,-0.02293251340906919,0.09715228999426605,32.08287849390507,-96.25519929585457,80.21211738781929
2024-09-23 21:22:50.297912,42.27,52.81714,0.00044769805900669,-0.022833026512682618,0.09774922960030558,36.09446859390736,-92.24360919585227,80.21211738781929
2024-09-23 21:22:50.340709,42.09,52.817191,0.00044769805900669,-0.022833026512682618,0.09774922960030558,36.09446859390736,-92.24360919585227,76.200527287817
2024-09-23 21:22:50.352556,42.09,52.817191,0.0006964318663124887,-0.02362894446842532,0.09750050628343246,40.106058693909645,-92.24360919585227,76.200527287817
2024-09-23 21:22:50.385243,42.09,52.817191,0.0006964318663124887,-0.02362894446842532,0.09750050628343246,40.106058693909645,-92.24360919585227,76.200527287817
2024-09-23 21:22:50.396311,42.09,52.817242,0.0013431148730772837,-0.0228827638849692,0.09740101331113918,40.106058693909645,-92.24360919585227,76.200527287817
2024-09-23 21:22:50.439120,42.09,52.817242,0.0013431148730772837,-0.0228827638849692,0.09740101331113918,44.11764879391193,-88.23529758782387,76.200527287817
2024-09-23 21:22:50.450506,42.09,52.817292,0.00044769805900669,-0.0225345536717095,0.09740101331113918,44.11764879391193,-88.23529758782387,76.200527287817
2024-09-23 21:22:50.493067,42.09,52.817343,0.0009451553255896806,-0.0225345536717095,0.0973015264147526,40.106058693909645,-100.26678939585686,76.200527287817
2024-09-23 21:22:50.536713,42.09,52.817343,0.0009451553255896806,-0.02308174982955575,0.09759999317981902,48.12595698684454,-96.25519929585457,76.200527287817
2024-09-23 21:22:50.548258,42.09,52.81743,0.0009451553255896806,-0.02308174982955575,0.09759999317981902,48.12595698684454,-96.25519929585457,72.1922225099802
2024-09-23 21:22:50.580195,42.09,52.81743,0.0009451553255896806,-0.02308174982955575,0.09759999317981902,48.12595698684454,-96.25519929585457,72.1922225099802
2024-09-23 21:22:50.591678,42.09,52.81743,0.0009451553255896806,-0.02352945757203875,0.09764974270391902,36.09446859390736,-92.24360919585227,84.22370748782159
2024-09-23 21:22:50.633906,42.09,52.817482,0.0009451553255896806,-0.02352945757203875,0.09764974270391902,36.09446859390736,-92.24360919585227,84.22370748782159
2024-09-23 21:22:50.688411,42.09,52.817482,0.00014922575204880957,-0.0228827638849692,0.0973015264147526,48.12595698684454,-92.24360919585227,72.1922225099802
2024-09-23 21:22:50.730584,42.09,52.817532,0.0006466830067647949,-0.023181236725942318,0.0973015264147526,48.12595698684454,-92.24360919585227,72.1922225099802
2024-09-23 21:22:50.741930,42.09,52.817532,0.0006466830067647949,-0.023181236725942318,0.09695331012558621,36.09446859390736,-84.22370748782159,72.1922225099802
2024-09-23 21:22:50.784999,42.09,52.817583,0.00044769805900669,-0.023280723622328886,0.09764974270391902,40.106058693909645,-84.22370748782159,76.200527287817
2024-09-23 21:22:50.827505,42.09,52.817634,0.00044769805900669,-0.023280723622328886,0.09764974270391902,40.106058693909645,-92.24360919585227,76.200527287817
2024-09-23 21:22:50.838439,42.09,52.817634,0.0004974468710863627,-0.023230986250042305,0.09705279702197278,40.106058693909645,-92.24360919585227,76.200527287817
2024-09-23 21:22:50.880579,42.09,52.817684,0.00024872343554318134,-0.023230986250042305,0.09705279702197278,44.11764879391193,-96.25519929585457,76.200527287817
2024-09-23 21:22:50.892749,42.09,52.817684,0.00024872343554318134,-0.02308174982955575,0.09705279702197278,44.11764879391193,-96.25519929585457,76.200527287817
2024-09-23 21:22:50.926072,42.09,52.817684,0.00024872343554318134,-0.02308174982955575,0.09715228999426605,40.106058693909645,-100.26678939585686,76.200527287817
2024-09-23 21:22:50.937723,42.09,52.817774,0.0007461703303635545,-0.02308174982955575,0.09715228999426605,40.106058693909645,-100.26678939585686,72.1922225099802
2024-09-23 21:22:50.980722,42.09,52.817869,0.0007461703303635545,-0.023230986250042305,0.09710254654607277,44.11764879391193,-96.25519929585457,76.200527287817
2024-09-23 21:22:51.022440,42.09,52.817869,0.0007959191899112484,-0.023330473146428877,0.09745075675933246,44.11764879391193,-96.25519929585457,76.200527287817
2024-09-23 21:22:51.033812,42.09,52.817869,0.0007959191899112484,-0.023330473146428877,0.09745075675933246,44.11764879391193,-92.24360919585227,84.22370748782159
2024-09-23 21:22:51.077194,42.09,52.81792,0.00024872343554318134,-0.02263404056809607,0.09784872257259886,44.11764879391193,-92.24360919585227,84.22370748782159
2024-09-23 21:22:51.120617,42.09,52.817971,0.0005471957306340564,-0.02263404056809607,0.09784872257259886,44.11764879391193,-92.24360919585227,76.200527287817
2024-09-23 21:22:51.131951,42.09,52.817971,0.0005471957306340564,-0.023230986250042305,0.09774922960030558,44.11764879391193,-92.24360919585227,76.200527287817
2024-09-23 21:22:51.175281,42.09,52.818022,-0.00014922575204880957,-0.02293251340906919,0.09764974270391902,44.11764879391193,-88.23529758782387,76.200527287817
2024-09-23 21:22:51.269455,42.09,52.818072,-0.00014922575204880957,-0.02293251340906919,0.09764974270391902,44.11764879391193,-84.22370748782159,84.22370748782159
2024-09-23 21:22:51.415252,41.61,52.818072,0.0011441298778511575,-0.023181236725942318,0.0976994861521123,44.11764879391193,-84.22370748782159,84.22370748782159
2024-09-23 21:22:51.427551,41.61,52.818072,0.0011441298778511575,-0.023181236725942318,0.0976994861521123,44.11764879391193,-96.25519929585457,76.200527287817
2024-09-23 21:22:51.460811,41.61,52.818123,0.0010943914612681128,-0.023181236725942318,0.0976994861521123,44.11764879391193,-96.25519929585457,76.200527287817
2024-09-23 21:22:51.471803,41.61,52.818123,0.0010943914612681128,-0.02308174982955575,0.09725178296655933,32.08287849390507,-96.25519929585457,76.200527287817
2024-09-23 21:22:51.513969,41.61,52.81821,0.0010943914612681128,-0.02263404056809607,0.09705279702197278,32.08287849390507,-96.25519929585457,76.200527287817
2024-09-23 21:22:51.526031,41.61,52.81821,0.0010943914612681128,-0.02263404056809607,0.09705279702197278,40.106058693909645,-96.25519929585457,76.200527287817
2024-09-23 21:22:51.559254,41.61,52.818262,0.0010943914612681128,-0.02263404056809607,0.09705279702197278,40.106058693909645,-96.25519929585457,76.200527287817
2024-09-23 21:22:51.570896,41.61,52.818262,0.0006466830067647949,-0.02338022115155219,0.09675432418099966,40.106058693909645,-96.25519929585457,76.200527287817
2024-09-23 21:22:51.613334,41.61,52.818357,0.000845657606494293,-0.022982261414192504,0.09675432418099966,40.106058693909645,-100.26678939585686,76.200527287817
2024-09-23 21:22:51.656517,41.61,52.818357,0.000845657606494293,-0.022982261414192504,0.09690356060148622,36.09446859390736,-100.26678939585686,76.200527287817
2024-09-23 21:22:51.668129,41.61,52.818505,0.00044769805900669,-0.022982261414192504,0.09690356060148622,36.09446859390736,-100.26678939585686,80.21211738781929
2024-09-23 21:22:51.710744,41.61,52.8186,0.00044769805900669,-0.023181236725942318,0.09779897304849887,44.11764879391193,-88.23529758782387,76.200527287817
2024-09-23 21:22:51.754176,41.61,52.8186,0.0007461703303635545,-0.02268379009219606,0.09695331012558621,44.11764879391193,-88.23529758782387,76.200527287817
2024-09-23 21:22:51.765766,41.61,52.8186,0.0007461703303635545,-0.02268379009219606,0.09695331012558621,44.11764879391193,-100.26678939585686,76.200527287817
2024-09-23 21:22:51.809571,41.61,52.818652,0.0003979595949556242,-0.02308174982955575,0.09750050628343246,36.09446859390736,-96.25519929585457,76.200527287817
2024-09-23 21:22:51.852214,41.61,52.818702,0.0003979595949556242,-0.02308174982955575,0.09750050628343246,36.09446859390736,-96.25519929585457,76.200527287817
2024-09-23 21:22:51.905191,41.61,52.818702,0.0006466830067647949,-0.02278327698858263,0.0973015264147526,36.09446859390736,-96.25519929585457,80.21211738781929
2024-09-23 21:22:51.948490,41.61,52.818753,0.000845657606494293,-0.02278327698858263,0.0973015264147526,36.09446859390736,-96.25519929585457,80.21211738781929
2024-09-23 21:22:51.960296,41.61,52.818753,0.000845657606494293,-0.02263404056809607,0.09710254654607277,44.11764879391193,-88.23529758782387,80.21211738781929
2024-09-23 21:22:52.003257,41.61,52.818804,0.00029846189959424716,-0.022982261414192504,0.09710254654607277,44.11764879391193,-88.23529758782387,80.21211738781929
2024-09-23 21:22:52.045820,41.61,52.818804,0.00029846189959424716,-0.022982261414192504,0.09710254654607277,44.11764879391193,-96.25519929585457,80.21211738781929
2024-09-23 21:22:52.057916,41.61,52.818854,0.0007959191899112484,-0.02233556924609963,0.09755024973162574,44.11764879391193,-96.25519929585457,80.21211738781929
2024-09-23 21:22:52.101757,41.61,52.818941,0.0005471957306340564,-0.02278327698858263,0.09755024973162574,40.106058693909645,-100.26678939585686,72.1922225099802
2024-09-23 21:22:52.143848,41.61,52.818941,0.0005471957306340564,-0.02278327698858263,0.09725178296655933,40.106058693909645,-100.26678939585686,72.1922225099802
2024-09-23 21:22:52.154858,41.61,52.818993,0.0003979595949556242,-0.02278327698858263,0.09725178296655933,40.106058693909645,-100.26678939585686,80.21211738781929
2024-09-23 21:22:52.197767,41.61,52.819088,0.0003979595949556242,-0.023479709566915436,0.09715228999426605,48.12595698684454,-92.24360919585227,72.1922225099802
2024-09-23 21:22:52.239621,41.61,52.819088,0.000845657606494293,-0.02303200030545576,0.09715228999426605,48.12595698684454,-92.24360919585227,72.1922225099802
2024-09-23 21:22:52.250948,41.61,52.819088,0.000845657606494293,-0.02303200030545576,0.0966050877605131,44.11764879391193,-96.25519929585457,72.1922225099802
2024-09-23 21:22:52.294510,41.61,52.819139,0.0005471957306340564,-0.023230986250042305,0.09764974270391902,40.106058693909645,-96.25519929585457,72.1922225099802
2024-09-23 21:22:52.307349,41.61,52.819139,0.0005471957306340564,-0.023230986250042305,0.09764974270391902,40.106058693909645,-92.24360919585227,72.1922225099802
2024-09-23 21:22:52.339223,41.61,52.81919,0.0005969341946851222,-0.023230986250042305,0.09764974270391902,40.106058693909645,-92.24360919585227,80.21211738781929
2024-09-23 21:22:52.350716,41.61,52.81919,0.0005969341946851222,-0.02308174982955575,0.09755024973162574,36.09446859390736,-92.24360919585227,80.21211738781929
2024-09-23 21:22:52.393603,41.61,52.81924,0.0007959191899112484,-0.02278327698858263,0.0973512698629459,36.09446859390736,-92.24360919585227,84.22370748782159
2024-09-23 21:22:52.435591,41.46,52.81924,0.0007959191899112484,-0.02278327698858263,0.0973512698629459,40.106058693909645,-96.25519929585457,80.21211738781929
2024-09-23 21:22:52.447747,41.46,52.819291,0.000845657606494293,-0.022833026512682618,0.0973512698629459,40.106058693909645,-96.25519929585457,80.21211738781929
2024-09-23 21:22:52.490437,41.46,52.819291,0.000845657606494293,-0.022833026512682618,0.09779897304849887,48.12595698684454,-92.24360919585227,76.200527287817
2024-09-23 21:22:52.532253,41.46,52.819342,0.00029846189959424716,-0.022833026512682618,0.09779897304849887,48.12595698684454,-92.24360919585227,76.200527287817
2024-09-23 21:22:52.543567,41.46,52.819342,0.00029846189959424716,-0.02268379009219606,0.09745075675933246,40.106058693909645,-96.25519929585457,76.200527287817
2024-09-23 21:22:52.586100,41.46,52.819429,0.0004974468710863627,-0.022833026512682618,0.0973512698629459,40.106058693909645,-96.25519929585457,72.1922225099802
2024-09-23 21:22:52.597847,41.46,52.819429,0.0004974468710863627,-0.022833026512682618,0.0973512698629459,44.11764879391193,-96.25519929585457,72.1922225099802
2024-09-23 21:22:52.630385,41.46,52.819429,0.0004974468710863627,-0.022833026512682618,0.0973512698629459,44.11764879391193,-96.25519929585457,76.200527287817
2024-09-23 21:22:52.642686,41.46,52.81948,0.0005969341946851222,-0.0228827638849692,0.0973015264147526,44.11764879391193,-96.25519929585457,76.200527287817
2024-09-23 21:22:52.685981,41.46,52.819531,0.001044642601720419,-0.023280723622328886,0.0973015264147526,44.11764879391193,-92.24360919585227,64.16903547978401
2024-09-23 21:22:52.729183,41.46,52.819531,0.001044642601720419,-0.023280723622328886,0.09740101331113918,48.12595698684454,-96.25519929585457,64.16903547978401
2024-09-23 21:22:52.740779,41.46,52.819582,0.0008954064660419869,-0.023280723622328886,0.09740101331113918,48.12595698684454,-96.25519929585457,72.1922225099802
2024-09-23 21:22:52.783482,41.46,52.819673,0.0008954064660419869,-0.023230986250042305,0.09715228999426605,44.11764879391193,-92.24360919585227,80.21211738781929
2024-09-23 21:22:52.826258,41.46,52.819673,0.0009451553255896806,-0.02313149783467906,0.09740101331113918,44.11764879391193,-92.24360919585227,80.21211738781929
2024-09-23 21:22:52.837874,41.46,52.819673,0.0009451553255896806,-0.02313149783467906,0.09740101331113918,40.106058693909645,-96.25519929585457,72.1922225099802
2024-09-23 21:22:52.880725,41.46,52.819724,0.0005471957306340564,-0.0228827638849692,0.098047696365372,48.12595698684454,-92.24360919585227,72.1922225099802
2024-09-23 21:22:52.923085,41.46,52.819775,0.0005471957306340564,-0.0228827638849692,0.098047696365372,48.12595698684454,-92.24360919585227,80.21211738781929
2024-09-23 21:22:52.934297,41.46,52.819775,0.001044642601720419,-0.02352945757203875,0.09794820946898543,40.106058693909645,-92.24360919585227,80.21211738781929
2024-09-23 21:22:52.977723,41.46,52.819825,0.0006466830067647949,-0.02313149783467906,0.09794820946898543,40.106058693909645,-100.26678939585686,80.21211738781929
2024-09-23 21:22:52.989251,41.46,52.819825,0.0006466830067647949,-0.02313149783467906,0.09740101331113918,40.106058693909645,-100.26678939585686,80.21211738781929
2024-09-23 21:22:53.022405,41.46,52.819825,0.0006466830067647949,-0.02313149783467906,0.09740101331113918,44.11764879391193,-96.25519929585457,76.200527287817
2024-09-23 21:22:53.033789,41.46,52.819876,0.00024872343554318134,-0.02367869399252531,0.09740101331113918,44.11764879391193,-96.25519929585457,76.200527287817
2024-09-23 21:22:53.075865,41.46,52.819927,0.0006964318663124887,-0.02367869399252531,0.0976994861521123,48.12595698684454,-96.25519929585457,72.1922225099802
2024-09-23 21:22:53.120001,41.46,52.819927,0.0006964318663124887,-0.02313149783467906,0.09685382322919964,36.09446859390736,-96.25519929585457,72.1922225099802
2024-09-23 21:22:53.131747,41.46,52.820014,0.0006964318663124887,-0.02313149783467906,0.09685382322919964,36.09446859390736,-96.25519929585457,76.200527287817
2024-09-23 21:22:53.174506,41.46,52.820014,0.0011441298778511575,-0.023429960042815445,0.0973015264147526,44.11764879391193,-92.24360919585227,80.21211738781929
2024-09-23 21:22:53.217850,41.46,52.820065,0.0006964318663124887,-0.023330473146428877,0.0973015264147526,44.11764879391193,-92.24360919585227,80.21211738781929
2024-09-23 21:22:53.230296,41.46,52.820065,0.0006964318663124887,-0.023330473146428877,0.09725178296655933,40.106058693909645,-92.24360919585227,80.21211738781929
2024-09-23 21:22:53.262959,41.46,52.820065,0.0006964318663124887,-0.023330473146428877,0.09725178296655933,40.106058693909645,-92.24360919585227,76.200527287817
2024-09-23 21:22:53.274148,41.46,52.820116,0.0007959191899112484,-0.023280723622328886,0.098047696365372,40.106058693909645,-92.24360919585227,76.200527287817
2024-09-23 21:22:53.316387,41.46,52.820167,0.0007461703303635545,-0.023280723622328886,0.098047696365372,40.106058693909645,-88.23529758782387,72.1922225099802
2024-09-23 21:22:53.327842,41.46,52.820167,0.0007461703303635545,-0.023728432883788564,0.09720203344245934,40.106058693909645,-88.23529758782387,72.1922225099802
2024-09-23 21:22:53.411888,41.46,52.820167,0.0007461703303635545,-0.023728432883788564,0.09720203344245934,36.09446859390736,-88.23529758782387,80.21211738781929
2024-09-23 21:22:53.423624,41.46,52.820217,0.0007461703303635545,-0.02397715620066169,0.09720203344245934,36.09446859390736,-88.23529758782387,80.21211738781929
2024-09-23 21:22:53.465819,41.52,52.820268,0.00044769805900669,-0.02397715620066169,0.0973015264147526,40.106058693909645,-92.24360919585227,84.22370748782159
2024-09-23 21:22:53.510520,41.52,52.820268,0.00044769805900669,-0.02362894446842532,0.09764974270391902,48.12595698684454,-92.24360919585227,84.22370748782159
2024-09-23 21:22:53.522112,41.52,52.820355,0.00044769805900669,-0.02362894446842532,0.09764974270391902,48.12595698684454,-96.25519929585457,76.200527287817
2024-09-23 21:22:53.553989,41.52,52.820355,0.0003979595949556242,-0.02362894446842532,0.09764974270391902,48.12595698684454,-96.25519929585457,76.200527287817
2024-09-23 21:22:53.565421,41.52,52.820355,0.0003979595949556242,-0.02303200030545576,0.0973512698629459,44.11764879391193,-92.24360919585227,72.1922225099802
2024-09-23 21:22:53.607754,41.52,52.820407,0.0003979595949556242,-0.02313149783467906,0.0973512698629459,44.11764879391193,-92.24360919585227,72.1922225099802
2024-09-23 21:22:53.619306,41.52,52.820407,0.0003979595949556242,-0.02313149783467906,0.09789846602079214,40.106058693909645,-92.24360919585227,72.1922225099802
2024-09-23 21:22:53.652422,41.52,52.820407,0.0003979595949556242,-0.02313149783467906,0.09789846602079214,40.106058693909645,-92.24360919585227,84.22370748782159
2024-09-23 21:22:53.663884,41.52,52.820502,0.0005969341946851222,-0.02293251340906919,0.09774922960030558,40.106058693909645,-92.24360919585227,84.22370748782159
2024-09-23 21:22:53.706540,41.52,52.820554,0.00029846189959424716,-0.0228827638849692,0.09774922960030558,40.106058693909645,-92.24360919585227,76.200527287817
2024-09-23 21:22:53.718605,41.52,52.820554,0.00029846189959424716,-0.0228827638849692,0.09725178296655933,40.106058693909645,-92.24360919585227,76.200527287817
2024-09-23 21:22:53.751110,41.52,52.820554,0.00029846189959424716,-0.0228827638849692,0.09725178296655933,36.09446859390736,-96.25519929585457,76.200527287817
2024-09-23 21:22:53.762395,41.52,52.820604,0.0003979595949556242,-0.023429960042815445,0.09725178296655933,36.09446859390736,-96.25519929585457,76.200527287817
2024-09-23 21:22:53.804624,41.52,52.820655,0.0003979595949556242,-0.023429960042815445,0.09670458680871308,44.11764879391193,-92.24360919585227,80.21211738781929
2024-09-23 21:22:53.816419,41.52,52.820655,0.0009948937421727254,-0.023429960042815445,0.09670458680871308,44.11764879391193,-92.24360919585227,80.21211738781929
2024-09-23 21:22:53.849240,41.52,52.820655,0.0009948937421727254,-0.02268379009219606,0.09750050628343246,44.11764879391193,-92.24360919585227,80.21211738781929
2024-09-23 21:22:53.861107,41.52,52.820745,0.0009948937421727254,-0.02268379009219606,0.09750050628343246,40.106058693909645,-96.25519929585457,72.1922225099802
2024-09-23 21:22:53.896602,41.52,52.820745,0.0005471957306340564,-0.02268379009219606,0.09750050628343246,40.106058693909645,-96.25519929585457,72.1922225099802
2024-09-23 21:22:53.908471,41.52,52.820745,0.0005471957306340564,-0.02293251340906919,0.09740101331113918,32.08287849390507,-92.24360919585227,72.1922225099802
2024-09-23 21:22:53.950770,41.52,52.820797,0.0007959191899112484,-0.023280723622328886,0.0970030596496862,36.09446859390736,-92.24360919585227,72.1922225099802
2024-09-23 21:22:53.962720,41.52,52.820797,0.0007959191899112484,-0.023280723622328886,0.0970030596496862,36.09446859390736,-96.25519929585457,72.1922225099802
2024-09-23 21:22:53.995528,41.52,52.820847,0.0007959191899112484,-0.023280723622328886,0.0970030596496862,36.09446859390736,-96.25519929585457,76.200527287817
2024-09-23 21:22:54.006761,41.52,52.820847,0.00024872343554318134,-0.02268379009219606,0.0970030596496862,44.11764879391193,-96.25519929585457,76.200527287817
2024-09-23 21:22:54.049058,41.52,52.820898,0.0,-0.02278327698858263,0.0970030596496862,44.11764879391193,-100.26678939585686,76.200527287817
2024-09-23 21:22:54.061063,41.52,52.820898,0.0,-0.02278327698858263,0.09740101331113918,44.11764879391193,-100.26678939585686,76.200527287817
2024-09-23 21:22:54.094794,41.52,52.820898,0.0,-0.02278327698858263,0.09740101331113918,40.106058693909645,-96.25519929585457,80.21211738781929
2024-09-23 21:22:54.106073,41.52,52.820949,0.00034821073540793035,-0.023181236725942318,0.09740101331113918,40.106058693909645,-96.25519929585457,80.21211738781929
2024-09-23 21:22:54.148402,41.52,52.820999,0.00034821073540793035,-0.023181236725942318,0.09750050628343246,40.106058693909645,-100.26678939585686,80.21211738781929
2024-09-23 21:22:54.191892,41.52,52.820999,0.00034821073540793035,-0.022833026512682618,0.09725178296655933,40.106058693909645,-100.26678939585686,80.21211738781929
2024-09-23 21:22:54.203544,41.52,52.821086,0.00034821073540793035,-0.022833026512682618,0.09725178296655933,40.106058693909645,-96.25519929585457,80.21211738781929
2024-09-23 21:22:54.246783,41.52,52.821086,0.0007959191899112484,-0.02308174982955575,0.09789846602079214,48.12595698684454,-104.27510100388527,76.200527287817
2024-09-23 21:22:54.289401,41.52,52.821138,0.0004974468710863627,-0.023330473146428877,0.09789846602079214,48.12595698684454,-104.27510100388527,76.200527287817
2024-09-23 21:22:54.300719,41.52,52.821138,0.0004974468710863627,-0.023330473146428877,0.09789846602079214,40.106058693909645,-88.23529758782387,76.200527287817
2024-09-23 21:22:54.343685,41.52,52.821189,0.0012436275969465451,-0.023429960042815445,0.09705279702197278,40.106058693909645,-88.23529758782387,84.22370748782159
2024-09-23 21:22:54.386754,41.52,52.821239,0.0012436275969465451,-0.023429960042815445,0.09705279702197278,40.106058693909645,-92.24360919585227,80.21211738781929
2024-09-23 21:22:54.398354,41.52,52.821239,0.0005471957306340564,-0.0228827638849692,0.0973512698629459,40.106058693909645,-92.24360919585227,80.21211738781929
2024-09-23 21:22:54.440484,41.52,52.82129,0.00034821073540793035,-0.022982261414192504,0.0973512698629459,40.106058693909645,-96.25519929585457,76.200527287817
2024-09-23 21:22:54.483372,42.03,52.82129,0.00034821073540793035,-0.022982261414192504,0.0973015264147526,40.106058693909645,-96.25519929585457,76.200527287817
2024-09-23 21:22:54.535599,42.03,52.821341,0.00034821073540793035,-0.022982261414192504,0.0973015264147526,40.106058693909645,-92.24360919585227,84.22370748782159
2024-09-23 21:22:54.548277,42.03,52.821341,0.0008954064660419869,-0.022733528983459317,0.0973015264147526,40.106058693909645,-92.24360919585227,84.22370748782159
2024-09-23 21:22:54.580502,42.03,52.821341,0.0008954064660419869,-0.022733528983459317,0.09759999317981902,44.11764879391193,-92.24360919585227,84.22370748782159
2024-09-23 21:22:54.591581,42.03,52.821428,0.000845657606494293,-0.022733528983459317,0.09759999317981902,44.11764879391193,-96.25519929585457,76.200527287817
2024-09-23 21:22:54.634102,42.03,52.821428,0.000845657606494293,-0.022733528983459317,0.0970030596496862,48.12595698684454,-96.25519929585457,72.1922225099802
2024-09-23 21:22:54.646308,42.03,52.821479,0.000845657606494293,-0.022733528983459317,0.0970030596496862,48.12595698684454,-96.25519929585457,72.1922225099802
2024-09-23 21:22:54.678815,42.03,52.821479,0.0005471957306340564,-0.0228827638849692,0.09685382322919964,48.12595698684454,-96.25519929585457,72.1922225099802
2024-09-23 21:22:54.690321,42.03,52.821479,0.0005471957306340564,-0.0228827638849692,0.09685382322919964,40.106058693909645,-88.23529758782387,76.200527287817
2024-09-23 21:22:54.732529,42.03,52.82153,0.0005969341946851222,-0.02338022115155219,0.09685382322919964,48.12595698684454,-92.24360919585227,76.200527287817
2024-09-23 21:22:54.774519,42.03,52.821624,0.0005969341946851222,-0.02338022115155219,0.09685382322919964,48.12595698684454,-92.24360919585227,72.1922225099802
2024-09-23 21:22:54.786213,42.03,52.821624,0.0005969341946851222,-0.023230986250042305,0.09740101331113918,36.09446859390736,-92.24360919585227,72.1922225099802
2024-09-23 21:22:54.828512,42.03,52.821675,0.0007461703303635545,-0.02313149783467906,0.09740101331113918,36.09446859390736,-100.26678939585686,84.22370748782159
2024-09-23 21:22:54.840441,42.03,52.821675,0.0007461703303635545,-0.02313149783467906,0.09725178296655933,36.09446859390736,-100.26678939585686,84.22370748782159
2024-09-23 21:22:54.872945,42.03,52.821675,0.0007461703303635545,-0.02313149783467906,0.09725178296655933,44.11764879391193,-92.24360919585227,84.22370748782159
2024-09-23 21:22:54.884516,42.03,52.821725,0.0007461703303635545,-0.023230986250042305,0.09725178296655933,44.11764879391193,-92.24360919585227,76.200527287817
2024-09-23 21:22:54.926913,42.03,52.821777,0.0007461703303635545,-0.023230986250042305,0.09784872257259886,40.106058693909645,-92.24360919585227,68.18063240997792
2024-09-23 21:22:54.939017,42.03,52.821777,0.0006964318663124887,-0.023230986250042305,0.09784872257259886,40.106058693909645,-92.24360919585227,68.18063240997792
2024-09-23 21:22:54.971152,42.03,52.821777,0.0006964318663124887,-0.023728432883788564,0.09720203344245934,40.106058693909645,-92.24360919585227,68.18063240997792
2024-09-23 21:22:54.982245,42.03,52.821866,0.0006964318663124887,-0.023728432883788564,0.09720203344245934,40.106058693909645,-88.23529758782387,80.21211738781929
2024-09-23 21:22:55.024454,42.03,52.821866,0.00044769805900669,-0.022733528983459317,0.09809744588947199,44.11764879391193,-88.23529758782387,80.21211738781929
2024-09-23 21:22:55.036185,42.03,52.821866,0.00044769805900669,-0.022733528983459317,0.09809744588947199,44.11764879391193,-88.23529758782387,76.200527287817
2024-09-23 21:22:55.069905,42.03,52.821918,0.0011441298778511575,-0.0228827638849692,0.09809744588947199,44.11764879391193,-88.23529758782387,76.200527287817
2024-09-23 21:22:55.081378,42.03,52.821918,0.0011441298778511575,-0.0228827638849692,0.09745075675933246,36.09446859390736,-92.24360919585227,76.200527287817
2024-09-23 21:22:55.124378,42.03,52.821969,0.0006466830067647949,-0.02352945757203875,0.09755024973162574,40.106058693909645,-92.24360919585227,76.200527287817
2024-09-23 21:22:55.166398,42.03,52.82202,0.0006466830067647949,-0.02352945757203875,0.09755024973162574,40.106058693909645,-92.24360919585227,76.200527287817
2024-09-23 21:22:55.178288,42.03,52.82202,0.0007461703303635545,-0.0228827638849692,0.09784872257259886,40.106058693909645,-92.24360919585227,76.200527287817
2024-09-23 21:22:55.220887,42.03,52.82207,0.0007959191899112484,-0.023230986250042305,0.09784872257259886,40.106058693909645,-96.25519929585457,76.200527287817
2024-09-23 21:22:55.262896,42.03,52.82207,0.0007959191899112484,-0.023230986250042305,0.0973512698629459,44.11764879391193,-96.25519929585457,76.200527287817
2024-09-23 21:22:55.274827,42.03,52.822121,0.0009948937421727254,-0.023230986250042305,0.0973512698629459,44.11764879391193,-88.23529758782387,84.22370748782159
2024-09-23 21:22:55.318634,42.03,52.822208,0.0009948937421727254,-0.02278327698858263,0.09745075675933246,40.106058693909645,-96.25519929585457,80.21211738781929
2024-09-23 21:22:55.360688,42.03,52.822208,0.0010943914612681128,-0.02338022115155219,0.09745075675933246,40.106058693909645,-96.25519929585457,80.21211738781929
2024-09-23 21:22:55.371946,42.03,52.822208,0.0010943914612681128,-0.02338022115155219,0.09725178296655933,48.12595698684454,-96.25519929585457,72.1922225099802
2024-09-23 21:22:55.414224,42.03,52.822259,0.0009451553255896806,-0.02278327698858263,0.09725178296655933,48.12595698684454,-96.25519929585457,72.1922225099802
2024-09-23 21:22:55.456764,42.03,52.822259,0.0009451553255896806,-0.02278327698858263,0.09720203344245934,48.12595698684454,-96.25519929585457,72.1922225099802
2024-09-23 21:22:55.468565,42.03,52.82231,0.0005969341946851222,-0.02278327698858263,0.09720203344245934,36.09446859390736,-100.26678939585686,84.22370748782159
2024-09-23 21:22:55.511626,41.64,52.82231,0.0005969341946851222,-0.023579196463302005,0.0973512698629459,44.11764879391193,-96.25519929585457,76.200527287817
2024-09-23 21:22:55.523542,41.64,52.82236,0.0005969341946851222,-0.023579196463302005,0.0973512698629459,44.11764879391193,-96.25519929585457,76.200527287817
2024-09-23 21:22:55.556864,41.64,52.82236,0.000845657606494293,-0.02263404056809607,0.09759999317981902,44.11764879391193,-96.25519929585457,76.200527287817
2024-09-23 21:22:55.568092,41.64,52.82236,0.000845657606494293,-0.02263404056809607,0.09759999317981902,40.106058693909645,-96.25519929585457,76.200527287817
2024-09-23 21:22:55.610764,41.64,52.822411,0.0005969341946851222,-0.022733528983459317,0.09720203344245934,40.106058693909645,-92.24360919585227,76.200527287817
2024-09-23 21:22:55.652863,41.64,52.822462,0.0005969341946851222,-0.022733528983459317,0.09720203344245934,40.106058693909645,-92.24360919585227,76.200527287817
2024-09-23 21:22:55.665161,41.64,52.822462,0.0007959191899112484,-0.023280723622328886,0.09715228999426605,40.106058693909645,-92.24360919585227,76.200527287817
2024-09-23 21:22:55.707503,41.64,52.822462,0.0007959191899112484,-0.023280723622328886,0.09715228999426605,40.106058693909645,-92.24360919585227,76.200527287817
2024-09-23 21:22:55.750134,41.64,52.822462,0.0007959191899112484,-0.023280723622328886,0.09715228999426605,40.106058693909645,-92.24360919585227,76.200527287817
2024-09-23 21:22:55.761673,41.64,52.822551,0.0007959191899112484,-0.02338022115155219,0.09764974270391902,32.08287849390507,-92.24360919585227,76.200527287817
2024-09-23 21:22:55.804297,41.64,52.822601,0.0007461703303635545,-0.02338022115155219,0.09764974270391902,32.08287849390507,-92.24360919585227,72.1922225099802
2024-09-23 21:22:55.816337,41.64,52.822601,0.0007461703303635545,-0.02338022115155219,0.09675432418099966,32.08287849390507,-92.24360919585227,72.1922225099802
2024-09-23 21:22:55.847812,41.64,52.822601,0.0007461703303635545,-0.02338022115155219,0.09675432418099966,36.09446859390736,-88.23529758782387,72.1922225099802
2024-09-23 21:22:55.858902,41.64,52.822652,0.0013928637326249774,-0.023330473146428877,0.09675432418099966,36.09446859390736,-88.23529758782387,80.21211738781929
2024-09-23 21:22:55.900839,41.64,52.822744,0.0013928637326249774,-0.023330473146428877,0.09705279702197278,48.12595698684454,-92.24360919585227,76.200527287817
2024-09-23 21:22:55.912862,41.64,52.822744,0.0009451553255896806,-0.023330473146428877,0.09705279702197278,48.12595698684454,-92.24360919585227,76.200527287817
2024-09-23 21:22:55.944912,41.64,52.822744,0.0009451553255896806,-0.02308174982955575,0.09750050628343246,48.12595698684454,-92.24360919585227,76.200527287817
2024-09-23 21:22:55.956463,41.64,52.822795,0.0009451553255896806,-0.02308174982955575,0.09750050628343246,36.09446859390736,-100.26678939585686,80.21211738781929
2024-09-23 21:22:55.999059,41.64,52.822795,0.0007959191899112484,-0.02338022115155219,0.0973015264147526,44.11764879391193,-96.25519929585457,80.21211738781929
2024-09-23 21:22:56.010747,41.64,52.822795,0.0007959191899112484,-0.02338022115155219,0.0973015264147526,44.11764879391193,-96.25519929585457,72.1922225099802
2024-09-23 21:22:56.042950,41.64,52.822891,0.0003979595949556242,-0.02338022115155219,0.0973015264147526,44.11764879391193,-96.25519929585457,72.1922225099802
2024-09-23 21:22:56.054425,41.64,52.822891,0.0003979595949556242,-0.02308174982955575,0.0976994861521123,44.11764879391193,-96.25519929585457,72.1922225099802
2024-09-23 21:22:56.096213,41.64,52.822942,0.0012933660135295898,-0.0225345536717095,0.09750050628343246,44.11764879391193,-96.25519929585457,80.21211738781929
2024-09-23 21:22:56.107995,41.64,52.822942,0.0012933660135295898,-0.0225345536717095,0.09750050628343246,36.09446859390736,-96.25519929585457,80.21211738781929
2024-09-23 21:22:56.139860,41.64,52.822942,0.0012933660135295898,-0.0225345536717095,0.09750050628343246,36.09446859390736,-88.23529758782387,76.200527287817
2024-09-23 21:22:56.151894,41.64,52.822993,0.001044642601720419,-0.022982261414192504,0.09774922960030558,36.09446859390736,-88.23529758782387,76.200527287817
2024-09-23 21:22:56.194849,41.64,52.823043,0.0007959191899112484,-0.02308174982955575,0.09774922960030558,36.09446859390736,-96.25519929585457,72.1922225099802
2024-09-23 21:22:56.237598,41.64,52.823043,0.0007959191899112484,-0.02308174982955575,0.09799795899308542,40.106058693909645,-96.25519929585457,72.1922225099802
2024-09-23 21:22:56.249159,41.64,52.823094,0.0006466830067647949,-0.02308174982955575,0.09799795899308542,40.106058693909645,-96.25519929585457,76.200527287817
2024-09-23 21:22:56.292218,41.64,52.823183,0.0006466830067647949,-0.022982261414192504,0.09764974270391902,40.106058693909645,-88.23529758782387,80.21211738781929
2024-09-23 21:22:56.335342,41.64,52.823183,0.000845657606494293,-0.02308174982955575,0.09764974270391902,40.106058693909645,-88.23529758782387,80.21211738781929
2024-09-23 21:22:56.346268,41.64,52.823183,0.000845657606494293,-0.02308174982955575,0.09680407370509965,44.11764879391193,-92.24360919585227,80.21211738781929
2024-09-23 21:22:56.388982,41.64,52.823234,0.00034821073540793035,-0.023429960042815445,0.09750050628343246,40.106058693909645,-92.24360919585227,80.21211738781929
2024-09-23 21:22:56.401292,41.64,52.823234,0.00034821073540793035,-0.023429960042815445,0.09750050628343246,40.106058693909645,-88.23529758782387,80.21211738781929
2024-09-23 21:22:56.433840,41.64,52.823285,0.00034821073540793035,-0.023429960042815445,0.09750050628343246,40.106058693909645,-88.23529758782387,76.200527287817
2024-09-23 21:22:56.486341,41.64,52.823285,0.0006964318663124887,-0.023479709566915436,0.09779897304849887,44.11764879391193,-96.25519929585457,76.200527287817
2024-09-23 21:22:56.498352,41.64,52.823285,0.0006964318663124887,-0.023479709566915436,0.09779897304849887,44.11764879391193,-96.25519929585457,76.200527287817
2024-09-23 21:22:56.530951,41.93,52.823335,-9.948729986474904e-05,-0.023479709566915436,0.09779897304849887,44.11764879391193,-96.25519929585457,76.200527287817
2024-09-23 21:22:56.542830,41.93,52.823335,-9.948729986474904e-05,-0.023579196463302005,0.09705279702197278,40.106058693909645,-96.25519929585457,76.200527287817
2024-09-23 21:22:56.585444,41.93,52.823386,0.0010943914612681128,-0.0228827638849692,0.0973015264147526,48.12595698684454,-96.25519929585457,76.200527287817
2024-09-23 21:22:56.627751,41.93,52.823386,0.0010943914612681128,-0.0228827638849692,0.0973015264147526,48.12595698684454,-92.24360919585227,80.21211738781929
2024-09-23 21:22:56.639071,41.93,52.823437,0.0007461703303635545,-0.023479709566915436,0.09799795899308542,48.12595698684454,-92.24360919585227,80.21211738781929
2024-09-23 21:22:56.681779,41.93,52.823524,0.0007461703303635545,-0.023479709566915436,0.09799795899308542,40.106058693909645,-100.26678939585686,80.21211738781929
2024-09-23 21:22:56.724698,41.93,52.823524,0.0012436275969465451,-0.023479709566915436,0.09799795899308542,40.106058693909645,-100.26678939585686,80.21211738781929
2024-09-23 21:22:56.735844,41.93,52.823524,0.0012436275969465451,-0.02308174982955575,0.09705279702197278,44.11764879391193,-100.26678939585686,68.18063240997792
2024-09-23 21:22:56.778983,41.93,52.823575,0.0009451553255896806,-0.02268379009219606,0.0973015264147526,44.11764879391193,-100.26678939585686,68.18063240997792
2024-09-23 21:22:56.790131,41.93,52.823575,0.0009451553255896806,-0.02268379009219606,0.0973015264147526,40.106058693909645,-96.25519929585457,68.18063240997792
2024-09-23 21:22:56.822062,41.93,52.823575,0.0009451553255896806,-0.02268379009219606,0.0973015264147526,40.106058693909645,-96.25519929585457,76.200527287817
2024-09-23 21:22:56.833164,41.93,52.82367,0.0005969341946851222,-0.02352945757203875,0.09705279702197278,44.11764879391193,-96.25519929585457,76.200527287817
2024-09-23 21:22:56.875221,41.93,52.823722,0.0012933660135295898,-0.02352945757203875,0.09705279702197278,44.11764879391193,-88.23529758782387,72.1922225099802
2024-09-23 21:22:56.886573,41.93,52.823722,0.0012933660135295898,-0.023579196463302005,0.09755024973162574,44.11764879391193,-88.23529758782387,72.1922225099802
2024-09-23 21:22:56.919822,41.93,52.823722,0.0012933660135295898,-0.023579196463302005,0.09755024973162574,48.12595698684454,-92.24360919585227,72.1922225099802
2024-09-23 21:22:56.931552,41.93,52.823772,0.0011441298778511575,-0.023230986250042305,0.09755024973162574,48.12595698684454,-92.24360919585227,68.18063240997792
2024-09-23 21:22:56.973811,41.93,52.823772,0.0011441298778511575,-0.023230986250042305,0.09710254654607277,44.11764879391193,-96.25519929585457,72.1922225099802
2024-09-23 21:22:57.015431,41.93,52.823823,0.0011441298778511575,-0.023230986250042305,0.09710254654607277,44.11764879391193,-96.25519929585457,72.1922225099802
2024-09-23 21:22:57.027598,41.93,52.823823,0.0010943914612681128,-0.023230986250042305,0.09784872257259886,40.106058693909645,-96.25519929585457,72.1922225099802
2024-09-23 21:22:57.069775,41.93,52.823914,0.000845657606494293,-0.02293251340906919,0.09784872257259886,40.106058693909645,-96.25519929585457,72.1922225099802
2024-09-23 21:22:57.080823,41.93,52.823914,0.000845657606494293,-0.02293251340906919,0.09715228999426605,44.11764879391193,-96.25519929585457,72.1922225099802
2024-09-23 21:22:57.113037,41.93,52.823914,0.000845657606494293,-0.02293251340906919,0.09715228999426605,44.11764879391193,-96.25519929585457,72.1922225099802
2024-09-23 21:22:57.124134,41.93,52.823965,0.0007959191899112484,-0.02308174982955575,0.09725178296655933,44.11764879391193,-96.25519929585457,76.200527287817
2024-09-23 21:22:57.166664,41.93,52.824016,0.0007959191899112484,-0.02308174982955575,0.09725178296655933,48.12595698684454,-96.25519929585457,80.21211738781929
2024-09-23 21:22:57.178317,41.93,52.824016,0.00029846189959424716,-0.022982261414192504,0.09725178296655933,48.12595698684454,-96.25519929585457,80.21211738781929
2024-09-23 21:22:57.221122,41.93,52.824067,0.0009451553255896806,-0.022982261414192504,0.0973015264147526,52.137550501942634,-92.24360919585227,76.200527287817
2024-09-23 21:22:57.263400,41.93,52.824067,0.0009451553255896806,-0.02308174982955575,0.09789846602079214,40.106058693909645,-92.24360919585227,76.200527287817
2024-09-23 21:22:57.275272,41.93,52.824158,0.0009451553255896806,-0.02308174982955575,0.09789846602079214,40.106058693909645,-92.24360919585227,76.200527287817
2024-09-23 21:22:57.318332,41.93,52.824158,0.0007959191899112484,-0.02303200030545576,0.09755024973162574,36.09446859390736,-92.24360919585227,72.1922225099802
2024-09-23 21:22:57.360587,41.93,52.824209,0.000845657606494293,-0.02303200030545576,0.09755024973162574,36.09446859390736,-92.24360919585227,72.1922225099802
2024-09-23 21:22:57.371590,41.93,52.824209,0.000845657606494293,-0.022833026512682618,0.09745075675933246,36.09446859390736,-88.23529758782387,72.1922225099802
2024-09-23 21:22:57.414451,41.93,52.82426,0.0010943914612681128,-0.02313149783467906,0.0973512698629459,36.09446859390736,-88.23529758782387,80.21211738781929
2024-09-23 21:22:57.457298,41.93,52.824311,0.0010943914612681128,-0.02313149783467906,0.0973512698629459,36.09446859390736,-92.24360919585227,76.200527287817
2024-09-23 21:22:57.510264,41.93,52.824311,0.0005969341946851222,-0.023230986250042305,0.09740101331113918,44.11764879391193,-96.25519929585457,76.200527287817
2024-09-23 21:22:57.522493,41.93,52.824311,0.0005969341946851222,-0.023230986250042305,0.09740101331113918,44.11764879391193,-96.25519929585457,72.1922225099802
2024-09-23 21:22:57.554340,41.74,52.824361,0.0009451553255896806,-0.023230986250042305,0.09740101331113918,44.11764879391193,-96.25519929585457,72.1922225099802
2024-09-23 21:22:57.566283,41.74,52.824361,0.0009451553255896806,-0.023280723622328886,0.09750050628343246,48.12595698684454,-88.23529758782387,72.1922225099802
2024-09-23 21:22:57.609161,41.74,52.824412,0.001044642601720419,-0.022982261414192504,0.09779897304849887,48.12595698684454,-88.23529758782387,76.200527287817
2024-09-23 21:22:57.651480,41.74,52.824412,0.001044642601720419,-0.022982261414192504,0.09779897304849887,48.12595698684454,-96.25519929585457,76.200527287817
2024-09-23 21:22:57.663160,41.74,52.824499,0.0006466830067647949,-0.02293251340906919,0.09745075675933246,48.12595698684454,-96.25519929585457,76.200527287817
2024-09-23 21:22:57.706170,41.74,52.82455,0.0006964318663124887,-0.02293251340906919,0.09745075675933246,52.137550501942634,-88.23529758782387,76.200527287817
2024-09-23 21:22:57.749181,41.74,52.82455,0.0006964318663124887,-0.02293251340906919,0.09695331012558621,52.137550501942634,-88.23529758782387,76.200527287817
2024-09-23 21:22:57.760564,41.74,52.824601,0.0007959191899112484,-0.02293251340906919,0.09695331012558621,52.137550501942634,-92.24360919585227,72.1922225099802
2024-09-23 21:22:57.803274,41.74,52.824601,0.0007959191899112484,-0.02293251340906919,0.09710254654607277,40.106058693909645,-100.26678939585686,72.1922225099802
2024-09-23 21:22:57.815458,41.74,52.824694,0.0007959191899112484,-0.02293251340906919,0.09710254654607277,40.106058693909645,-100.26678939585686,72.1922225099802
2024-09-23 21:22:57.847611,41.74,52.824694,0.0009451553255896806,-0.022733528983459317,0.09745075675933246,40.106058693909645,-100.26678939585686,72.1922225099802
2024-09-23 21:22:57.858737,41.74,52.824694,0.0009451553255896806,-0.022733528983459317,0.09745075675933246,48.12595698684454,-96.25519929585457,76.200527287817
2024-09-23 21:22:57.901727,41.74,52.824746,0.0009948937421727254,-0.023479709566915436,0.09750050628343246,52.137550501942634,-96.25519929585457,76.200527287817
2024-09-23 21:22:57.944295,41.74,52.824796,0.0009948937421727254,-0.023479709566915436,0.09750050628343246,52.137550501942634,-96.25519929585457,72.1922225099802
2024-09-23 21:22:57.955283,41.74,52.824796,0.0006964318663124887,-0.023181236725942318,0.09750050628343246,40.106058693909645,-96.25519929585457,72.1922225099802
2024-09-23 21:22:57.998125,41.74,52.824847,0.000845657606494293,-0.02293251340906919,0.09750050628343246,40.106058693909645,-88.23529758782387,80.21211738781929
2024-09-23 21:22:58.010004,41.74,52.824847,0.000845657606494293,-0.02293251340906919,0.09720203344245934,40.106058693909645,-88.23529758782387,80.21211738781929
2024-09-23 21:22:58.042603,41.74,52.824847,0.000845657606494293,-0.02293251340906919,0.09720203344245934,48.12595698684454,-88.23529758782387,80.21211738781929
2024-09-23 21:22:58.053823,41.74,52.824898,0.0009451553255896806,-0.02308174982955575,0.09720203344245934,48.12595698684454,-88.23529758782387,80.21211738781929
2024-09-23 21:22:58.096517,41.74,52.824949,0.0009451553255896806,-0.02308174982955575,0.09755024973162574,36.09446859390736,-100.26678939585686,76.200527287817
2024-09-23 21:22:58.108420,41.74,52.824949,0.0004974468710863627,-0.02308174982955575,0.09755024973162574,36.09446859390736,-100.26678939585686,76.200527287817
2024-09-23 21:22:58.140236,41.74,52.824949,0.0004974468710863627,-0.02303200030545576,0.09745075675933246,36.09446859390736,-100.26678939585686,76.200527287817
2024-09-23 21:22:58.152438,41.74,52.825035,0.0004974468710863627,-0.02303200030545576,0.09745075675933246,36.09446859390736,-96.25519929585457,80.21211738781929
2024-09-23 21:22:58.194979,41.74,52.825035,0.001442602149208022,-0.02352945757203875,0.0976994861521123,48.12595698684454,-96.25519929585457,80.21211738781929
2024-09-23 21:22:58.236784,41.74,52.825087,0.0007959191899112484,-0.02352945757203875,0.0976994861521123,48.12595698684454,-96.25519929585457,80.21211738781929
2024-09-23 21:22:58.247925,41.74,52.825087,0.0007959191899112484,-0.02338022115155219,0.0973512698629459,44.11764879391193,-96.25519929585457,80.21211738781929
2024-09-23 21:22:58.291040,41.74,52.825137,0.00044769805900669,-0.02338022115155219,0.0973512698629459,44.11764879391193,-96.25519929585457,68.18063240997792
2024-09-23 21:22:58.334645,41.74,52.825137,0.00044769805900669,-0.02308174982955575,0.09710254654607277,44.11764879391193,-96.25519929585457,68.18063240997792
2024-09-23 21:22:58.345998,41.74,52.825188,0.00044769805900669,-0.02308174982955575,0.09710254654607277,44.11764879391193,-100.26678939585686,80.21211738781929
2024-09-23 21:22:58.388453,41.74,52.825188,0.0009451553255896806,-0.023181236725942318,0.09774922960030558,44.11764879391193,-100.26678939585686,80.21211738781929
2024-09-23 21:22:58.432298,41.74,52.825188,0.0009451553255896806,-0.023181236725942318,0.09774922960030558,40.106058693909645,-100.26678939585686,80.21211738781929
2024-09-23 21:22:58.443405,41.74,52.825239,0.0005471957306340564,-0.02308174982955575,0.09774922960030558,40.106058693909645,-100.26678939585686,68.18063240997792
2024-09-23 21:22:58.485453,41.74,52.825289,0.0005471957306340564,-0.02308174982955575,0.09695331012558621,44.11764879391193,-100.26678939585686,72.1922225099802
2024-09-23 21:22:58.497412,41.74,52.825289,0.0003979595949556242,-0.02308174982955575,0.09695331012558621,44.11764879391193,-100.26678939585686,72.1922225099802
2024-09-23 21:22:58.530094,41.74,52.825289,0.0003979595949556242,-0.0228827638849692,0.09710254654607277,44.11764879391193,-100.26678939585686,72.1922225099802
2024-09-23 21:22:58.541964,41.74,52.825376,0.0003979595949556242,-0.0228827638849692,0.09710254654607277,44.11764879391193,-96.25519929585457,76.200527287817
2024-09-23 21:22:58.584758,41.74,52.825376,0.001044642601720419,-0.023479709566915436,0.09794820946898543,28.07457030097246,-100.26678939585686,76.200527287817
2024-09-23 21:22:58.626921,41.74,52.825428,0.0009948937421727254,-0.023479709566915436,0.09794820946898543,28.07457030097246,-100.26678939585686,76.200527287817
2024-09-23 21:22:58.639201,41.74,52.825428,0.0009948937421727254,-0.02313149783467906,0.09794820946898543,48.12595698684454,-96.25519929585457,76.200527287817
2024-09-23 21:22:58.683104,41.74,52.825524,0.0004974468710863627,-0.02352945757203875,0.09779897304849887,44.11764879391193,-96.25519929585457,80.21211738781929
2024-09-23 21:22:58.725942,41.74,52.825524,0.0004974468710863627,-0.02352945757203875,0.09779897304849887,44.11764879391193,-88.23529758782387,76.200527287817
2024-09-23 21:22:58.737395,41.74,52.825575,4.973845218406054e-05,-0.022982261414192504,0.0976994861521123,44.11764879391193,-88.23529758782387,76.200527287817
2024-09-23 21:22:58.780199,41.74,52.825625,0.0007461703303635545,-0.023181236725942318,0.0976994861521123,40.106058693909645,-96.25519929585457,76.200527287817
2024-09-23 21:22:58.822657,41.74,52.825625,0.0007461703303635545,-0.023181236725942318,0.09740101331113918,40.106058693909645,-88.23529758782387,76.200527287817
2024-09-23 21:22:58.834059,41.74,52.825676,0.0005471957306340564,-0.023181236725942318,0.09740101331113918,40.106058693909645,-88.23529758782387,76.200527287817
2024-09-23 21:22:58.876284,41.74,52.825766,0.0005471957306340564,-0.02308174982955575,0.09685382322919964,40.106058693909645,-92.24360919585227,76.200527287817
2024-09-23 21:22:58.918967,41.74,52.825766,0.0007461703303635545,-0.023479709566915436,0.09685382322919964,40.106058693909645,-92.24360919585227,76.200527287817
2024-09-23 21:22:58.930538,41.74,52.825766,0.0007461703303635545,-0.023479709566915436,0.09695331012558621,40.106058693909645,-96.25519929585457,76.200527287817
2024-09-23 21:22:58.973253,41.74,52.825818,0.0007461703303635545,-0.023479709566915436,0.09695331012558621,40.106058693909645,-96.25519929585457,76.200527287817
2024-09-23 21:22:59.016044,41.74,52.825818,0.0009451553255896806,-0.02352945757203875,0.09695331012558621,40.106058693909645,-96.25519929585457,76.200527287817
2024-09-23 21:22:59.028100,41.74,52.825818,0.0009451553255896806,-0.02352945757203875,0.09740101331113918,40.106058693909645,-96.25519929585457,72.1922225099802
2024-09-23 21:22:59.070914,41.74,52.825869,0.0010943914612681128,-0.023429960042815445,0.09715228999426605,44.11764879391193,-96.25519929585457,72.1922225099802
2024-09-23 21:22:59.082740,41.74,52.825869,0.0010943914612681128,-0.023429960042815445,0.09715228999426605,44.11764879391193,-80.21211738781929,72.1922225099802
2024-09-23 21:22:59.114339,41.74,52.825919,0.0010943914612681128,-0.023429960042815445,0.09715228999426605,44.11764879391193,-80.21211738781929,76.200527287817
2024-09-23 21:22:59.125427,41.74,52.825919,0.0009948937421727254,-0.023181236725942318,0.0973512698629459,36.09446859390736,-80.21211738781929,76.200527287817
2024-09-23 21:22:59.168861,41.74,52.82597,0.0007461703303635545,-0.023429960042815445,0.09685382322919964,36.09446859390736,-96.25519929585457,72.1922225099802
2024-09-23 21:22:59.211214,41.74,52.82597,0.0007461703303635545,-0.023429960042815445,0.09685382322919964,44.11764879391193,-100.26678939585686,72.1922225099802
2024-09-23 21:22:59.222749,41.74,52.826021,0.000845657606494293,-0.022833026512682618,0.09685382322919964,44.11764879391193,-100.26678939585686,72.1922225099802
2024-09-23 21:22:59.264773,41.74,52.82611,0.000845657606494293,-0.022833026512682618,0.09779897304849887,48.12595698684454,-100.26678939585686,72.1922225099802
2024-09-23 21:22:59.276889,41.74,52.82611,0.0006466830067647949,-0.022833026512682618,0.09779897304849887,48.12595698684454,-100.26678939585686,72.1922225099802
2024-09-23 21:22:59.309042,41.74,52.82611,0.0006466830067647949,-0.022833026512682618,0.09755024973162574,48.12595698684454,-100.26678939585686,72.1922225099802
2024-09-23 21:22:59.320563,41.74,52.826205,0.0006466830067647949,-0.022833026512682618,0.09755024973162574,52.137550501942634,-92.24360919585227,76.200527287817
2024-09-23 21:22:59.362938,41.74,52.826205,0.0007461703303635545,-0.022982261414192504,0.09764974270391902,40.106058693909645,-92.24360919585227,76.200527287817
2024-09-23 21:22:59.374596,41.74,52.826205,0.0007461703303635545,-0.022982261414192504,0.09764974270391902,40.106058693909645,-92.24360919585227,76.200527287817
2024-09-23 21:22:59.406836,41.74,52.826257,0.0004974468710863627,-0.022982261414192504,0.09764974270391902,40.106058693909645,-92.24360919585227,76.200527287817
2024-09-23 21:22:59.418140,41.74,52.826257,0.0004974468710863627,-0.02338022115155219,0.09799795899308542,44.11764879391193,-96.25519929585457,76.200527287817
2024-09-23 21:22:59.461096,41.74,52.826307,0.0003979595949556242,-0.02313149783467906,0.09794820946898543,44.11764879391193,-96.25519929585457,76.200527287817
2024-09-23 21:22:59.472854,41.74,52.826307,0.0003979595949556242,-0.02313149783467906,0.09794820946898543,36.09446859390736,-96.25519929585457,76.200527287817
2024-09-23 21:22:59.504402,41.74,52.826307,0.0003979595949556242,-0.02313149783467906,0.09794820946898543,36.09446859390736,-88.23529758782387,80.21211738781929
2024-09-23 21:22:59.516566,41.74,52.826358,0.0003979595949556242,-0.02313149783467906,0.09794820946898543,36.09446859390736,-88.23529758782387,80.21211738781929
2024-09-23 21:22:59.559675,41.74,52.826358,0.00044769805900669,-0.023330473146428877,0.09794820946898543,36.09446859390736,-88.23529758782387,80.21211738781929
2024-09-23 21:22:59.571229,41.74,52.826358,0.00044769805900669,-0.023330473146428877,0.09794820946898543,36.09446859390736,-88.23529758782387,76.200527287817
2024-09-23 21:22:59.603338,41.86,52.826409,0.00024872343554318134,-0.02313149783467906,0.09794820946898543,36.09446859390736,-88.23529758782387,76.200527287817
2024-09-23 21:22:59.614983,41.86,52.826409,0.00024872343554318134,-0.02313149783467906,0.09745075675933246,40.106058693909645,-96.25519929585457,76.200527287817
2024-09-23 21:22:59.658644,41.86,52.826459,0.001044642601720419,-0.022982261414192504,0.09720203344245934,40.106058693909645,-96.25519929585457,76.200527287817
2024-09-23 21:22:59.701856,41.86,52.826546,0.001442602149208022,-0.022982261414192504,0.09720203344245934,40.106058693909645,-96.25519929585457,76.200527287817
2024-09-23 21:22:59.713094,41.86,52.826546,0.001442602149208022,-0.02303200030545576,0.09759999317981902,40.106058693909645,-96.25519929585457,76.200527287817
2024-09-23 21:22:59.755971,41.86,52.826597,0.0007461703303635545,-0.02308174982955575,0.09759999317981902,44.11764879391193,-88.23529758782387,76.200527287817
2024-09-23 21:22:59.798550,41.86,52.826597,0.0007461703303635545,-0.02308174982955575,0.09720203344245934,48.12595698684454,-92.24360919585227,76.200527287817
2024-09-23 21:22:59.810236,41.86,52.826648,0.0007461703303635545,-0.02308174982955575,0.09720203344245934,48.12595698684454,-92.24360919585227,80.21211738781929
2024-09-23 21:22:59.852837,41.86,52.826741,0.0007461703303635545,-0.02313149783467906,0.0973512698629459,40.106058693909645,-96.25519929585457,76.200527287817
2024-09-23 21:22:59.896052,41.86,52.826741,0.0003979595949556242,-0.023230986250042305,0.09725178296655933,40.106058693909645,-96.25519929585457,76.200527287817
2024-09-23 21:22:59.910351,41.86,52.826741,0.0003979595949556242,-0.023230986250042305,0.09725178296655933,40.106058693909645,-92.24360919585227,76.200527287817
2024-09-23 21:22:59.942372,41.86,52.826793,0.000845657606494293,-0.023230986250042305,0.09725178296655933,40.106058693909645,-92.24360919585227,76.200527287817
2024-09-23 21:22:59.953749,41.86,52.826793,0.000845657606494293,-0.02263404056809607,0.09725178296655933,40.106058693909645,-92.24360919585227,76.200527287817
2024-09-23 21:22:59.995990,41.86,52.826844,0.0006964318663124887,-0.023230986250042305,0.09725178296655933,40.106058693909645,-92.24360919585227,72.1922225099802
2024-09-23 21:23:00.006996,41.86,52.826844,0.0006964318663124887,-0.023230986250042305,0.09750050628343246,44.11764879391193,-92.24360919585227,72.1922225099802
2024-09-23 21:23:00.040904,41.86,52.826844,0.0006964318663124887,-0.023230986250042305,0.09750050628343246,44.11764879391193,-92.24360919585227,84.22370748782159
2024-09-23 21:23:00.052454,41.86,52.826894,0.001044642601720419,-0.022833026512682618,0.0976994861521123,44.11764879391193,-92.24360919585227,84.22370748782159
2024-09-23 21:23:00.095164,41.86,52.826945,0.0006466830067647949,-0.023330473146428877,0.0976994861521123,36.09446859390736,-92.24360919585227,76.200527287817
2024-09-23 21:23:00.137757,41.86,52.826945,0.0006466830067647949,-0.023330473146428877,0.09759999317981902,36.09446859390736,-92.24360919585227,76.200527287817
2024-09-23 21:23:00.153479,41.86,52.826996,0.00044769805900669,-0.023330473146428877,0.09759999317981902,36.09446859390736,-96.25519929585457,72.1922225099802
2024-09-23 21:23:00.186230,41.86,52.826996,0.00044769805900669,-0.022833026512682618,0.09740101331113918,36.09446859390736,-96.25519929585457,72.1922225099802
2024-09-23 21:23:00.197944,41.86,52.827083,0.00044769805900669,-0.022833026512682618,0.09740101331113918,40.106058693909645,-104.27510100388527,76.200527287817
2024-09-23 21:23:00.241257,41.86,52.827083,0.0007959191899112484,-0.023429960042815445,0.09755024973162574,48.12595698684454,-104.27510100388527,76.200527287817
2024-09-23 21:23:00.284397,41.86,52.827135,0.00029846189959424716,-0.023429960042815445,0.09755024973162574,48.12595698684454,-104.27510100388527,76.200527287817
2024-09-23 21:23:00.296392,41.86,52.827135,0.00029846189959424716,-0.022982261414192504,0.09764974270391902,40.106058693909645,-104.27510100388527,76.200527287817
2024-09-23 21:23:00.339026,41.86,52.827185,0.00014922575204880957,-0.02308174982955575,0.09759999317981902,40.106058693909645,-104.27510100388527,76.200527287817
2024-09-23 21:23:00.350588,41.86,52.827185,0.00014922575204880957,-0.02308174982955575,0.09759999317981902,40.106058693909645,-104.27510100388527,76.200527287817
2024-09-23 21:23:00.383319,41.86,52.827236,0.00014922575204880957,-0.02308174982955575,0.09759999317981902,40.106058693909645,-92.24360919585227,76.200527287817
2024-09-23 21:23:00.394679,41.86,52.827236,0.0008954064660419869,-0.022833026512682618,0.09755024973162574,40.106058693909645,-92.24360919585227,76.200527287817
2024-09-23 21:23:00.437604,41.86,52.827287,0.0007461703303635545,-0.02308174982955575,0.09755024973162574,40.106058693909645,-100.26678939585686,72.1922225099802
2024-09-23 21:23:00.481336,41.86,52.827287,0.0007461703303635545,-0.02308174982955575,0.09755024973162574,48.12595698684454,-100.26678939585686,72.1922225099802
2024-09-23 21:23:00.493484,41.86,52.827338,0.0005969341946851222,-0.02308174982955575,0.09755024973162574,48.12595698684454,-100.26678939585686,72.1922225099802
2024-09-23 21:23:00.525902,41.86,52.827338,0.0005969341946851222,-0.02303200030545576,0.09755024973162574,48.12595698684454,-100.26678939585686,72.1922225099802
2024-09-23 21:23:00.537823,41.86,52.827424,0.0005969341946851222,-0.02303200030545576,0.09750050628343246,44.11764879391193,-96.25519929585457,72.1922225099802
2024-09-23 21:23:00.580101,41.86,52.827424,0.0004974468710863627,-0.02352945757203875,0.09695331012558621,36.09446859390736,-96.25519929585457,72.1922225099802
2024-09-23 21:23:00.591199,41.86,52.827424,0.0004974468710863627,-0.02352945757203875,0.09695331012558621,36.09446859390736,-96.25519929585457,80.21211738781929
2024-09-23 21:23:00.623580,42.15,52.827475,0.0004974468710863627,-0.02352945757203875,0.09695331012558621,36.09446859390736,-96.25519929585457,80.21211738781929
2024-09-23 21:23:00.634965,42.15,52.827475,0.00034821073540793035,-0.02278327698858263,0.0973512698629459,44.11764879391193,-96.25519929585457,80.21211738781929
2024-09-23 21:23:00.677335,42.15,52.827526,0.0005471957306340564,-0.02303200030545576,0.0973512698629459,44.11764879391193,-96.25519929585457,72.1922225099802
2024-09-23 21:23:00.690112,42.15,52.827526,0.0005471957306340564,-0.02303200030545576,0.09759999317981902,36.09446859390736,-96.25519929585457,72.1922225099802
2024-09-23 21:23:00.722538,42.15,52.827526,0.0005471957306340564,-0.02303200030545576,0.09759999317981902,36.09446859390736,-92.24360919585227,76.200527287817
2024-09-23 21:23:00.734266,42.15,52.827577,0.00029846189959424716,-0.02303200030545576,0.09710254654607277,36.09446859390736,-92.24360919585227,76.200527287817
2024-09-23 21:23:00.776766,42.15,52.827627,0.0007461703303635545,-0.02303200030545576,0.09710254654607277,48.12595698684454,-92.24360919585227,84.22370748782159
2024-09-23 21:23:00.789197,42.15,52.827627,0.0007461703303635545,-0.02278327698858263,0.09710254654607277,48.12595698684454,-92.24360919585227,84.22370748782159
2024-09-23 21:23:00.820738,42.15,52.827627,0.0007461703303635545,-0.02278327698858263,0.09740101331113918,44.11764879391193,-92.24360919585227,84.22370748782159
2024-09-23 21:23:00.832859,42.15,52.827678,0.0007461703303635545,-0.02278327698858263,0.09740101331113918,44.11764879391193,-96.25519929585457,76.200527287817
2024-09-23 21:23:00.918176,42.15,52.827678,0.0007461703303635545,-0.02313149783467906,0.09745075675933246,44.11764879391193,-96.25519929585457,76.200527287817
2024-09-23 21:23:00.929252,42.15,52.827765,0.0007461703303635545,-0.02313149783467906,0.09745075675933246,40.106058693909645,-96.25519929585457,76.200527287817
2024-09-23 21:23:00.971832,42.15,52.827765,0.0007461703303635545,-0.023280723622328886,0.09784872257259886,48.12595698684454,-100.26678939585686,76.200527287817
2024-09-23 21:23:00.984190,42.15,52.827765,0.0007461703303635545,-0.023280723622328886,0.09784872257259886,48.12595698684454,-100.26678939585686,80.21211738781929
2024-09-23 21:23:01.016865,42.15,52.827817,0.0008954064660419869,-0.023280723622328886,0.09784872257259886,48.12595698684454,-100.26678939585686,80.21211738781929
2024-09-23 21:23:01.028347,42.15,52.827817,0.0008954064660419869,-0.023230986250042305,0.0970030596496862,48.12595698684454,-96.25519929585457,80.21211738781929
2024-09-23 21:23:01.072223,42.15,52.827867,0.0009948937421727254,-0.02313149783467906,0.0976994861521123,48.12595698684454,-96.25519929585457,76.200527287817
2024-09-23 21:23:01.114816,42.15,52.827918,0.0009948937421727254,-0.02313149783467906,0.0976994861521123,48.12595698684454,-88.23529758782387,72.1922225099802
2024-09-23 21:23:01.125863,42.15,52.827918,0.0011938787373988514,-0.022982261414192504,0.0973015264147526,48.12595698684454,-88.23529758782387,72.1922225099802
2024-09-23 21:23:01.168978,42.15,52.828011,0.0011938787373988514,-0.022733528983459317,0.0973015264147526,44.11764879391193,-88.23529758782387,72.1922225099802
2024-09-23 21:23:01.211961,42.15,52.828011,0.0011938787373988514,-0.022733528983459317,0.09740101331113918,40.106058693909645,-88.23529758782387,72.1922225099802
2024-09-23 21:23:01.223758,42.15,52.828062,0.0005969341946851222,-0.022733528983459317,0.09740101331113918,40.106058693909645,-88.23529758782387,76.200527287817
2024-09-23 21:23:01.266502,42.15,52.828155,0.0005969341946851222,-0.023479709566915436,0.09745075675933246,40.106058693909645,-96.25519929585457,76.200527287817
2024-09-23 21:23:01.309756,42.15,52.828155,0.0008954064660419869,-0.02293251340906919,0.09755024973162574,40.106058693909645,-96.25519929585457,76.200527287817
2024-09-23 21:23:01.321182,42.15,52.828155,0.0008954064660419869,-0.02293251340906919,0.09755024973162574,36.09446859390736,-100.26678939585686,72.1922225099802
2024-09-23 21:23:01.363904,42.15,52.828207,0.0009948937421727254,-0.0225345536717095,0.0973015264147526,32.08287849390507,-100.26678939585686,72.1922225099802
2024-09-23 21:23:01.407046,42.15,52.828257,0.0006964318663124887,-0.0225345536717095,0.0973015264147526,32.08287849390507,-100.26678939585686,80.21211738781929
2024-09-23 21:23:01.418653,42.15,52.828257,0.0006964318663124887,-0.023181236725942318,0.0973015264147526,32.08287849390507,-100.26678939585686,80.21211738781929
2024-09-23 21:23:01.502523,42.15,52.828257,0.0006964318663124887,-0.023181236725942318,0.09745075675933246,32.08287849390507,-100.26678939585686,80.21211738781929
2024-09-23 21:23:01.514604,42.15,52.828308,0.0005471957306340564,-0.023181236725942318,0.09745075675933246,32.08287849390507,-96.25519929585457,76.200527287817
2024-09-23 21:23:01.556884,42.15,52.828308,0.0005471957306340564,-0.02313149783467906,0.09824668230995855,48.12595698684454,-100.26678939585686,76.200527287817
2024-09-23 21:23:01.568695,42.15,52.828359,0.0005471957306340564,-0.02313149783467906,0.09824668230995855,48.12595698684454,-100.26678939585686,76.200527287817
2024-09-23 21:23:01.600654,42.15,52.828359,0.0006964318663124887,-0.023230986250042305,0.09824668230995855,48.12595698684454,-100.26678939585686,76.200527287817
2024-09-23 21:23:01.612131,42.15,52.828359,0.0006964318663124887,-0.023230986250042305,0.09745075675933246,44.11764879391193,-100.26678939585686,76.200527287817
2024-09-23 21:23:01.654969,42.68,52.828409,0.0005969341946851222,-0.023280723622328886,0.09740101331113918,40.106058693909645,-88.23529758782387,76.200527287817
2024-09-23 21:23:01.698333,42.68,52.828496,0.0005969341946851222,-0.023280723622328886,0.09740101331113918,40.106058693909645,-88.23529758782387,76.200527287817
2024-09-23 21:23:01.710471,42.68,52.828496,0.0013431148730772837,-0.023280723622328886,0.0970030596496862,44.11764879391193,-88.23529758782387,76.200527287817
2024-09-23 21:23:01.752763,42.68,52.828596,0.001442602149208022,-0.022584292562972758,0.09759999317981902,44.11764879391193,-92.24360919585227,76.200527287817
2024-09-23 21:23:01.795800,42.68,52.828596,0.001442602149208022,-0.022584292562972758,0.09759999317981902,40.106058693909645,-92.24360919585227,76.200527287817
2024-09-23 21:23:01.806858,42.68,52.828646,0.001044642601720419,-0.023479709566915436,0.09759999317981902,40.106058693909645,-92.24360919585227,76.200527287817
2024-09-23 21:23:01.850114,42.68,52.828697,0.001044642601720419,-0.023479709566915436,0.09750050628343246,40.106058693909645,-92.24360919585227,72.1922225099802
2024-09-23 21:23:01.861962,42.68,52.828697,0.00029846189959424716,-0.023479709566915436,0.09750050628343246,40.106058693909645,-92.24360919585227,72.1922225099802
2024-09-23 21:23:01.894803,42.68,52.828697,0.00029846189959424716,-0.0228827638849692,0.0976994861521123,40.106058693909645,-92.24360919585227,72.1922225099802
2024-09-23 21:23:01.906015,42.68,52.828789,0.00029846189959424716,-0.0228827638849692,0.0976994861521123,40.106058693909645,-100.26678939585686,76.200527287817
2024-09-23 21:23:01.947972,42.68,52.828789,0.0007461703303635545,-0.023181236725942318,0.09755024973162574,40.106058693909645,-88.23529758782387,80.21211738781929
2024-09-23 21:23:01.990727,42.68,52.82884,0.0005471957306340564,-0.023181236725942318,0.09755024973162574,40.106058693909645,-88.23529758782387,80.21211738781929
2024-09-23 21:23:02.043873,42.68,52.82884,0.0005471957306340564,-0.023927417309398437,0.09710254654607277,44.11764879391193,-88.23529758782387,80.21211738781929
2024-09-23 21:23:02.056988,42.68,52.828891,0.0005471957306340564,-0.023927417309398437,0.09710254654607277,44.11764879391193,-88.23529758782387,76.200527287817
2024-09-23 21:23:02.089768,42.68,52.828891,0.0009948937421727254,-0.02338022115155219,0.09764974270391902,44.11764879391193,-88.23529758782387,76.200527287817
2024-09-23 21:23:02.101649,42.68,52.828891,0.0009948937421727254,-0.02338022115155219,0.09764974270391902,48.12595698684454,-92.24360919585227,72.1922225099802
2024-09-23 21:23:02.145028,42.68,52.828942,0.000845657606494293,-0.02303200030545576,0.09809744588947199,44.11764879391193,-96.25519929585457,72.1922225099802
2024-09-23 21:23:02.187337,42.68,52.828992,0.0007959191899112484,-0.02303200030545576,0.09809744588947199,44.11764879391193,-96.25519929585457,76.200527287817
2024-09-23 21:23:02.198862,42.68,52.828992,0.0007959191899112484,-0.02308174982955575,0.09725178296655933,44.11764879391193,-96.25519929585457,76.200527287817
2024-09-23 21:23:02.242387,42.68,52.829043,0.0003979595949556242,-0.02352945757203875,0.09665483728461309,44.11764879391193,-96.25519929585457,80.21211738781929
2024-09-23 21:23:02.285340,42.68,52.829043,0.0003979595949556242,-0.02352945757203875,0.09665483728461309,44.11764879391193,-96.25519929585457,80.21211738781929
2024-09-23 21:23:02.297248,42.68,52.829132,0.0007959191899112484,-0.023181236725942318,0.09665483728461309,44.11764879391193,-96.25519929585457,80.21211738781929
2024-09-23 21:23:02.329801,42.68,52.829132,0.0007959191899112484,-0.023181236725942318,0.09750050628343246,44.11764879391193,-96.25519929585457,80.21211738781929
2024-09-23 21:23:02.341054,42.68,52.829183,0.001044642601720419,-0.023181236725942318,0.09750050628343246,48.12595698684454,-96.25519929585457,76.200527287817
2024-09-23 21:23:02.384084,42.68,52.829183,0.001044642601720419,-0.02308174982955575,0.0973512698629459,48.12595698684454,-96.25519929585457,76.200527287817
2024-09-23 21:23:02.395792,42.68,52.829276,0.001044642601720419,-0.02308174982955575,0.0973512698629459,48.12595698684454,-96.25519929585457,76.200527287817
2024-09-23 21:23:02.428691,42.68,52.829276,0.0005969341946851222,-0.02308174982955575,0.0973512698629459,48.12595698684454,-96.25519929585457,76.200527287817
2024-09-23 21:23:02.440685,42.68,52.829276,0.0005969341946851222,-0.02362894446842532,0.09690356060148622,40.106058693909645,-84.22370748782159,72.1922225099802
2024-09-23 21:23:02.483371,42.68,52.829328,0.0010943914612681128,-0.023330473146428877,0.098047696365372,44.11764879391193,-84.22370748782159,72.1922225099802
2024-09-23 21:23:02.495829,42.68,52.829328,0.0010943914612681128,-0.023330473146428877,0.098047696365372,44.11764879391193,-92.24360919585227,72.1922225099802
2024-09-23 21:23:02.528497,42.68,52.829379,0.0004974468710863627,-0.023330473146428877,0.098047696365372,44.11764879391193,-92.24360919585227,72.1922225099802
2024-09-23 21:23:02.539468,42.68,52.829379,0.0004974468710863627,-0.023230986250042305,0.09680407370509965,40.106058693909645,-92.24360919585227,72.1922225099802
2024-09-23 21:23:02.582177,42.68,52.829429,0.0010943914612681128,-0.023280723622328886,0.09680407370509965,40.106058693909645,-92.24360919585227,68.18063240997792
2024-09-23 21:23:02.625967,42.68,52.829429,0.0010943914612681128,-0.023280723622328886,0.09799795899308542,44.11764879391193,-92.24360919585227,68.18063240997792
2024-09-23 21:23:02.638195,42.68,52.82948,0.0007461703303635545,-0.023280723622328886,0.09799795899308542,44.11764879391193,-92.24360919585227,64.16903547978401
2024-09-23 21:23:02.681296,42.85,52.829531,0.0007461703303635545,-0.023479709566915436,0.0976994861521123,44.11764879391193,-100.26678939585686,76.200527287817
2024-09-23 21:23:02.723396,42.85,52.829531,0.0005471957306340564,-0.02308174982955575,0.0973015264147526,44.11764879391193,-100.26678939585686,76.200527287817
2024-09-23 21:23:02.734748,42.85,52.829531,0.0005471957306340564,-0.02308174982955575,0.0973015264147526,32.08287849390507,-96.25519929585457,80.21211738781929
2024-09-23 21:23:02.777745,42.85,52.829618,0.0009451553255896806,-0.022982261414192504,0.0973512698629459,44.11764879391193,-88.23529758782387,80.21211738781929
2024-09-23 21:23:02.820751,42.85,52.829669,0.0008954064660419869,-0.022982261414192504,0.0973512698629459,44.11764879391193,-88.23529758782387,76.200527287817
2024-09-23 21:23:02.832486,42.85,52.829669,0.0008954064660419869,-0.023230986250042305,0.09715228999426605,40.106058693909645,-88.23529758782387,76.200527287817
2024-09-23 21:23:02.875149,42.85,52.82972,0.0005969341946851222,-0.023728432883788564,0.09725178296655933,40.106058693909645,-96.25519929585457,80.21211738781929
2024-09-23 21:23:02.918164,42.85,52.82972,0.0005969341946851222,-0.023728432883788564,0.09725178296655933,40.106058693909645,-92.24360919585227,72.1922225099802
2024-09-23 21:23:02.929144,42.85,52.82977,0.00034821073540793035,-0.02313149783467906,0.09725178296655933,40.106058693909645,-92.24360919585227,72.1922225099802
2024-09-23 21:23:02.972800,42.85,52.829821,0.0011441298778511575,-0.02313149783467906,0.09740101331113918,40.106058693909645,-96.25519929585457,80.21211738781929
2024-09-23 21:23:03.015134,42.85,52.829821,0.0011441298778511575,-0.02338022115155219,0.09774922960030558,40.106058693909645,-96.25519929585457,80.21211738781929
2024-09-23 21:23:03.027035,42.85,52.82991,0.0011441298778511575,-0.02338022115155219,0.09774922960030558,40.106058693909645,-96.25519929585457,76.200527287817
2024-09-23 21:23:03.070202,42.85,52.82991,0.0010943914612681128,-0.023778180888911878,0.09774922960030558,40.106058693909645,-88.23529758782387,72.1922225099802
2024-09-23 21:23:03.113789,42.85,52.829962,0.0009451553255896806,-0.023429960042815445,0.09774922960030558,40.106058693909645,-88.23529758782387,72.1922225099802
2024-09-23 21:23:03.125287,42.85,52.829962,0.0009451553255896806,-0.023429960042815445,0.09685382322919964,40.106058693909645,-92.24360919585227,72.1922225099802
2024-09-23 21:23:03.168798,42.85,52.830013,0.0005471957306340564,-0.02338022115155219,0.09759999317981902,44.11764879391193,-92.24360919585227,72.1922225099802
2024-09-23 21:23:03.211475,42.85,52.830013,0.0005471957306340564,-0.02338022115155219,0.09759999317981902,44.11764879391193,-92.24360919585227,76.200527287817
2024-09-23 21:23:03.223515,42.85,52.830063,0.0006964318663124887,-0.02352945757203875,0.09755024973162574,44.11764879391193,-92.24360919585227,76.200527287817
2024-09-23 21:23:03.266764,42.85,52.830114,0.0006964318663124887,-0.024026904205785005,0.09755024973162574,48.12595698684454,-88.23529758782387,80.21211738781929
2024-09-23 21:23:03.310381,42.85,52.830114,0.0006964318663124887,-0.024026904205785005,0.09755024973162574,40.106058693909645,-92.24360919585227,80.21211738781929
2024-09-23 21:23:03.322344,42.85,52.830165,0.0006466830067647949,-0.024026904205785005,0.09755024973162574,40.106058693909645,-92.24360919585227,80.21211738781929
2024-09-23 21:23:03.354840,42.85,52.830165,0.0006466830067647949,-0.02313149783467906,0.09755024973162574,40.106058693909645,-92.24360919585227,80.21211738781929
2024-09-23 21:23:03.366759,42.85,52.830251,0.0006466830067647949,-0.02313149783467906,0.09745075675933246,40.106058693909645,-96.25519929585457,76.200527287817
2024-09-23 21:23:03.409158,42.85,52.830251,0.00024872343554318134,-0.023230986250042305,0.09750050628343246,48.12595698684454,-96.25519929585457,76.200527287817
2024-09-23 21:23:03.421431,42.85,52.830251,0.00024872343554318134,-0.023230986250042305,0.09750050628343246,48.12595698684454,-96.25519929585457,80.21211738781929
2024-09-23 21:23:03.453625,42.85,52.830303,0.0009948937421727254,-0.023230986250042305,0.09750050628343246,48.12595698684454,-96.25519929585457,80.21211738781929
2024-09-23 21:23:03.464687,42.85,52.830303,0.0009948937421727254,-0.023230986250042305,0.09799795899308542,36.09446859390736,-96.25519929585457,80.21211738781929
2024-09-23 21:23:03.507447,42.85,52.830354,0.0012436275969465451,-0.022982261414192504,0.09715228999426605,36.09446859390736,-96.25519929585457,80.21211738781929
2024-09-23 21:23:03.550431,42.85,52.830354,0.0012436275969465451,-0.022982261414192504,0.09715228999426605,36.09446859390736,-92.24360919585227,76.200527287817
2024-09-23 21:23:03.562357,42.85,52.830404,0.0006964318663124887,-0.02352945757203875,0.09725178296655933,36.09446859390736,-92.24360919585227,76.200527287817
2024-09-23 21:23:03.605183,42.85,52.830455,0.00034821073540793035,-0.02352945757203875,0.09725178296655933,36.09446859390736,-88.23529758782387,76.200527287817
2024-09-23 21:23:03.616922,42.85,52.830455,0.00034821073540793035,-0.023429960042815445,0.09725178296655933,36.09446859390736,-88.23529758782387,76.200527287817
2024-09-23 21:23:03.649058,42.85,52.830455,0.00034821073540793035,-0.023429960042815445,0.09720203344245934,48.12595698684454,-88.23529758782387,76.200527287817
2024-09-23 21:23:03.660867,42.85,52.830506,0.001044642601720419,-0.023429960042815445,0.09720203344245934,48.12595698684454,-88.23529758782387,76.200527287817
2024-09-23 21:23:03.705021,42.88,52.830593,0.001044642601720419,-0.02308174982955575,0.0970030596496862,40.106058693909645,-96.25519929585457,76.200527287817
2024-09-23 21:23:03.747684,42.88,52.830593,0.00034821073540793035,-0.02293251340906919,0.09755024973162574,40.106058693909645,-96.25519929585457,76.200527287817
2024-09-23 21:23:03.758885,42.88,52.830593,0.00034821073540793035,-0.02293251340906919,0.09755024973162574,36.09446859390736,-92.24360919585227,80.21211738781929
2024-09-23 21:23:03.802104,42.88,52.830644,0.0007461703303635545,-0.022982261414192504,0.09745075675933246,44.11764879391193,-92.24360919585227,80.21211738781929
2024-09-23 21:23:03.813690,42.88,52.830644,0.0007461703303635545,-0.022982261414192504,0.09745075675933246,44.11764879391193,-84.22370748782159,80.21211738781929
2024-09-23 21:23:03.846516,42.88,52.830695,0.0006466830067647949,-0.022982261414192504,0.09745075675933246,44.11764879391193,-84.22370748782159,76.200527287817
2024-09-23 21:23:03.858061,42.88,52.830695,0.0006466830067647949,-0.022982261414192504,0.09750050628343246,44.11764879391193,-84.22370748782159,76.200527287817
2024-09-23 21:23:03.890478,42.88,52.830695,0.0006466830067647949,-0.022982261414192504,0.09750050628343246,44.11764879391193,-100.26678939585686,76.200527287817
2024-09-23 21:23:03.942947,42.88,52.830746,0.0006964318663124887,-0.022982261414192504,0.09750050628343246,44.11764879391193,-100.26678939585686,76.200527287817
2024-09-23 21:23:03.954999,42.88,52.830746,0.0006964318663124887,-0.02268379009219606,0.09755024973162574,48.12595698684454,-100.26678939585686,76.200527287817
2024-09-23 21:23:03.987390,42.88,52.830746,0.0006964318663124887,-0.02268379009219606,0.09755024973162574,48.12595698684454,-92.24360919585227,76.200527287817
2024-09-23 21:23:03.999533,42.88,52.830796,0.00044769805900669,-0.02352945757203875,0.09750050628343246,48.12595698684454,-92.24360919585227,72.1922225099802
2024-09-23 21:23:04.041873,42.88,52.830847,0.00044769805900669,-0.02352945757203875,0.09750050628343246,40.106058693909645,-92.24360919585227,68.18063240997792
2024-09-23 21:23:04.053461,42.88,52.830847,0.0006466830067647949,-0.02313149783467906,0.09750050628343246,40.106058693909645,-92.24360919585227,68.18063240997792
2024-09-23 21:23:04.086115,42.88,52.830847,0.0006466830067647949,-0.02313149783467906,0.09755024973162574,40.106058693909645,-92.24360919585227,68.18063240997792
2024-09-23 21:23:04.097684,42.88,52.830934,0.0007461703303635545,-0.02313149783467906,0.09755024973162574,48.12595698684454,-92.24360919585227,76.200527287817
2024-09-23 21:23:04.141014,42.88,52.830985,0.0007461703303635545,-0.023181236725942318,0.09715228999426605,44.11764879391193,-100.26678939585686,80.21211738781929
2024-09-23 21:23:04.184265,42.88,52.830985,0.0005969341946851222,-0.023479709566915436,0.09715228999426605,44.11764879391193,-100.26678939585686,80.21211738781929
2024-09-23 21:23:04.195657,42.88,52.830985,0.0005969341946851222,-0.023479709566915436,0.09755024973162574,40.106058693909645,-88.23529758782387,80.21211738781929
2024-09-23 21:23:04.238663,42.88,52.831081,0.0007959191899112484,-0.0228827638849692,0.09750050628343246,40.106058693909645,-92.24360919585227,80.21211738781929
2024-09-23 21:23:04.281674,42.88,52.831081,0.0007959191899112484,-0.0228827638849692,0.09750050628343246,40.106058693909645,-92.24360919585227,80.21211738781929
2024-09-23 21:23:04.293382,42.88,52.831132,0.0006466830067647949,-0.023728432883788564,0.09690356060148622,36.09446859390736,-92.24360919585227,80.21211738781929
2024-09-23 21:23:04.336430,42.88,52.831183,0.00029846189959424716,-0.023429960042815445,0.09690356060148622,36.09446859390736,-92.24360919585227,76.200527287817
2024-09-23 21:23:04.348130,42.88,52.831183,0.00029846189959424716,-0.023429960042815445,0.0973015264147526,36.09446859390736,-92.24360919585227,76.200527287817
2024-09-23 21:23:04.379863,42.88,52.831183,0.00029846189959424716,-0.023429960042815445,0.0973015264147526,36.09446859390736,-100.26678939585686,76.200527287817
2024-09-23 21:23:04.390964,42.88,52.831233,0.0006964318663124887,-0.023230986250042305,0.0973015264147526,36.09446859390736,-100.26678939585686,72.1922225099802
2024-09-23 21:23:04.433336,42.88,52.831284,0.0006964318663124887,-0.023230986250042305,0.09784872257259886,44.11764879391193,-100.26678939585686,80.21211738781929
2024-09-23 21:23:04.445676,42.88,52.831284,0.00044769805900669,-0.023230986250042305,0.09784872257259886,44.11764879391193,-100.26678939585686,80.21211738781929
2024-09-23 21:23:04.530186,42.88,52.831284,0.00044769805900669,-0.022982261414192504,0.09750050628343246,40.106058693909645,-96.25519929585457,80.21211738781929
2024-09-23 21:23:04.541337,42.88,52.831373,0.00044769805900669,-0.022982261414192504,0.09750050628343246,40.106058693909645,-96.25519929585457,80.21211738781929
2024-09-23 21:23:04.625797,42.88,52.831373,0.000845657606494293,-0.023330473146428877,0.09740101331113918,40.106058693909645,-96.25519929585457,80.21211738781929
2024-09-23 21:23:04.636982,42.88,52.831373,0.000845657606494293,-0.023330473146428877,0.09740101331113918,36.09446859390736,-96.25519929585457,76.200527287817
2024-09-23 21:23:04.680074,42.88,52.831424,0.0007959191899112484,-0.023579196463302005,0.09759999317981902,32.08287849390507,-88.23529758782387,76.200527287817
2024-09-23 21:23:04.722945,42.39,52.831475,0.0003979595949556242,-0.023579196463302005,0.09759999317981902,32.08287849390507,-88.23529758782387,84.22370748782159
2024-09-23 21:23:04.734564,42.39,52.831475,0.0003979595949556242,-0.02303200030545576,0.09750050628343246,40.106058693909645,-88.23529758782387,84.22370748782159
2024-09-23 21:23:04.777854,42.39,52.831526,0.0006466830067647949,-0.02303200030545576,0.09750050628343246,40.106058693909645,-104.27510100388527,76.200527287817
2024-09-23 21:23:04.822590,42.39,52.831526,0.0006466830067647949,-0.02303200030545576,0.09764974270391902,44.11764879391193,-104.27510100388527,76.200527287817
2024-09-23 21:23:04.834975,42.39,52.831619,0.0006466830067647949,-0.02303200030545576,0.09764974270391902,44.11764879391193,-92.24360919585227,80.21211738781929
2024-09-23 21:23:04.867165,42.39,52.831619,0.0009948937421727254,-0.023230986250042305,0.09764974270391902,44.11764879391193,-92.24360919585227,80.21211738781929
2024-09-23 21:23:04.879141,42.39,52.831619,0.0009948937421727254,-0.023230986250042305,0.09680407370509965,44.11764879391193,-100.26678939585686,76.200527287817
2024-09-23 21:23:04.921749,42.39,52.831717,0.0012933660135295898,-0.02293251340906919,0.09690356060148622,44.11764879391193,-108.28669110388756,76.200527287817
2024-09-23 21:23:04.964729,42.39,52.831811,0.0012933660135295898,-0.02293251340906919,0.09690356060148622,44.11764879391193,-108.28669110388756,72.1922225099802
2024-09-23 21:23:04.976020,42.39,52.831811,0.00014922575204880957,-0.023579196463302005,0.09779897304849887,36.09446859390736,-108.28669110388756,72.1922225099802
2024-09-23 21:23:05.018314,42.39,52.831863,0.00029846189959424716,-0.02362894446842532,0.09779897304849887,36.09446859390736,-104.27510100388527,68.18063240997792
2024-09-23 21:23:05.030757,42.39,52.831863,0.00029846189959424716,-0.02362894446842532,0.09764974270391902,36.09446859390736,-104.27510100388527,68.18063240997792
2024-09-23 21:23:05.062724,42.39,52.831863,0.00029846189959424716,-0.02362894446842532,0.09764974270391902,44.11764879391193,-92.24360919585227,68.18063240997792
2024-09-23 21:23:05.074469,42.39,52.831913,0.0005969341946851222,-0.022982261414192504,0.09764974270391902,44.11764879391193,-92.24360919585227,72.1922225099802
2024-09-23 21:23:05.117927,42.39,52.831913,0.0005969341946851222,-0.022982261414192504,0.0973512698629459,40.106058693909645,-92.24360919585227,72.1922225099802
2024-09-23 21:23:05.161571,42.39,52.831964,0.0005969341946851222,-0.022982261414192504,0.0973512698629459,40.106058693909645,-88.23529758782387,80.21211738781929
2024-09-23 21:23:05.173543,42.39,52.831964,0.00029846189959424716,-0.0228827638849692,0.09755024973162574,40.106058693909645,-88.23529758782387,80.21211738781929
2024-09-23 21:23:05.206731,42.39,52.831964,0.00029846189959424716,-0.0228827638849692,0.09755024973162574,44.11764879391193,-88.23529758782387,80.21211738781929
2024-09-23 21:23:05.218433,42.39,52.831964,0.00029846189959424716,-0.0228827638849692,0.09755024973162574,44.11764879391193,-88.23529758782387,80.21211738781929
2024-09-23 21:23:05.261746,42.39,52.832055,0.0007959191899112484,-0.022982261414192504,0.09799795899308542,44.11764879391193,-88.23529758782387,76.200527287817
2024-09-23 21:23:05.273836,42.39,52.832055,0.0007959191899112484,-0.022982261414192504,0.09799795899308542,40.106058693909645,-88.23529758782387,76.200527287817
2024-09-23 21:23:05.305799,42.39,52.832055,0.0007959191899112484,-0.022982261414192504,0.09799795899308542,40.106058693909645,-88.23529758782387,80.21211738781929
2024-09-23 21:23:05.316852,42.39,52.832107,0.0008954064660419869,-0.023230986250042305,0.09745075675933246,40.106058693909645,-88.23529758782387,80.21211738781929
2024-09-23 21:23:05.359479,42.39,52.832158,0.0013928637326249774,-0.023230986250042305,0.09745075675933246,48.12595698684454,-104.27510100388527,68.18063240997792
2024-09-23 21:23:05.371584,42.39,52.832158,0.0013928637326249774,-0.023330473146428877,0.09745075675933246,48.12595698684454,-104.27510100388527,68.18063240997792
2024-09-23 21:23:05.403233,42.39,52.832158,0.0013928637326249774,-0.023330473146428877,0.09725178296655933,40.106058693909645,-104.27510100388527,68.18063240997792
2024-09-23 21:23:05.414180,42.39,52.832251,0.0009451553255896806,-0.023330473146428877,0.09725178296655933,40.106058693909645,-92.24360919585227,72.1922225099802
2024-09-23 21:23:05.456243,42.39,52.832251,0.0009451553255896806,-0.023280723622328886,0.09740101331113918,44.11764879391193,-92.24360919585227,72.1922225099802
2024-09-23 21:23:05.467587,42.39,52.832301,0.0009451553255896806,-0.023280723622328886,0.09740101331113918,44.11764879391193,-92.24360919585227,72.1922225099802
2024-09-23 21:23:05.499816,42.39,52.832301,0.0007461703303635545,-0.023280723622328886,0.09740101331113918,44.11764879391193,-92.24360919585227,72.1922225099802
2024-09-23 21:23:05.511323,42.39,52.832301,0.0007461703303635545,-0.023280723622328886,0.09715228999426605,36.09446859390736,-104.27510100388527,76.200527287817
2024-09-23 21:23:05.605199,42.39,52.832397,0.001044642601720419,-0.02362894446842532,0.09789846602079214,44.11764879391193,-100.26678939585686,76.200527287817
2024-09-23 21:23:05.648715,42.39,52.832448,0.0009948937421727254,-0.02362894446842532,0.09789846602079214,44.11764879391193,-100.26678939585686,80.21211738781929
2024-09-23 21:23:05.660178,42.39,52.832448,0.0009948937421727254,-0.02303200030545576,0.09745075675933246,40.106058693909645,-100.26678939585686,80.21211738781929
2024-09-23 21:23:05.702909,42.39,52.832499,0.0012436275969465451,-0.023181236725942318,0.09750050628343246,40.106058693909645,-92.24360919585227,76.200527287817
2024-09-23 21:23:05.744765,42.22,52.832499,0.0012436275969465451,-0.023181236725942318,0.09750050628343246,36.09446859390736,-96.25519929585457,76.200527287817
2024-09-23 21:23:05.756900,42.22,52.83255,0.0003979595949556242,-0.0228827638849692,0.09750050628343246,36.09446859390736,-96.25519929585457,72.1922225099802
2024-09-23 21:23:05.799747,42.22,52.83255,0.0003979595949556242,-0.0228827638849692,0.09740101331113918,44.11764879391193,-92.24360919585227,72.1922225099802
2024-09-23 21:23:05.842343,42.22,52.8326,0.0003979595949556242,-0.0228827638849692,0.09740101331113918,44.11764879391193,-92.24360919585227,80.21211738781929
2024-09-23 21:23:05.853551,42.22,52.8326,0.0005969341946851222,-0.023429960042815445,0.09755024973162574,52.137550501942634,-92.24360919585227,80.21211738781929
2024-09-23 21:23:05.896333,42.22,52.832738,0.0008954064660419869,-0.023330473146428877,0.09755024973162574,52.137550501942634,-100.26678939585686,80.21211738781929
2024-09-23 21:23:05.908242,42.22,52.832738,0.0008954064660419869,-0.023330473146428877,0.0973512698629459,52.137550501942634,-100.26678939585686,80.21211738781929
2024-09-23 21:23:05.940478,42.22,52.832738,0.0008954064660419869,-0.023330473146428877,0.0973512698629459,44.11764879391193,-88.23529758782387,80.21211738781929
2024-09-23 21:23:05.952302,42.22,52.832789,0.0006964318663124887,-0.022833026512682618,0.0973512698629459,44.11764879391193,-88.23529758782387,80.21211738781929
2024-09-23 21:23:05.995449,42.22,52.83284,0.001044642601720419,-0.022833026512682618,0.09759999317981902,40.106058693909645,-92.24360919585227,80.21211738781929
2024-09-23 21:23:06.039245,42.22,52.83284,0.001044642601720419,-0.02308174982955575,0.09759999317981902,48.12595698684454,-92.24360919585227,80.21211738781929
2024-09-23 21:23:06.050255,42.22,52.832933,0.001044642601720419,-0.02308174982955575,0.09759999317981902,48.12595698684454,-96.25519929585457,72.1922225099802
2024-09-23 21:23:06.092404,42.22,52.832933,0.00034821073540793035,-0.022982261414192504,0.09720203344245934,32.08287849390507,-100.26678939585686,76.200527287817
2024-09-23 21:23:06.134683,42.22,52.832984,0.0003979595949556242,-0.022982261414192504,0.09720203344245934,32.08287849390507,-100.26678939585686,76.200527287817
2024-09-23 21:23:06.146252,42.22,52.832984,0.0003979595949556242,-0.02263404056809607,0.09740101331113918,32.08287849390507,-92.24360919585227,76.200527287817
2024-09-23 21:23:06.190129,42.22,52.833035,0.0007959191899112484,-0.02313149783467906,0.09720203344245934,32.08287849390507,-92.24360919585227,84.22370748782159
2024-09-23 21:23:06.232494,42.22,52.833035,0.0007959191899112484,-0.02313149783467906,0.09720203344245934,36.09446859390736,-92.24360919585227,84.22370748782159
2024-09-23 21:23:06.243573,42.22,52.833086,0.0006964318663124887,-0.022833026512682618,0.09720203344245934,36.09446859390736,-96.25519929585457,80.21211738781929
2024-09-23 21:23:06.287603,42.22,52.833136,0.0006964318663124887,-0.022833026512682618,0.09750050628343246,44.11764879391193,-88.23529758782387,76.200527287817
2024-09-23 21:23:06.298975,42.22,52.833136,0.0005969341946851222,-0.022833026512682618,0.09750050628343246,44.11764879391193,-88.23529758782387,76.200527287817
2024-09-23 21:23:06.330980,42.22,52.833136,0.0005969341946851222,-0.023230986250042305,0.0973512698629459,44.11764879391193,-88.23529758782387,76.200527287817
2024-09-23 21:23:06.342397,42.22,52.833187,0.0005969341946851222,-0.023230986250042305,0.0973512698629459,36.09446859390736,-88.23529758782387,76.200527287817
2024-09-23 21:23:06.384211,42.22,52.833187,0.0011938787373988514,-0.022982261414192504,0.09774922960030558,40.106058693909645,-92.24360919585227,76.200527287817
2024-09-23 21:23:06.426848,42.22,52.833274,0.0007461703303635545,-0.022982261414192504,0.09774922960030558,40.106058693909645,-92.24360919585227,76.200527287817
2024-09-23 21:23:06.438763,42.22,52.833274,0.0007461703303635545,-0.022733528983459317,0.09750050628343246,44.11764879391193,-88.23529758782387,76.200527287817
2024-09-23 21:23:06.480698,42.22,52.833325,0.0010943914612681128,-0.02218633282561307,0.09745075675933246,44.11764879391193,-88.23529758782387,76.200527287817
2024-09-23 21:23:06.492282,42.22,52.833325,0.0010943914612681128,-0.02218633282561307,0.09745075675933246,36.09446859390736,-88.23529758782387,76.200527287817
2024-09-23 21:23:06.524910,42.22,52.833325,0.0010943914612681128,-0.02218633282561307,0.09745075675933246,36.09446859390736,-96.25519929585457,68.18063240997792
2024-09-23 21:23:06.536815,42.22,52.833376,0.0007461703303635545,-0.023230986250042305,0.0970030596496862,36.09446859390736,-96.25519929585457,68.18063240997792
2024-09-23 21:23:06.620897,42.22,52.833376,0.0007461703303635545,-0.023230986250042305,0.0970030596496862,36.09446859390736,-96.25519929585457,68.18063240997792
2024-09-23 21:23:06.633376,42.22,52.833427,0.000845657606494293,-0.023429960042815445,0.0970030596496862,36.09446859390736,-92.24360919585227,72.1922225099802
2024-09-23 21:23:06.677413,42.22,52.833477,0.000845657606494293,-0.023429960042815445,0.09755024973162574,44.11764879391193,-92.24360919585227,76.200527287817
2024-09-23 21:23:06.689299,42.22,52.833477,0.0007461703303635545,-0.023429960042815445,0.09755024973162574,44.11764879391193,-92.24360919585227,76.200527287817
2024-09-23 21:23:06.721400,42.22,52.833477,0.0007461703303635545,-0.023280723622328886,0.09720203344245934,52.137550501942634,-92.24360919585227,76.200527287817
2024-09-23 21:23:06.733832,42.22,52.833566,0.0007461703303635545,-0.023280723622328886,0.09720203344245934,52.137550501942634,-100.26678939585686,76.200527287817
2024-09-23 21:23:06.766324,42.01,52.833566,0.0007959191899112484,-0.023280723622328886,0.09720203344245934,52.137550501942634,-100.26678939585686,76.200527287817
2024-09-23 21:23:06.777418,42.01,52.833566,0.0007959191899112484,-0.02362894446842532,0.09809744588947199,44.11764879391193,-88.23529758782387,72.1922225099802
2024-09-23 21:23:06.820211,42.01,52.833618,0.0005969341946851222,-0.023230986250042305,0.09740101331113918,44.11764879391193,-88.23529758782387,72.1922225099802
2024-09-23 21:23:06.832178,42.01,52.833618,0.0005969341946851222,-0.023230986250042305,0.09740101331113918,36.09446859390736,-92.24360919585227,72.1922225099802
2024-09-23 21:23:06.865966,42.01,52.833714,0.0005969341946851222,-0.023230986250042305,0.09740101331113918,36.09446859390736,-92.24360919585227,80.21211738781929
2024-09-23 21:23:06.877908,42.01,52.833714,0.0004974468710863627,-0.02338022115155219,0.09715228999426605,44.11764879391193,-92.24360919585227,80.21211738781929
2024-09-23 21:23:06.920254,42.01,52.833765,0.0007959191899112484,-0.023778180888911878,0.09715228999426605,44.11764879391193,-92.24360919585227,76.200527287817
2024-09-23 21:23:06.932572,42.01,52.833765,0.0007959191899112484,-0.023778180888911878,0.09745075675933246,44.11764879391193,-92.24360919585227,76.200527287817
2024-09-23 21:23:06.966033,42.01,52.833765,0.0007959191899112484,-0.023778180888911878,0.09745075675933246,36.09446859390736,-88.23529758782387,76.200527287817
2024-09-23 21:23:06.978714,42.01,52.833816,0.0004974468710863627,-0.023280723622328886,0.09745075675933246,36.09446859390736,-88.23529758782387,76.200527287817
2024-09-23 21:23:07.011186,42.01,52.833816,0.0004974468710863627,-0.023280723622328886,0.09740101331113918,36.09446859390736,-88.23529758782387,76.200527287817
2024-09-23 21:23:07.064346,42.01,52.833866,0.0004974468710863627,-0.023280723622328886,0.09740101331113918,40.106058693909645,-88.23529758782387,80.21211738781929
2024-09-23 21:23:07.076562,42.01,52.833866,0.00034821073540793035,-0.02233556924609963,0.09740101331113918,40.106058693909645,-88.23529758782387,80.21211738781929
2024-09-23 21:23:07.108686,42.01,52.833866,0.00034821073540793035,-0.02233556924609963,0.09755024973162574,40.106058693909645,-88.23529758782387,80.21211738781929
2024-09-23 21:23:07.119650,42.01,52.833956,9.948729986474904e-05,-0.02233556924609963,0.09755024973162574,44.11764879391193,-100.26678939585686,76.200527287817
2024-09-23 21:23:07.162726,42.01,52.833956,9.948729986474904e-05,-0.02263404056809607,0.09705279702197278,32.08287849390507,-96.25519929585457,76.200527287817
2024-09-23 21:23:07.174454,42.01,52.834008,9.948729986474904e-05,-0.02263404056809607,0.09705279702197278,32.08287849390507,-96.25519929585457,76.200527287817
2024-09-23 21:23:07.207038,42.01,52.834008,0.0009451553255896806,-0.023330473146428877,0.09705279702197278,32.08287849390507,-96.25519929585457,76.200527287817
2024-09-23 21:23:07.218167,42.01,52.834008,0.0009451553255896806,-0.023330473146428877,0.09725178296655933,32.08287849390507,-92.24360919585227,76.200527287817
2024-09-23 21:23:07.260112,42.01,52.834059,0.0014923510087557158,-0.02293251340906919,0.09859489252321824,32.08287849390507,-92.24360919585227,76.200527287817
2024-09-23 21:23:07.271188,42.01,52.834059,0.0014923510087557158,-0.02293251340906919,0.09859489252321824,48.12595698684454,-92.24360919585227,76.200527287817
2024-09-23 21:23:07.302714,42.01,52.834059,0.0014923510087557158,-0.02293251340906919,0.09859489252321824,48.12595698684454,-92.24360919585227,80.21211738781929
2024-09-23 21:23:07.314007,42.01,52.834153,0.0005471957306340564,-0.02313149783467906,0.09740101331113918,48.12595698684454,-92.24360919585227,80.21211738781929
2024-09-23 21:23:07.356753,42.01,52.834204,0.0011441298778511575,-0.02313149783467906,0.09740101331113918,48.12595698684454,-92.24360919585227,76.200527287817
2024-09-23 21:23:07.368452,42.01,52.834204,0.0011441298778511575,-0.02263404056809607,0.0976994861521123,48.12595698684454,-92.24360919585227,76.200527287817
2024-09-23 21:23:07.399978,42.01,52.834204,0.0011441298778511575,-0.02263404056809607,0.0976994861521123,52.137550501942634,-92.24360919585227,76.200527287817
2024-09-23 21:23:07.411721,42.01,52.834254,0.001044642601720419,-0.023280723622328886,0.0976994861521123,52.137550501942634,-100.26678939585686,64.16903547978401
2024-09-23 21:23:07.455161,42.01,52.834305,0.001044642601720419,-0.023280723622328886,0.09705279702197278,40.106058693909645,-96.25519929585457,72.1922225099802
2024-09-23 21:23:07.466802,42.01,52.834305,0.0007959191899112484,-0.023280723622328886,0.09705279702197278,40.106058693909645,-96.25519929585457,72.1922225099802
2024-09-23 21:23:07.499466,42.01,52.834305,0.0007959191899112484,-0.02338022115155219,0.09740101331113918,40.106058693909645,-96.25519929585457,72.1922225099802
2024-09-23 21:23:07.511612,42.01,52.834395,0.0007959191899112484,-0.02338022115155219,0.09740101331113918,48.12595698684454,-96.25519929585457,72.1922225099802
2024-09-23 21:23:07.554346,42.01,52.834395,0.0007959191899112484,-0.02278327698858263,0.09819693278585856,44.11764879391193,-92.24360919585227,76.200527287817
2024-09-23 21:23:07.597052,42.01,52.834447,0.0006466830067647949,-0.02278327698858263,0.09819693278585856,44.11764879391193,-92.24360919585227,76.200527287817
2024-09-23 21:23:07.608082,42.01,52.834447,0.0006466830067647949,-0.023827930413011865,0.09799795899308542,44.11764879391193,-84.22370748782159,76.200527287817
2024-09-23 21:23:07.650900,42.01,52.834497,0.0005471957306340564,-0.0228827638849692,0.0973512698629459,44.11764879391193,-84.22370748782159,72.1922225099802
2024-09-23 21:23:07.662889,42.01,52.834497,0.0005471957306340564,-0.0228827638849692,0.0973512698629459,48.12595698684454,-84.22370748782159,72.1922225099802
2024-09-23 21:23:07.695569,42.01,52.834548,0.0005471957306340564,-0.0228827638849692,0.0973512698629459,48.12595698684454,-84.22370748782159,76.200527287817
2024-09-23 21:23:07.707016,42.01,52.834548,0.0006964318663124887,-0.023181236725942318,0.09764974270391902,48.12595698684454,-84.22370748782159,76.200527287817
2024-09-23 21:23:07.750460,42.01,52.834599,0.0008954064660419869,-0.023429960042815445,0.09764974270391902,40.106058693909645,-96.25519929585457,76.200527287817
2024-09-23 21:23:07.793932,42.38,52.834599,0.0008954064660419869,-0.023429960042815445,0.09710254654607277,48.12595698684454,-96.25519929585457,76.200527287817
2024-09-23 21:23:07.805966,42.38,52.83465,0.00034821073540793035,-0.023429960042815445,0.09710254654607277,48.12595698684454,-92.24360919585227,76.200527287817
2024-09-23 21:23:07.849176,42.38,52.834736,0.00034821073540793035,-0.02303200030545576,0.09720203344245934,48.12595698684454,-84.22370748782159,72.1922225099802
2024-09-23 21:23:07.891775,42.38,52.834736,0.0016913256559532351,-0.02308174982955575,0.09710254654607277,48.12595698684454,-84.22370748782159,72.1922225099802
2024-09-23 21:23:07.902953,42.38,52.834736,0.0016913256559532351,-0.02308174982955575,0.09710254654607277,48.12595698684454,-96.25519929585457,72.1922225099802
2024-09-23 21:23:07.946450,42.38,52.834788,0.00044769805900669,-0.02338022115155219,0.0976994861521123,36.09446859390736,-88.23529758782387,72.1922225099802
2024-09-23 21:23:07.989963,42.38,52.834839,0.0006964318663124887,-0.02338022115155219,0.0976994861521123,36.09446859390736,-88.23529758782387,80.21211738781929
2024-09-23 21:23:08.001177,42.38,52.834839,0.0006964318663124887,-0.02303200030545576,0.0973015264147526,44.11764879391193,-88.23529758782387,80.21211738781929
2024-09-23 21:23:08.044161,42.38,52.834889,0.0006466830067647949,-0.02308174982955575,0.09774922960030558,44.11764879391193,-96.25519929585457,80.21211738781929
2024-09-23 21:23:08.087480,42.38,52.83494,0.0006466830067647949,-0.02308174982955575,0.09774922960030558,40.106058693909645,-104.27510100388527,76.200527287817
2024-09-23 21:23:08.099066,42.38,52.83494,0.00014922575204880957,-0.02352945757203875,0.09774922960030558,40.106058693909645,-104.27510100388527,76.200527287817
2024-09-23 21:23:08.131127,42.38,52.83494,0.00014922575204880957,-0.02352945757203875,0.0973015264147526,40.106058693909645,-104.27510100388527,76.200527287817
2024-09-23 21:23:08.142479,42.38,52.834991,0.00044769805900669,-0.02352945757203875,0.0973015264147526,40.106058693909645,-92.24360919585227,84.22370748782159
2024-09-23 21:23:08.185164,42.38,52.834991,0.00044769805900669,-0.023429960042815445,0.09789846602079214,36.09446859390736,-92.24360919585227,84.22370748782159
2024-09-23 21:23:08.197277,42.38,52.835078,0.00044769805900669,-0.023429960042815445,0.09789846602079214,36.09446859390736,-92.24360919585227,76.200527287817
2024-09-23 21:23:08.230458,42.38,52.835078,0.0005969341946851222,-0.023429960042815445,0.09789846602079214,36.09446859390736,-92.24360919585227,76.200527287817
2024-09-23 21:23:08.242468,42.38,52.835078,0.0005969341946851222,-0.023230986250042305,0.09670458680871308,40.106058693909645,-100.26678939585686,76.200527287817
2024-09-23 21:23:08.284561,42.38,52.835129,0.0011441298778511575,-0.022982261414192504,0.09784872257259886,36.09446859390736,-100.26678939585686,76.200527287817
2024-09-23 21:23:08.296291,42.38,52.835129,0.0011441298778511575,-0.022982261414192504,0.09784872257259886,36.09446859390736,-104.27510100388527,76.200527287817
2024-09-23 21:23:08.328296,42.38,52.83518,0.0011441298778511575,-0.022982261414192504,0.09784872257259886,36.09446859390736,-104.27510100388527,76.200527287817
2024-09-23 21:23:08.339759,42.38,52.83518,0.0007461703303635545,-0.023181236725942318,0.09774922960030558,32.08287849390507,-104.27510100388527,76.200527287817
2024-09-23 21:23:08.381606,42.38,52.835231,0.0005969341946851222,-0.02338022115155219,0.09774922960030558,32.08287849390507,-96.25519929585457,76.200527287817
2024-09-23 21:23:08.393294,42.38,52.835231,0.0005969341946851222,-0.02338022115155219,0.09755024973162574,32.08287849390507,-96.25519929585457,76.200527287817
2024-09-23 21:23:08.426330,42.38,52.835231,0.0005969341946851222,-0.02338022115155219,0.09755024973162574,40.106058693909645,-92.24360919585227,76.200527287817
2024-09-23 21:23:08.437652,42.38,52.835281,0.0005471957306340564,-0.02303200030545576,0.09755024973162574,40.106058693909645,-92.24360919585227,76.200527287817
2024-09-23 21:23:08.480331,42.38,52.835332,0.000845657606494293,-0.02303200030545576,0.09774922960030558,40.106058693909645,-100.26678939585686,80.21211738781929
2024-09-23 21:23:08.523637,42.38,52.835332,0.000845657606494293,-0.02352945757203875,0.09715228999426605,40.106058693909645,-100.26678939585686,80.21211738781929
2024-09-23 21:23:08.534699,42.38,52.835419,0.000845657606494293,-0.02352945757203875,0.09715228999426605,40.106058693909645,-92.24360919585227,76.200527287817
2024-09-23 21:23:08.577176,42.38,52.835419,0.0007959191899112484,-0.023330473146428877,0.09755024973162574,36.09446859390736,-88.23529758782387,76.200527287817
2024-09-23 21:23:08.589189,42.38,52.835419,0.0007959191899112484,-0.023330473146428877,0.09755024973162574,36.09446859390736,-88.23529758782387,76.200527287817
2024-09-23 21:23:08.620851,42.38,52.83547,0.000845657606494293,-0.023330473146428877,0.09755024973162574,36.09446859390736,-88.23529758782387,76.200527287817
2024-09-23 21:23:08.631990,42.38,52.83547,0.000845657606494293,-0.023280723622328886,0.09789846602079214,44.11764879391193,-88.23529758782387,76.200527287817
2024-09-23 21:23:08.674554,42.38,52.835521,0.0013431148730772837,-0.0228827638849692,0.09755024973162574,44.11764879391193,-88.23529758782387,80.21211738781929
2024-09-23 21:23:08.686705,42.38,52.835521,0.0013431148730772837,-0.0228827638849692,0.09755024973162574,44.11764879391193,-88.23529758782387,80.21211738781929
2024-09-23 21:23:08.718682,42.38,52.835521,0.0013431148730772837,-0.0228827638849692,0.09755024973162574,44.11764879391193,-92.24360919585227,76.200527287817
2024-09-23 21:23:08.730455,42.38,52.835572,0.00034821073540793035,-0.02268379009219606,0.09655535038822652,44.11764879391193,-92.24360919585227,76.200527287817
2024-09-23 21:23:08.772576,42.38,52.835622,0.0005471957306340564,-0.02268379009219606,0.09655535038822652,44.11764879391193,-96.25519929585457,80.21211738781929
2024-09-23 21:23:08.784373,42.38,52.835622,0.0005471957306340564,-0.02313149783467906,0.09655535038822652,44.11764879391193,-96.25519929585457,80.21211738781929
2024-09-23 21:23:08.818265,42.7,52.835622,0.0005471957306340564,-0.02313149783467906,0.09750050628343246,44.11764879391193,-96.25519929585457,80.21211738781929
2024-09-23 21:23:08.829336,42.7,52.835673,0.00024872343554318134,-0.02313149783467906,0.09750050628343246,44.11764879391193,-96.25519929585457,68.18063240997792
2024-09-23 21:23:08.871905,42.7,52.83576,0.00024872343554318134,-0.02303200030545576,0.09755024973162574,48.12595698684454,-92.24360919585227,80.21211738781929
2024-09-23 21:23:08.966527,42.7,52.83576,0.0009948937421727254,-0.02303200030545576,0.09705279702197278,40.106058693909645,-96.25519929585457,80.21211738781929
2024-09-23 21:23:08.978588,42.7,52.83576,0.0009948937421727254,-0.02303200030545576,0.09705279702197278,40.106058693909645,-96.25519929585457,80.21211738781929
2024-09-23 21:23:09.011467,42.7,52.835812,0.0005471957306340564,-0.02303200030545576,0.09705279702197278,40.106058693909645,-96.25519929585457,80.21211738781929
2024-09-23 21:23:09.022848,42.7,52.835812,0.0005471957306340564,-0.02293251340906919,0.09690356060148622,40.106058693909645,-96.25519929585457,80.21211738781929
2024-09-23 21:23:09.066157,42.7,52.835862,0.0001989745997294981,-0.02293251340906919,0.09784872257259886,40.106058693909645,-96.25519929585457,84.22370748782159
2024-09-23 21:23:09.077673,42.7,52.835862,0.0001989745997294981,-0.02293251340906919,0.09784872257259886,48.12595698684454,-96.25519929585457,84.22370748782159
2024-09-23 21:23:09.110571,42.7,52.835913,0.0001989745997294981,-0.02293251340906919,0.09784872257259886,48.12595698684454,-92.24360919585227,80.21211738781929
2024-09-23 21:23:09.121720,42.7,52.835913,0.0007959191899112484,-0.023479709566915436,0.09799795899308542,48.12595698684454,-92.24360919585227,80.21211738781929
2024-09-23 21:23:09.164677,42.7,52.835964,9.948729986474904e-05,-0.02268379009219606,0.09799795899308542,40.106058693909645,-92.24360919585227,76.200527287817
2024-09-23 21:23:09.207328,42.7,52.835964,9.948729986474904e-05,-0.02268379009219606,0.0973015264147526,40.106058693909645,-92.24360919585227,76.200527287817
2024-09-23 21:23:09.219394,42.7,52.836055,0.00024872343554318134,-0.02268379009219606,0.0973015264147526,40.106058693909645,-92.24360919585227,80.21211738781929
2024-09-23 21:23:09.262379,42.7,52.83615,0.00024872343554318134,-0.022833026512682618,0.09720203344245934,40.106058693909645,-96.25519929585457,76.200527287817
2024-09-23 21:23:09.304490,42.7,52.83615,0.0003979595949556242,-0.02313149783467906,0.09750050628343246,40.106058693909645,-96.25519929585457,76.200527287817
2024-09-23 21:23:09.316057,42.7,52.83615,0.0003979595949556242,-0.02313149783467906,0.09750050628343246,44.11764879391193,-96.25519929585457,76.200527287817
2024-09-23 21:23:09.359373,42.7,52.836202,0.0008954064660419869,-0.023230986250042305,0.09720203344245934,44.11764879391193,-96.25519929585457,76.200527287817
2024-09-23 21:23:09.402838,42.7,52.836252,0.0004974468710863627,-0.023230986250042305,0.09720203344245934,44.11764879391193,-96.25519929585457,76.200527287817
2024-09-23 21:23:09.414471,42.7,52.836252,0.0004974468710863627,-0.022484804147609512,0.09725178296655933,40.106058693909645,-96.25519929585457,76.200527287817
2024-09-23 21:23:09.456623,42.7,52.836303,0.0007959191899112484,-0.022833026512682618,0.09715228999426605,40.106058693909645,-100.26678939585686,80.21211738781929
2024-09-23 21:23:09.499670,42.7,52.836303,0.0007959191899112484,-0.022833026512682618,0.09715228999426605,36.09446859390736,-96.25519929585457,76.200527287817
2024-09-23 21:23:09.511605,42.7,52.836354,0.00034821073540793035,-0.02338022115155219,0.09715228999426605,36.09446859390736,-96.25519929585457,76.200527287817
2024-09-23 21:23:09.554358,42.7,52.836404,0.0008954064660419869,-0.02338022115155219,0.09720203344245934,36.09446859390736,-92.24360919585227,76.200527287817
2024-09-23 21:23:09.596328,42.7,52.836404,0.0008954064660419869,-0.02338022115155219,0.09759999317981902,36.09446859390736,-92.24360919585227,76.200527287817
2024-09-23 21:23:09.607686,42.7,52.836491,0.0008954064660419869,-0.02338022115155219,0.09759999317981902,48.12595698684454,-96.25519929585457,72.1922225099802
2024-09-23 21:23:09.691618,42.7,52.836491,0.0008954064660419869,-0.02338022115155219,0.09759999317981902,48.12595698684454,-96.25519929585457,72.1922225099802
2024-09-23 21:23:09.702740,42.7,52.836491,0.0008954064660419869,-0.023330473146428877,0.0973015264147526,48.12595698684454,-88.23529758782387,72.1922225099802
2024-09-23 21:23:09.745880,42.7,52.836543,0.00044769805900669,-0.0228827638849692,0.0973015264147526,48.12595698684454,-88.23529758782387,72.1922225099802
2024-09-23 21:23:09.757661,42.7,52.836543,0.00044769805900669,-0.0228827638849692,0.0973015264147526,44.11764879391193,-92.24360919585227,72.1922225099802
2024-09-23 21:23:09.790499,42.7,52.836543,0.00044769805900669,-0.0228827638849692,0.0973015264147526,44.11764879391193,-92.24360919585227,80.21211738781929
2024-09-23 21:23:09.802285,42.7,52.836594,0.0006964318663124887,-0.023280723622328886,0.09740101331113918,40.106058693909645,-92.24360919585227,80.21211738781929
2024-09-23 21:23:09.844841,42.18,52.836644,0.0012436275969465451,-0.02303200030545576,0.09740101331113918,40.106058693909645,-84.22370748782159,84.22370748782159
2024-09-23 21:23:09.857096,42.18,52.836644,0.0012436275969465451,-0.02303200030545576,0.09784872257259886,40.106058693909645,-84.22370748782159,84.22370748782159
2024-09-23 21:23:09.890177,42.18,52.836644,0.0012436275969465451,-0.02303200030545576,0.09784872257259886,44.11764879391193,-84.22370748782159,80.21211738781929
2024-09-23 21:23:09.901627,42.18,52.836695,0.0005471957306340564,-0.02308174982955575,0.09784872257259886,44.11764879391193,-84.22370748782159,80.21211738781929
2024-09-23 21:23:09.944193,42.18,52.836787,0.0011441298778511575,-0.02308174982955575,0.09725178296655933,48.12595698684454,-88.23529758782387,72.1922225099802
2024-09-23 21:23:09.986338,42.18,52.836787,0.0011441298778511575,-0.023181236725942318,0.09710254654607277,48.12595698684454,-88.23529758782387,72.1922225099802
2024-09-23 21:23:09.998096,42.18,52.836881,0.0011441298778511575,-0.023181236725942318,0.09710254654607277,36.09446859390736,-92.24360919585227,84.22370748782159
2024-09-23 21:23:10.040496,42.18,52.836881,0.0007959191899112484,-0.023280723622328886,0.09755024973162574,36.09446859390736,-92.24360919585227,84.22370748782159
2024-09-23 21:23:10.052938,42.18,52.836881,0.0007959191899112484,-0.023280723622328886,0.09755024973162574,36.09446859390736,-92.24360919585227,72.1922225099802
2024-09-23 21:23:10.084336,42.18,52.836933,0.0008954064660419869,-0.023280723622328886,0.09755024973162574,36.09446859390736,-92.24360919585227,72.1922225099802
2024-09-23 21:23:10.096314,42.18,52.836933,0.0008954064660419869,-0.022982261414192504,0.0973512698629459,32.08287849390507,-92.24360919585227,72.1922225099802
2024-09-23 21:23:10.140015,42.18,52.836984,0.0005471957306340564,-0.02352945757203875,0.0973015264147526,44.11764879391193,-92.24360919585227,72.1922225099802
2024-09-23 21:23:10.182327,42.18,52.837034,0.0005471957306340564,-0.02352945757203875,0.0973015264147526,44.11764879391193,-92.24360919585227,76.200527287817
2024-09-23 21:23:10.194249,42.18,52.837034,0.0012933660135295898,-0.02338022115155219,0.09695331012558621,44.11764879391193,-92.24360919585227,76.200527287817
2024-09-23 21:23:10.236995,42.18,52.837085,0.0011441298778511575,-0.02278327698858263,0.09695331012558621,32.08287849390507,-100.26678939585686,72.1922225099802
2024-09-23 21:23:10.280242,42.18,52.837085,0.0011441298778511575,-0.02278327698858263,0.0973015264147526,40.106058693909645,-96.25519929585457,72.1922225099802
2024-09-23 21:23:10.291491,42.18,52.837136,0.000845657606494293,-0.02278327698858263,0.0973015264147526,40.106058693909645,-96.25519929585457,72.1922225099802
2024-09-23 21:23:10.333867,42.18,52.837223,0.000845657606494293,-0.02362894446842532,0.09789846602079214,44.11764879391193,-92.24360919585227,72.1922225099802
2024-09-23 21:23:10.377156,42.18,52.837223,0.0010943914612681128,-0.02313149783467906,0.09710254654607277,44.11764879391193,-92.24360919585227,72.1922225099802
2024-09-23 21:23:10.388621,42.18,52.837223,0.0010943914612681128,-0.02313149783467906,0.09710254654607277,32.08287849390507,-92.24360919585227,76.200527287817
2024-09-23 21:23:10.431998,42.18,52.837274,0.0006466830067647949,-0.02313149783467906,0.09710254654607277,40.106058693909645,-92.24360919585227,76.200527287817
2024-09-23 21:23:10.474614,42.18,52.837325,0.0011441298778511575,-0.02313149783467906,0.09710254654607277,40.106058693909645,-92.24360919585227,72.1922225099802
2024-09-23 21:23:10.485769,42.18,52.837325,0.0011441298778511575,-0.023927417309398437,0.09759999317981902,36.09446859390736,-92.24360919585227,72.1922225099802
2024-09-23 21:23:10.529025,42.18,52.837376,0.0004974468710863627,-0.02313149783467906,0.0970030596496862,36.09446859390736,-92.24360919585227,76.200527287817
2024-09-23 21:23:10.571390,42.18,52.837376,0.0004974468710863627,-0.02313149783467906,0.0970030596496862,40.106058693909645,-96.25519929585457,76.200527287817
2024-09-23 21:23:10.583182,42.18,52.837426,0.0006964318663124887,-0.023181236725942318,0.0970030596496862,40.106058693909645,-96.25519929585457,80.21211738781929
2024-09-23 21:23:10.625120,42.18,52.837477,0.0006964318663124887,-0.023181236725942318,0.09690356060148622,44.11764879391193,-96.25519929585457,80.21211738781929
2024-09-23 21:23:10.637279,42.18,52.837477,0.0004974468710863627,-0.023181236725942318,0.09690356060148622,44.11764879391193,-96.25519929585457,80.21211738781929
2024-09-23 21:23:10.721342,42.18,52.837477,0.0004974468710863627,-0.023429960042815445,0.0973512698629459,44.11764879391193,-96.25519929585457,80.21211738781929
2024-09-23 21:23:10.733556,42.18,52.837564,0.0004974468710863627,-0.023429960042815445,0.0973512698629459,44.11764879391193,-96.25519929585457,80.21211738781929
2024-09-23 21:23:10.766433,42.18,52.837564,0.0006964318663124887,-0.023429960042815445,0.0973512698629459,44.11764879391193,-96.25519929585457,80.21211738781929
2024-09-23 21:23:10.778087,42.18,52.837564,0.0006964318663124887,-0.02263404056809607,0.09740101331113918,44.11764879391193,-96.25519929585457,80.21211738781929
2024-09-23 21:23:10.819942,42.18,52.837615,0.001044642601720419,-0.023181236725942318,0.09745075675933246,44.11764879391193,-96.25519929585457,80.21211738781929
2024-09-23 21:23:10.831848,42.18,52.837615,0.001044642601720419,-0.023181236725942318,0.09745075675933246,44.11764879391193,-96.25519929585457,80.21211738781929
2024-09-23 21:23:10.864716,41.89,52.837666,9.948729986474904e-05,-0.023181236725942318,0.09745075675933246,44.11764879391193,-96.25519929585457,72.1922225099802
2024-09-23 21:23:10.876191,41.89,52.837666,9.948729986474904e-05,-0.023230986250042305,0.09720203344245934,20.05138839341998,-96.25519929585457,72.1922225099802
2024-09-23 21:23:10.918948,41.89,52.837717,0.0007959191899112484,-0.02303200030545576,0.09720203344245934,20.05138839341998,-96.25519929585457,72.1922225099802
2024-09-23 21:23:10.962017,41.89,52.837717,0.0007959191899112484,-0.02303200030545576,0.09789846602079214,32.08287849390507,-96.25519929585457,72.1922225099802
2024-09-23 21:23:10.973223,41.89,52.83781,0.000845657606494293,-0.02303200030545576,0.09789846602079214,32.08287849390507,-100.26678939585686,80.21211738781929
2024-09-23 21:23:11.017019,41.89,52.837861,0.000845657606494293,-0.02308174982955575,0.09740101331113918,48.12595698684454,-100.26678939585686,72.1922225099802
2024-09-23 21:23:11.059954,41.89,52.837861,0.0008954064660419869,-0.02338022115155219,0.0973015264147526,48.12595698684454,-100.26678939585686,72.1922225099802
2024-09-23 21:23:11.070883,41.89,52.837861,0.0008954064660419869,-0.02338022115155219,0.0973015264147526,56.14914060194492,-92.24360919585227,76.200527287817
2024-09-23 21:23:11.113690,41.89,52.837954,0.0003979595949556242,-0.02293251340906919,0.09745075675933246,44.11764879391193,-92.24360919585227,76.200527287817
2024-09-23 21:23:11.157040,41.89,52.838006,0.0012933660135295898,-0.02293251340906919,0.09745075675933246,44.11764879391193,-92.24360919585227,80.21211738781929
2024-09-23 21:23:11.168786,41.89,52.838006,0.0012933660135295898,-0.023330473146428877,0.09794820946898543,48.12595698684454,-92.24360919585227,80.21211738781929
2024-09-23 21:23:11.211698,41.89,52.838056,0.0006964318663124887,-0.02338022115155219,0.09720203344245934,48.12595698684454,-92.24360919585227,80.21211738781929
2024-09-23 21:23:11.253645,41.89,52.838056,0.0006964318663124887,-0.02338022115155219,0.09720203344245934,36.09446859390736,-96.25519929585457,80.21211738781929
2024-09-23 21:23:11.264923,41.89,52.838107,0.0009948937421727254,-0.023181236725942318,0.09720203344245934,36.09446859390736,-96.25519929585457,76.200527287817
2024-09-23 21:23:11.308341,41.89,52.838157,0.001442602149208022,-0.023181236725942318,0.0973015264147526,36.09446859390736,-92.24360919585227,80.21211738781929
2024-09-23 21:23:11.350657,41.89,52.838157,0.001442602149208022,-0.02263404056809607,0.0976994861521123,36.09446859390736,-92.24360919585227,80.21211738781929
2024-09-23 21:23:11.361968,41.89,52.838246,0.001442602149208022,-0.02263404056809607,0.0976994861521123,40.106058693909645,-96.25519929585457,84.22370748782159
2024-09-23 21:23:11.404083,41.89,52.838246,0.0013928637326249774,-0.02352945757203875,0.09740101331113918,36.09446859390736,-96.25519929585457,84.22370748782159
2024-09-23 21:23:11.415703,41.89,52.838246,0.0013928637326249774,-0.02352945757203875,0.09740101331113918,36.09446859390736,-96.25519929585457,72.1922225099802
2024-09-23 21:23:11.448039,41.89,52.838298,0.0005969341946851222,-0.02352945757203875,0.09740101331113918,36.09446859390736,-96.25519929585457,72.1922225099802
2024-09-23 21:23:11.460054,41.89,52.838298,0.0005969341946851222,-0.023429960042815445,0.09755024973162574,36.09446859390736,-88.23529758782387,72.1922225099802
2024-09-23 21:23:11.502114,41.89,52.838349,0.0008954064660419869,-0.023429960042815445,0.09755024973162574,36.09446859390736,-88.23529758782387,76.200527287817
2024-09-23 21:23:11.545326,41.89,52.838349,0.0008954064660419869,-0.02338022115155219,0.09755024973162574,36.09446859390736,-88.23529758782387,76.200527287817
2024-09-23 21:23:11.556744,41.89,52.8384,0.0008954064660419869,-0.02338022115155219,0.09824668230995855,72.1922225099802,-92.24360919585227,76.200527287817
2024-09-23 21:23:11.599365,41.89,52.8384,0.0004974468710863627,-0.02338022115155219,0.09740101331113918,80.21211738781929,-92.24360919585227,76.200527287817
2024-09-23 21:23:11.612494,41.89,52.8384,0.0004974468710863627,-0.02338022115155219,0.09740101331113918,80.21211738781929,-96.25519929585457,76.200527287817
2024-09-23 21:23:11.647364,41.89,52.838451,0.0011441298778511575,-0.02308174982955575,0.09740101331113918,80.21211738781929,-96.25519929585457,76.200527287817
2024-09-23 21:23:11.659175,41.89,52.838451,0.0011441298778511575,-0.02308174982955575,0.0970030596496862,4.008308192932605,-92.24360919585227,76.200527287817
2024-09-23 21:23:11.742372,41.89,52.838501,0.0011441298778511575,-0.02308174982955575,0.0970030596496862,4.008308192932605,-92.24360919585227,80.21211738781929
2024-09-23 21:23:11.754060,41.89,52.838501,0.0005471957306340564,-0.023479709566915436,0.0973015264147526,28.07457030097246,-92.24360919585227,80.21211738781929
2024-09-23 21:23:11.796862,41.89,52.838588,0.0005969341946851222,-0.023429960042815445,0.09710254654607277,28.07457030097246,-92.24360919585227,72.1922225099802
2024-09-23 21:23:11.840229,41.89,52.838588,0.0005969341946851222,-0.023429960042815445,0.09710254654607277,20.05138839341998,-88.23529758782387,76.200527287817
2024-09-23 21:23:11.851918,41.89,52.838639,0.0006964318663124887,-0.0228827638849692,0.09710254654607277,20.05138839341998,-88.23529758782387,76.200527287817
2024-09-23 21:23:11.895473,41.89,52.83869,0.0009451553255896806,-0.0228827638849692,0.0973512698629459,28.07457030097246,-88.23529758782387,84.22370748782159
2024-09-23 21:23:11.938142,41.89,52.83869,0.0009451553255896806,-0.022982261414192504,0.09774922960030558,28.07457030097246,-88.23529758782387,84.22370748782159
2024-09-23 21:23:11.949960,41.89,52.838783,0.0009451553255896806,-0.022982261414192504,0.09774922960030558,44.11764879391193,-100.26678939585686,80.21211738781929
2024-09-23 21:23:11.992504,41.89,52.838783,0.0008954064660419869,-0.023181236725942318,0.09710254654607277,40.106058693909645,-88.23529758782387,72.1922225099802
2024-09-23 21:23:12.035669,41.89,52.838881,0.0012933660135295898,-0.023330473146428877,0.09710254654607277,40.106058693909645,-88.23529758782387,72.1922225099802
2024-09-23 21:23:12.046738,41.89,52.838881,0.0012933660135295898,-0.023330473146428877,0.09710254654607277,40.106058693909645,-88.23529758782387,72.1922225099802
2024-09-23 21:23:12.089289,41.89,52.838932,0.0007959191899112484,-0.02308174982955575,0.09665483728461309,44.11764879391193,-88.23529758782387,76.200527287817
2024-09-23 21:23:12.132071,41.89,52.838983,0.0007959191899112484,-0.02308174982955575,0.09665483728461309,44.11764879391193,-100.26678939585686,80.21211738781929
2024-09-23 21:23:12.143597,41.89,52.838983,0.00034821073540793035,-0.02313149783467906,0.09755024973162574,44.11764879391193,-100.26678939585686,80.21211738781929
2024-09-23 21:23:12.186248,41.89,52.839033,0.0008954064660419869,-0.023877669304275123,0.09755024973162574,36.09446859390736,-92.24360919585227,72.1922225099802
2024-09-23 21:23:12.228799,41.89,52.839033,0.0008954064660419869,-0.023877669304275123,0.09750050628343246,32.08287849390507,-92.24360919585227,72.1922225099802
2024-09-23 21:23:12.240182,41.89,52.839084,0.00044769805900669,-0.023877669304275123,0.09750050628343246,32.08287849390507,-92.24360919585227,68.18063240997792
2024-09-23 21:23:12.282840,41.89,52.839084,0.00044769805900669,-0.023429960042815445,0.09745075675933246,28.07457030097246,-96.25519929585457,72.1922225099802
2024-09-23 21:23:12.294616,41.89,52.839173,0.00044769805900669,-0.023429960042815445,0.09745075675933246,28.07457030097246,-96.25519929585457,72.1922225099802
2024-09-23 21:23:12.327070,41.89,52.839173,0.0008954064660419869,-0.02278327698858263,0.09779897304849887,28.07457030097246,-96.25519929585457,72.1922225099802
2024-09-23 21:23:12.338323,41.89,52.839173,0.0008954064660419869,-0.02278327698858263,0.09779897304849887,32.08287849390507,-104.27510100388527,68.18063240997792
2024-09-23 21:23:12.380853,41.89,52.839224,0.0006466830067647949,-0.02268379009219606,0.09809744588947199,44.11764879391193,-100.26678939585686,68.18063240997792
2024-09-23 21:23:12.424279,41.89,52.839275,0.0006466830067647949,-0.02268379009219606,0.09809744588947199,44.11764879391193,-100.26678939585686,76.200527287817
2024-09-23 21:23:12.435396,41.89,52.839275,0.0009451553255896806,-0.02303200030545576,0.09745075675933246,32.08287849390507,-100.26678939585686,76.200527287817
2024-09-23 21:23:12.477142,41.89,52.839326,0.001044642601720419,-0.023429960042815445,0.09745075675933246,32.08287849390507,-88.23529758782387,80.21211738781929
2024-09-23 21:23:12.489544,41.89,52.839326,0.001044642601720419,-0.023429960042815445,0.09745075675933246,32.08287849390507,-88.23529758782387,80.21211738781929
2024-09-23 21:23:12.522367,41.89,52.839326,0.001044642601720419,-0.023429960042815445,0.09745075675933246,40.106058693909645,-96.25519929585457,76.200527287817
2024-09-23 21:23:12.533604,41.89,52.839376,0.0005471957306340564,-0.02278327698858263,0.09745075675933246,40.106058693909645,-96.25519929585457,76.200527287817
2024-09-23 21:23:12.575988,41.89,52.839427,0.0005969341946851222,-0.02278327698858263,0.0973512698629459,36.09446859390736,-96.25519929585457,76.200527287817
2024-09-23 21:23:12.619050,41.89,52.839427,0.0005969341946851222,-0.02303200030545576,0.09670458680871308,36.09446859390736,-96.25519929585457,76.200527287817
2024-09-23 21:23:12.630481,41.89,52.839514,0.0005969341946851222,-0.02303200030545576,0.09670458680871308,44.11764879391193,-92.24360919585227,72.1922225099802
2024-09-23 21:23:12.673583,41.89,52.839514,0.0007959191899112484,-0.02303200030545576,0.09755024973162574,44.11764879391193,-96.25519929585457,76.200527287817
2024-09-23 21:23:12.716196,41.89,52.839566,0.0007959191899112484,-0.02303200030545576,0.09755024973162574,44.11764879391193,-96.25519929585457,76.200527287817
2024-09-23 21:23:12.769201,41.89,52.839566,0.0010943914612681128,-0.0228827638849692,0.09745075675933246,32.08287849390507,-96.25519929585457,76.200527287817
2024-09-23 21:23:12.785904,41.89,52.839566,0.0010943914612681128,-0.0228827638849692,0.09745075675933246,32.08287849390507,-96.25519929585457,76.200527287817
2024-09-23 21:23:12.819136,41.89,52.839616,0.000845657606494293,-0.022833026512682618,0.09750050628343246,32.08287849390507,-96.25519929585457,76.200527287817
2024-09-23 21:23:12.830882,41.89,52.839616,0.000845657606494293,-0.022833026512682618,0.09750050628343246,32.08287849390507,-96.25519929585457,76.200527287817
2024-09-23 21:23:12.862654,41.89,52.839667,0.000845657606494293,-0.022833026512682618,0.09750050628343246,32.08287849390507,-96.25519929585457,80.21211738781929
2024-09-23 21:23:12.873766,41.89,52.839667,0.0014923510087557158,-0.023280723622328886,0.09650560086412653,44.11764879391193,-96.25519929585457,80.21211738781929
2024-09-23 21:23:12.916315,41.82,52.839717,0.0007461703303635545,-0.023280723622328886,0.09650560086412653,44.11764879391193,-96.25519929585457,76.200527287817
2024-09-23 21:23:12.928275,41.82,52.839717,0.0007461703303635545,-0.023280723622328886,0.09685382322919964,44.11764879391193,-96.25519929585457,76.200527287817
2024-09-23 21:23:12.959655,41.82,52.839717,0.0007461703303635545,-0.023280723622328886,0.09685382322919964,36.09446859390736,-100.26678939585686,76.200527287817
2024-09-23 21:23:12.971108,41.82,52.839768,0.00029846189959424716,-0.02313149783467906,0.09685382322919964,36.09446859390736,-100.26678939585686,76.200527287817
2024-09-23 21:23:13.013290,41.82,52.839858,0.00029846189959424716,-0.02313149783467906,0.09784872257259886,40.106058693909645,-100.26678939585686,76.200527287817
2024-09-23 21:23:13.025580,41.82,52.839858,0.00029846189959424716,-0.02313149783467906,0.09784872257259886,40.106058693909645,-100.26678939585686,76.200527287817
2024-09-23 21:23:13.057972,41.82,52.839858,0.00029846189959424716,-0.023181236725942318,0.09774922960030558,40.106058693909645,-100.26678939585686,76.200527287817
2024-09-23 21:23:13.069803,41.82,52.839953,0.00029846189959424716,-0.023181236725942318,0.09774922960030558,36.09446859390736,-92.24360919585227,76.200527287817
2024-09-23 21:23:13.112545,41.82,52.839953,0.0008954064660419869,-0.02352945757203875,0.09779897304849887,40.106058693909645,-92.24360919585227,76.200527287817
2024-09-23 21:23:13.124406,41.82,52.839953,0.0008954064660419869,-0.02352945757203875,0.09779897304849887,40.106058693909645,-92.24360919585227,76.200527287817
2024-09-23 21:23:13.157850,41.82,52.840004,0.0003979595949556242,-0.023479709566915436,0.09750050628343246,40.106058693909645,-92.24360919585227,76.200527287817
2024-09-23 21:23:13.169536,41.82,52.840004,0.0003979595949556242,-0.023479709566915436,0.09750050628343246,44.11764879391193,-88.23529758782387,76.200527287817
2024-09-23 21:23:13.202567,41.82,52.840004,0.0003979595949556242,-0.023479709566915436,0.09750050628343246,44.11764879391193,-88.23529758782387,76.200527287817
2024-09-23 21:23:13.213684,41.82,52.840055,0.0006964318663124887,-0.023280723622328886,0.09774922960030558,48.12595698684454,-88.23529758782387,76.200527287817
2024-09-23 21:23:13.255722,41.82,52.840106,0.0012436275969465451,-0.023280723622328886,0.09774922960030558,48.12595698684454,-88.23529758782387,76.200527287817
2024-09-23 21:23:13.268816,41.82,52.840106,0.0012436275969465451,-0.022833026512682618,0.09680407370509965,48.12595698684454,-88.23529758782387,76.200527287817
2024-09-23 21:23:13.301241,41.82,52.840106,0.0012436275969465451,-0.022833026512682618,0.09680407370509965,40.106058693909645,-100.26678939585686,76.200527287817
2024-09-23 21:23:13.312712,41.82,52.840156,0.0003979595949556242,-0.023181236725942318,0.09680407370509965,40.106058693909645,-100.26678939585686,72.1922225099802
2024-09-23 21:23:13.356024,41.82,52.840207,0.0003979595949556242,-0.023181236725942318,0.09720203344245934,40.106058693909645,-96.25519929585457,76.200527287817
2024-09-23 21:23:13.368280,41.82,52.840207,0.0013431148730772837,-0.023181236725942318,0.09720203344245934,40.106058693909645,-96.25519929585457,76.200527287817
2024-09-23 21:23:13.401672,41.82,52.840207,0.0013431148730772837,-0.02303200030545576,0.0976994861521123,40.106058693909645,-96.25519929585457,76.200527287817
2024-09-23 21:23:13.454458,41.82,52.840294,0.0011938787373988514,-0.02352945757203875,0.0976994861521123,44.11764879391193,-104.27510100388527,80.21211738781929
2024-09-23 21:23:13.496817,41.82,52.840294,0.0011938787373988514,-0.02352945757203875,0.09774922960030558,40.106058693909645,-104.27510100388527,80.21211738781929
2024-09-23 21:23:13.508403,41.82,52.840346,0.0006466830067647949,-0.02352945757203875,0.09774922960030558,40.106058693909645,-92.24360919585227,76.200527287817
2024-09-23 21:23:13.552087,41.82,52.840396,0.0006466830067647949,-0.02293251340906919,0.09764974270391902,44.11764879391193,-100.26678939585686,72.1922225099802
2024-09-23 21:23:13.594969,41.82,52.840396,0.00024872343554318134,-0.023230986250042305,0.09774922960030558,44.11764879391193,-100.26678939585686,72.1922225099802
2024-09-23 21:23:13.606177,41.82,52.840396,0.00024872343554318134,-0.023230986250042305,0.09774922960030558,32.08287849390507,-92.24360919585227,76.200527287817
2024-09-23 21:23:13.649427,41.82,52.840447,0.001044642601720419,-0.022833026512682618,0.0976994861521123,40.106058693909645,-96.25519929585457,76.200527287817
2024-09-23 21:23:13.692656,41.82,52.840539,0.0008954064660419869,-0.022833026512682618,0.0976994861521123,40.106058693909645,-96.25519929585457,80.21211738781929
2024-09-23 21:23:13.704141,41.82,52.840539,0.0008954064660419869,-0.0228827638849692,0.09764974270391902,48.12595698684454,-96.25519929585457,80.21211738781929
2024-09-23 21:23:13.747877,41.82,52.840539,0.0008954064660419869,-0.0228827638849692,0.09764974270391902,48.12595698684454,-96.25519929585457,80.21211738781929
2024-09-23 21:23:13.791212,41.82,52.84059,0.000845657606494293,-0.0228827638849692,0.09764974270391902,48.12595698684454,-96.25519929585457,80.21211738781929
2024-09-23 21:23:13.802753,41.82,52.84059,0.000845657606494293,-0.02367869399252531,0.09715228999426605,44.11764879391193,-96.25519929585457,80.21211738781929
2024-09-23 21:23:13.845884,41.82,52.840641,0.00029846189959424716,-0.02303200030545576,0.09715228999426605,44.11764879391193,-96.25519929585457,80.21211738781929
2024-09-23 21:23:13.888064,41.82,52.840641,0.00029846189959424716,-0.02303200030545576,0.09715228999426605,48.12595698684454,-96.25519929585457,80.21211738781929
2024-09-23 21:23:13.942215,41.91,52.840691,0.0005969341946851222,-0.02362894446842532,0.09764974270391902,36.09446859390736,-96.25519929585457,76.200527287817
2024-09-23 21:23:13.984216,41.91,52.840691,0.0005969341946851222,-0.02362894446842532,0.09764974270391902,36.09446859390736,-100.26678939585686,76.200527287817
2024-09-23 21:23:13.995684,41.91,52.840782,0.000845657606494293,-0.022982261414192504,0.09745075675933246,36.09446859390736,-100.26678939585686,76.200527287817
2024-09-23 21:23:14.039242,41.91,52.840832,0.0013431148730772837,-0.022982261414192504,0.09745075675933246,40.106058693909645,-88.23529758782387,72.1922225099802
2024-09-23 21:23:14.050608,41.91,52.840832,0.0013431148730772837,-0.023280723622328886,0.09745075675933246,40.106058693909645,-88.23529758782387,72.1922225099802
2024-09-23 21:23:14.082930,41.91,52.840832,0.0013431148730772837,-0.023280723622328886,0.09690356060148622,44.11764879391193,-92.24360919585227,72.1922225099802
2024-09-23 21:23:14.094418,41.91,52.840928,0.0005969341946851222,-0.023280723622328886,0.09690356060148622,44.11764879391193,-92.24360919585227,84.22370748782159
2024-09-23 21:23:14.137022,41.91,52.840979,0.0005969341946851222,-0.023429960042815445,0.09774922960030558,44.11764879391193,-100.26678939585686,76.200527287817
2024-09-23 21:23:14.180731,41.91,52.840979,0.0007959191899112484,-0.022982261414192504,0.09745075675933246,44.11764879391193,-100.26678939585686,76.200527287817
2024-09-23 21:23:14.192186,41.91,52.840979,0.0007959191899112484,-0.022982261414192504,0.09745075675933246,40.106058693909645,-92.24360919585227,80.21211738781929
2024-09-23 21:23:14.235076,41.91,52.841075,0.00024872343554318134,-0.02313149783467906,0.09710254654607277,40.106058693909645,-88.23529758782387,80.21211738781929
2024-09-23 21:23:14.278060,41.91,52.841126,0.000845657606494293,-0.02313149783467906,0.09710254654607277,40.106058693909645,-88.23529758782387,76.200527287817
2024-09-23 21:23:14.289831,41.91,52.841126,0.000845657606494293,-0.022833026512682618,0.0970030596496862,44.11764879391193,-88.23529758782387,76.200527287817
2024-09-23 21:23:14.333037,41.91,52.841177,0.0006466830067647949,-0.023479709566915436,0.09720203344245934,44.11764879391193,-100.26678939585686,68.18063240997792
2024-09-23 21:23:14.376363,41.91,52.841227,0.0006466830067647949,-0.023479709566915436,0.09720203344245934,48.12595698684454,-96.25519929585457,72.1922225099802
2024-09-23 21:23:14.387941,41.91,52.841227,0.001044642601720419,-0.02293251340906919,0.09720203344245934,48.12595698684454,-96.25519929585457,72.1922225099802
2024-09-23 21:23:14.420611,41.91,52.841227,0.001044642601720419,-0.02293251340906919,0.09720203344245934,48.12595698684454,-96.25519929585457,72.1922225099802
2024-09-23 21:23:14.431972,41.91,52.841278,0.00044769805900669,-0.02293251340906919,0.09720203344245934,40.106058693909645,-96.25519929585457,76.200527287817
2024-09-23 21:23:14.474628,41.91,52.841278,0.00044769805900669,-0.02338022115155219,0.09725178296655933,40.106058693909645,-92.24360919585227,76.200527287817
2024-09-23 21:23:14.486546,41.91,52.841367,0.00044769805900669,-0.02338022115155219,0.09725178296655933,40.106058693909645,-92.24360919585227,72.1922225099802
2024-09-23 21:23:14.518101,41.91,52.841367,0.0008954064660419869,-0.02338022115155219,0.09725178296655933,40.106058693909645,-92.24360919585227,72.1922225099802
2024-09-23 21:23:14.529759,41.91,52.841367,0.0008954064660419869,-0.022733528983459317,0.09779897304849887,40.106058693909645,-92.24360919585227,72.1922225099802
2024-09-23 21:23:14.624598,41.91,52.841418,0.0007959191899112484,-0.0228827638849692,0.09690356060148622,40.106058693909645,-100.26678939585686,68.18063240997792
2024-09-23 21:23:14.668513,41.91,52.841418,0.0007959191899112484,-0.0228827638849692,0.09690356060148622,32.08287849390507,-92.24360919585227,80.21211738781929
2024-09-23 21:23:14.679829,41.91,52.841469,0.0006466830067647949,-0.023280723622328886,0.09690356060148622,32.08287849390507,-92.24360919585227,80.21211738781929
2024-09-23 21:23:14.722814,41.91,52.841519,0.0009451553255896806,-0.023280723622328886,0.09755024973162574,40.106058693909645,-88.23529758782387,76.200527287817
2024-09-23 21:23:14.765805,41.91,52.841519,0.0009451553255896806,-0.023230986250042305,0.09784872257259886,40.106058693909645,-88.23529758782387,76.200527287817
2024-09-23 21:23:14.819634,41.91,52.84157,0.0004974468710863627,-0.022982261414192504,0.09784872257259886,40.106058693909645,-96.25519929585457,76.200527287817
2024-09-23 21:23:14.864790,41.91,52.84157,0.0004974468710863627,-0.022982261414192504,0.09745075675933246,44.11764879391193,-96.25519929585457,76.200527287817
2024-09-23 21:23:14.876494,41.91,52.841708,0.00044769805900669,-0.022982261414192504,0.09745075675933246,44.11764879391193,-96.25519929585457,76.200527287817
2024-09-23 21:23:14.909670,41.91,52.841708,0.00044769805900669,-0.02352945757203875,0.09745075675933246,44.11764879391193,-96.25519929585457,76.200527287817
2024-09-23 21:23:14.921419,41.91,52.84176,0.00044769805900669,-0.02352945757203875,0.09789846602079214,40.106058693909645,-96.25519929585457,80.21211738781929
2024-09-23 21:23:14.963833,41.79,52.84176,0.0013431148730772837,-0.02268379009219606,0.09764974270391902,44.11764879391193,-96.25519929585457,80.21211738781929
2024-09-23 21:23:14.975616,41.79,52.84176,0.0013431148730772837,-0.02268379009219606,0.09764974270391902,44.11764879391193,-84.22370748782159,76.200527287817
2024-09-23 21:23:15.007203,41.79,52.84181,0.0006964318663124887,-0.02268379009219606,0.09764974270391902,44.11764879391193,-84.22370748782159,76.200527287817
2024-09-23 21:23:15.019720,41.79,52.84181,0.0006964318663124887,-0.02303200030545576,0.0973015264147526,40.106058693909645,-92.24360919585227,76.200527287817
2024-09-23 21:23:15.062094,41.79,52.841904,0.000845657606494293,-0.023330473146428877,0.09784872257259886,36.09446859390736,-92.24360919585227,72.1922225099802
2024-09-23 21:23:15.104553,41.79,52.841904,0.000845657606494293,-0.023330473146428877,0.09784872257259886,36.09446859390736,-92.24360919585227,80.21211738781929
2024-09-23 21:23:15.116142,41.79,52.841955,0.00029846189959424716,-0.023230986250042305,0.09784872257259886,36.09446859390736,-92.24360919585227,80.21211738781929
2024-09-23 21:23:15.159485,41.79,52.842006,0.0006466830067647949,-0.023230986250042305,0.09784872257259886,40.106058693909645,-88.23529758782387,76.200527287817
2024-09-23 21:23:15.171129,41.79,52.842006,0.0006466830067647949,-0.02362894446842532,0.09784872257259886,40.106058693909645,-88.23529758782387,76.200527287817
2024-09-23 21:23:15.203626,41.79,52.842006,0.0006466830067647949,-0.02362894446842532,0.0976994861521123,40.106058693909645,-88.23529758782387,76.200527287817
2024-09-23 21:23:15.256501,41.79,52.842056,0.0006466830067647949,-0.02362894446842532,0.0976994861521123,40.106058693909645,-96.25519929585457,80.21211738781929
2024-09-23 21:23:15.268086,41.79,52.842056,0.0004974468710863627,-0.02308174982955575,0.0976994861521123,40.106058693909645,-96.25519929585457,80.21211738781929
2024-09-23 21:23:15.300533,41.79,52.842056,0.0004974468710863627,-0.02308174982955575,0.09725178296655933,48.12595698684454,-96.25519929585457,80.21211738781929
2024-09-23 21:23:15.311658,41.79,52.842147,0.0009451553255896806,-0.02308174982955575,0.09725178296655933,48.12595698684454,-92.24360919585227,72.1922225099802
2024-09-23 21:23:15.354303,41.79,52.842147,0.0009451553255896806,-0.023181236725942318,0.09740101331113918,40.106058693909645,-96.25519929585457,72.1922225099802
2024-09-23 21:23:15.365948,41.79,52.842198,0.0009451553255896806,-0.023181236725942318,0.09740101331113918,40.106058693909645,-96.25519929585457,72.1922225099802
2024-09-23 21:23:15.399543,41.79,52.842198,0.00034821073540793035,-0.0224350561424862,0.09710254654607277,40.106058693909645,-96.25519929585457,72.1922225099802
2024-09-23 21:23:15.410719,41.79,52.842198,0.00034821073540793035,-0.0224350561424862,0.09710254654607277,36.09446859390736,-92.24360919585227,80.21211738781929
2024-09-23 21:23:15.453562,41.79,52.842249,0.0003979595949556242,-0.0228827638849692,0.09764974270391902,44.11764879391193,-92.24360919585227,80.21211738781929
2024-09-23 21:23:15.495855,41.79,52.842343,0.0003979595949556242,-0.0228827638849692,0.09764974270391902,44.11764879391193,-92.24360919585227,72.1922225099802
2024-09-23 21:23:15.507526,41.79,52.842343,0.0012933660135295898,-0.02293251340906919,0.09725178296655933,44.11764879391193,-92.24360919585227,72.1922225099802
2024-09-23 21:23:15.550901,41.79,52.842394,0.0005471957306340564,-0.02268379009219606,0.09789846602079214,44.11764879391193,-92.24360919585227,80.21211738781929
2024-09-23 21:23:15.594498,41.79,52.842394,0.0005471957306340564,-0.02268379009219606,0.09789846602079214,40.106058693909645,-96.25519929585457,80.21211738781929
2024-09-23 21:23:15.605916,41.79,52.842444,0.0010943914612681128,-0.022982261414192504,0.09789846602079214,40.106058693909645,-96.25519929585457,80.21211738781929
2024-09-23 21:23:15.649590,41.79,52.842495,0.00044769805900669,-0.022982261414192504,0.09715228999426605,36.09446859390736,-92.24360919585227,76.200527287817
2024-09-23 21:23:15.691238,41.79,52.842495,0.00044769805900669,-0.023230986250042305,0.09755024973162574,44.11764879391193,-92.24360919585227,76.200527287817
2024-09-23 21:23:15.702126,41.79,52.842585,0.00044769805900669,-0.023230986250042305,0.09755024973162574,44.11764879391193,-92.24360919585227,76.200527287817
2024-09-23 21:23:15.743706,41.79,52.842585,0.0005471957306340564,-0.02303200030545576,0.09779897304849887,48.12595698684454,-92.24360919585227,76.200527287817
2024-09-23 21:23:15.755514,41.79,52.842585,0.0005471957306340564,-0.02303200030545576,0.09779897304849887,48.12595698684454,-96.25519929585457,72.1922225099802
2024-09-23 21:23:15.787030,41.79,52.842637,0.0006964318663124887,-0.02303200030545576,0.09779897304849887,48.12595698684454,-96.25519929585457,72.1922225099802
2024-09-23 21:23:15.798294,41.79,52.842637,0.0006964318663124887,-0.023280723622328886,0.0973015264147526,44.11764879391193,-96.25519929585457,72.1922225099802
2024-09-23 21:23:15.840881,41.79,52.842687,0.0007959191899112484,-0.023728432883788564,0.0973015264147526,44.11764879391193,-96.25519929585457,68.18063240997792
2024-09-23 21:23:15.934373,41.79,52.842687,0.0007959191899112484,-0.023728432883788564,0.09750050628343246,44.11764879391193,-96.25519929585457,68.18063240997792
2024-09-23 21:23:15.946294,41.79,52.842738,0.0008954064660419869,-0.023728432883788564,0.09750050628343246,44.11764879391193,-100.26678939585686,76.200527287817
2024-09-23 21:23:15.990954,41.77,52.842738,0.0008954064660419869,-0.023330473146428877,0.09750050628343246,44.11764879391193,-100.26678939585686,80.21211738781929
2024-09-23 21:23:16.002501,41.77,52.842789,0.0008954064660419869,-0.023330473146428877,0.09750050628343246,44.11764879391193,-100.26678939585686,80.21211738781929
2024-09-23 21:23:16.034934,41.77,52.842789,0.0005969341946851222,-0.023429960042815445,0.09745075675933246,40.106058693909645,-100.26678939585686,80.21211738781929
2024-09-23 21:23:16.046167,41.77,52.842789,0.0005969341946851222,-0.023429960042815445,0.09745075675933246,40.106058693909645,-92.24360919585227,76.200527287817
2024-09-23 21:23:16.078900,41.77,52.842839,0.0005969341946851222,-0.023429960042815445,0.09745075675933246,40.106058693909645,-92.24360919585227,76.200527287817
2024-09-23 21:23:16.089797,41.77,52.842839,0.0005969341946851222,-0.023181236725942318,0.09680407370509965,48.12595698684454,-96.25519929585457,76.200527287817
2024-09-23 21:23:16.132616,41.77,52.842927,0.0008954064660419869,-0.0228827638849692,0.09680407370509965,48.12595698684454,-96.25519929585457,80.21211738781929
2024-09-23 21:23:16.145035,41.77,52.842927,0.0008954064660419869,-0.0228827638849692,0.09759999317981902,40.106058693909645,-96.25519929585457,80.21211738781929
2024-09-23 21:23:16.177706,41.77,52.842927,0.0008954064660419869,-0.0228827638849692,0.09759999317981902,40.106058693909645,-92.24360919585227,80.21211738781929
2024-09-23 21:23:16.189025,41.77,52.843026,0.000845657606494293,-0.02238531725122294,0.09670458680871308,40.106058693909645,-92.24360919585227,80.21211738781929
2024-09-23 21:23:16.231619,41.77,52.843076,0.000845657606494293,-0.02238531725122294,0.09670458680871308,48.12595698684454,-96.25519929585457,72.1922225099802
2024-09-23 21:23:16.243052,41.77,52.843076,0.0003979595949556242,-0.02263404056809607,0.09670458680871308,48.12595698684454,-96.25519929585457,72.1922225099802
2024-09-23 21:23:16.275278,41.77,52.843076,0.0003979595949556242,-0.02263404056809607,0.09784872257259886,48.12595698684454,-96.25519929585457,72.1922225099802
2024-09-23 21:23:16.287116,41.77,52.843127,0.0009451553255896806,-0.02263404056809607,0.09784872257259886,52.137550501942634,-96.25519929585457,76.200527287817
2024-09-23 21:23:16.329979,41.77,52.843219,0.0009451553255896806,-0.02313149783467906,0.09740101331113918,36.09446859390736,-88.23529758782387,76.200527287817
2024-09-23 21:23:16.372376,41.77,52.843219,0.0012933660135295898,-0.022484804147609512,0.09740101331113918,36.09446859390736,-88.23529758782387,76.200527287817
2024-09-23 21:23:16.383963,41.77,52.843219,0.0012933660135295898,-0.022484804147609512,0.09755024973162574,52.137550501942634,-92.24360919585227,80.21211738781929
2024-09-23 21:23:16.427141,41.77,52.843271,0.0009451553255896806,-0.022484804147609512,0.09755024973162574,52.137550501942634,-92.24360919585227,80.21211738781929
2024-09-23 21:23:16.469273,41.77,52.843271,0.0009451553255896806,-0.02313149783467906,0.09755024973162574,52.137550501942634,-92.24360919585227,80.21211738781929
2024-09-23 21:23:16.481110,41.77,52.843321,0.0009451553255896806,-0.02313149783467906,0.09750050628343246,40.106058693909645,-88.23529758782387,76.200527287817
2024-09-23 21:23:16.523949,41.77,52.843321,0.0005969341946851222,-0.02308174982955575,0.0973512698629459,48.12595698684454,-92.24360919585227,76.200527287817
2024-09-23 21:23:16.536187,41.77,52.843321,0.0005969341946851222,-0.02308174982955575,0.0973512698629459,48.12595698684454,-92.24360919585227,76.200527287817
2024-09-23 21:23:16.568596,41.77,52.843372,0.0005969341946851222,-0.02308174982955575,0.0973512698629459,48.12595698684454,-92.24360919585227,76.200527287817
2024-09-23 21:23:16.579787,41.77,52.843372,0.0005969341946851222,-0.02268379009219606,0.09764974270391902,36.09446859390736,-96.25519929585457,76.200527287817
2024-09-23 21:23:16.622251,41.77,52.843423,0.001044642601720419,-0.023330473146428877,0.09755024973162574,36.09446859390736,-96.25519929585457,76.200527287817
2024-09-23 21:23:16.665233,41.77,52.843423,0.001044642601720419,-0.023330473146428877,0.09755024973162574,36.09446859390736,-88.23529758782387,76.200527287817
2024-09-23 21:23:16.677127,41.77,52.843473,0.0009451553255896806,-0.02352945757203875,0.0970030596496862,36.09446859390736,-88.23529758782387,76.200527287817
2024-09-23 21:23:16.719630,41.77,52.843562,0.0011938787373988514,-0.02352945757203875,0.0970030596496862,40.106058693909645,-92.24360919585227,76.200527287817
2024-09-23 21:23:16.731039,41.77,52.843562,0.0011938787373988514,-0.023330473146428877,0.0970030596496862,40.106058693909645,-92.24360919585227,76.200527287817
2024-09-23 21:23:16.763073,41.77,52.843562,0.0011938787373988514,-0.023330473146428877,0.0973512698629459,40.106058693909645,-92.24360919585227,76.200527287817
2024-09-23 21:23:16.774355,41.77,52.843613,0.0006466830067647949,-0.023330473146428877,0.0973512698629459,40.106058693909645,-88.23529758782387,76.200527287817
2024-09-23 21:23:16.818271,41.77,52.843613,0.0006466830067647949,-0.022982261414192504,0.09705279702197278,44.11764879391193,-88.23529758782387,76.200527287817
2024-09-23 21:23:16.860485,41.77,52.843613,0.0006466830067647949,-0.022982261414192504,0.09705279702197278,44.11764879391193,-96.25519929585457,76.200527287817
2024-09-23 21:23:16.871549,41.77,52.843707,0.000845657606494293,-0.023230986250042305,0.09680407370509965,44.11764879391193,-96.25519929585457,76.200527287817
2024-09-23 21:23:16.914176,41.77,52.843758,0.0011938787373988514,-0.023230986250042305,0.09680407370509965,48.12595698684454,-92.24360919585227,76.200527287817
2024-09-23 21:23:16.926343,41.77,52.843758,0.0011938787373988514,-0.023330473146428877,0.09680407370509965,48.12595698684454,-92.24360919585227,76.200527287817
2024-09-23 21:23:16.958739,41.77,52.843758,0.0011938787373988514,-0.023330473146428877,0.09824668230995855,40.106058693909645,-92.24360919585227,76.200527287817
2024-09-23 21:23:16.970543,41.77,52.843809,0.0006466830067647949,-0.023330473146428877,0.09824668230995855,40.106058693909645,-92.24360919585227,76.200527287817
2024-09-23 21:23:17.012476,41.97,52.843809,0.0006466830067647949,-0.023230986250042305,0.09745075675933246,40.106058693909645,-92.24360919585227,76.200527287817
2024-09-23 21:23:17.024234,41.97,52.843859,0.0006466830067647949,-0.023230986250042305,0.09745075675933246,40.106058693909645,-92.24360919585227,76.200527287817
2024-09-23 21:23:17.057586,41.97,52.843859,0.0011441298778511575,-0.022733528983459317,0.09789846602079214,48.12595698684454,-92.24360919585227,76.200527287817
2024-09-23 21:23:17.111231,41.97,52.843951,0.0004974468710863627,-0.02293251340906919,0.09799795899308542,48.12595698684454,-96.25519929585457,80.21211738781929
2024-09-23 21:23:17.155427,41.97,52.843951,0.0004974468710863627,-0.02293251340906919,0.09799795899308542,52.137550501942634,-96.25519929585457,72.1922225099802
2024-09-23 21:23:17.167378,41.97,52.844002,0.0004974468710863627,-0.02293251340906919,0.09799795899308542,52.137550501942634,-96.25519929585457,72.1922225099802
2024-09-23 21:23:17.199474,41.97,52.844002,0.00014922575204880957,-0.02293251340906919,0.09799795899308542,52.137550501942634,-96.25519929585457,72.1922225099802
2024-09-23 21:23:17.210773,41.97,52.844002,0.00014922575204880957,-0.02293251340906919,0.09755024973162574,40.106058693909645,-88.23529758782387,76.200527287817
2024-09-23 21:23:17.253767,41.97,52.844053,0.000845657606494293,-0.02308174982955575,0.0976994861521123,40.106058693909645,-88.23529758782387,76.200527287817
2024-09-23 21:23:17.265394,41.97,52.844053,0.000845657606494293,-0.02308174982955575,0.0976994861521123,36.09446859390736,-92.24360919585227,76.200527287817
2024-09-23 21:23:17.298712,41.97,52.844053,0.000845657606494293,-0.02308174982955575,0.0976994861521123,36.09446859390736,-92.24360919585227,76.200527287817
2024-09-23 21:23:17.310503,41.97,52.844104,0.0009451553255896806,-0.02313149783467906,0.09710254654607277,44.11764879391193,-92.24360919585227,76.200527287817
2024-09-23 21:23:17.353001,41.97,52.844195,0.0007461703303635545,-0.02338022115155219,0.09710254654607277,44.11764879391193,-96.25519929585457,64.16903547978401
2024-09-23 21:23:17.364769,41.97,52.844195,0.0007461703303635545,-0.02338022115155219,0.09740101331113918,44.11764879391193,-96.25519929585457,64.16903547978401
2024-09-23 21:23:17.396608,41.97,52.844195,0.0007461703303635545,-0.02338022115155219,0.09740101331113918,44.11764879391193,-108.28669110388756,64.16903547978401
2024-09-23 21:23:17.407929,41.97,52.844246,0.000845657606494293,-0.02338022115155219,0.09740101331113918,44.11764879391193,-108.28669110388756,76.200527287817
2024-09-23 21:23:17.450466,41.97,52.844297,0.000845657606494293,-0.02338022115155219,0.09745075675933246,44.11764879391193,-100.26678939585686,76.200527287817
2024-09-23 21:23:17.462717,41.97,52.844297,0.0007461703303635545,-0.02338022115155219,0.09745075675933246,44.11764879391193,-100.26678939585686,76.200527287817
2024-09-23 21:23:17.495331,41.97,52.844297,0.0007461703303635545,-0.022833026512682618,0.09755024973162574,40.106058693909645,-100.26678939585686,76.200527287817
2024-09-23 21:23:17.507257,41.97,52.844389,0.0007461703303635545,-0.022833026512682618,0.09755024973162574,40.106058693909645,-96.25519929585457,80.21211738781929
2024-09-23 21:23:17.550134,41.97,52.844389,0.0006466830067647949,-0.0225345536717095,0.09710254654607277,36.09446859390736,-96.25519929585457,84.22370748782159
2024-09-23 21:23:17.593061,41.97,52.844441,0.0004974468710863627,-0.022733528983459317,0.09710254654607277,36.09446859390736,-96.25519929585457,84.22370748782159
2024-09-23 21:23:17.604239,41.97,52.844441,0.0004974468710863627,-0.022733528983459317,0.0973512698629459,44.11764879391193,-88.23529758782387,84.22370748782159
2024-09-23 21:23:17.646448,41.97,52.844491,0.0004974468710863627,-0.02268379009219606,0.09799795899308542,32.08287849390507,-88.23529758782387,84.22370748782159
2024-09-23 21:23:17.689669,41.97,52.844491,0.0004974468710863627,-0.02268379009219606,0.09799795899308542,32.08287849390507,-88.23529758782387,76.200527287817
2024-09-23 21:23:17.700777,41.97,52.844542,0.0004974468710863627,-0.023330473146428877,0.09755024973162574,32.08287849390507,-88.23529758782387,76.200527287817
2024-09-23 21:23:17.743667,41.97,52.844542,0.0004974468710863627,-0.023330473146428877,0.09755024973162574,36.09446859390736,-88.23529758782387,76.200527287817
2024-09-23 21:23:17.787169,41.97,52.844542,0.0004974468710863627,-0.023330473146428877,0.09755024973162574,36.09446859390736,-96.25519929585457,80.21211738781929
2024-09-23 21:23:17.798610,41.97,52.844593,0.0008954064660419869,-0.023330473146428877,0.09755024973162574,36.09446859390736,-96.25519929585457,80.21211738781929
2024-09-23 21:23:17.841921,41.97,52.844593,0.0008954064660419869,-0.023330473146428877,0.09745075675933246,40.106058693909645,-92.24360919585227,80.21211738781929
2024-09-23 21:23:17.936843,41.97,52.844644,0.0007959191899112484,-0.023330473146428877,0.09745075675933246,40.106058693909645,-92.24360919585227,76.200527287817
2024-09-23 21:23:17.949444,41.97,52.844644,0.0007959191899112484,-0.023330473146428877,0.09725178296655933,48.12595698684454,-92.24360919585227,76.200527287817
2024-09-23 21:23:17.981328,41.97,52.844644,0.0007959191899112484,-0.023330473146428877,0.09725178296655933,48.12595698684454,-96.25519929585457,76.200527287817
2024-09-23 21:23:17.992478,41.97,52.84473,0.00044769805900669,-0.022733528983459317,0.09690356060148622,48.12595698684454,-96.25519929585457,76.200527287817
2024-09-23 21:23:18.035402,41.5,52.844782,0.0009451553255896806,-0.022733528983459317,0.09690356060148622,40.106058693909645,-92.24360919585227,80.21211738781929
2024-09-23 21:23:18.046519,41.5,52.844782,0.0009451553255896806,-0.02308174982955575,0.09690356060148622,40.106058693909645,-92.24360919585227,80.21211738781929
2024-09-23 21:23:18.080914,41.5,52.844782,0.0009451553255896806,-0.02308174982955575,0.09705279702197278,40.106058693909645,-96.25519929585457,80.21211738781929
2024-09-23 21:23:18.093026,41.5,52.844877,0.0008954064660419869,-0.02308174982955575,0.09705279702197278,40.106058693909645,-96.25519929585457,72.1922225099802
2024-09-23 21:23:18.135145,41.5,52.844928,0.0008954064660419869,-0.02338022115155219,0.09764974270391902,48.12595698684454,-88.23529758782387,80.21211738781929
2024-09-23 21:23:18.178390,41.5,52.844928,0.0006964318663124887,-0.022733528983459317,0.09779897304849887,48.12595698684454,-88.23529758782387,80.21211738781929
2024-09-23 21:23:18.193952,41.5,52.844928,0.0006964318663124887,-0.022733528983459317,0.09779897304849887,44.11764879391193,-100.26678939585686,72.1922225099802
2024-09-23 21:23:18.226872,41.5,52.845072,0.00029846189959424716,-0.023280723622328886,0.09779897304849887,44.11764879391193,-100.26678939585686,72.1922225099802
2024-09-23 21:23:18.238124,41.5,52.845072,0.00029846189959424716,-0.023280723622328886,0.0976994861521123,44.11764879391193,-96.25519929585457,72.1922225099802
2024-09-23 21:23:18.280986,41.5,52.845123,0.0006964318663124887,-0.02308174982955575,0.0973512698629459,52.137550501942634,-96.25519929585457,72.1922225099802
2024-09-23 21:23:18.324603,41.5,52.845123,0.0006964318663124887,-0.02308174982955575,0.0973512698629459,52.137550501942634,-96.25519929585457,72.1922225099802
2024-09-23 21:23:18.378361,41.5,52.845174,0.0012933660135295898,-0.022833026512682618,0.09740101331113918,40.106058693909645,-96.25519929585457,76.200527287817
2024-09-23 21:23:18.420485,41.5,52.845174,0.0012933660135295898,-0.022833026512682618,0.09740101331113918,40.106058693909645,-92.24360919585227,72.1922225099802
2024-09-23 21:23:18.431668,41.5,52.845225,0.0007461703303635545,-0.02313149783467906,0.09779897304849887,40.106058693909645,-92.24360919585227,72.1922225099802
2024-09-23 21:23:18.475228,41.5,52.845275,0.000845657606494293,-0.023230986250042305,0.09779897304849887,44.11764879391193,-92.24360919585227,80.21211738781929
2024-09-23 21:23:18.517429,41.5,52.845275,0.000845657606494293,-0.023230986250042305,0.09710254654607277,36.09446859390736,-92.24360919585227,80.21211738781929
2024-09-23 21:23:18.528882,41.5,52.845364,0.0007959191899112484,-0.023230986250042305,0.09710254654607277,36.09446859390736,-92.24360919585227,80.21211738781929
2024-09-23 21:23:18.572719,41.5,52.845415,0.0007959191899112484,-0.02263404056809607,0.09759999317981902,44.11764879391193,-96.25519929585457,76.200527287817
2024-09-23 21:23:18.615451,41.5,52.845415,0.0007959191899112484,-0.022982261414192504,0.09759999317981902,44.11764879391193,-96.25519929585457,76.200527287817
2024-09-23 21:23:18.626641,41.5,52.845415,0.0007959191899112484,-0.022982261414192504,0.09695331012558621,36.09446859390736,-88.23529758782387,76.200527287817
2024-09-23 21:23:18.669102,41.5,52.845511,0.00034821073540793035,-0.02308174982955575,0.09764974270391902,36.09446859390736,-88.23529758782387,76.200527287817
2024-09-23 21:23:18.681294,41.5,52.845511,0.00034821073540793035,-0.02308174982955575,0.09764974270391902,36.09446859390736,-92.24360919585227,76.200527287817
2024-09-23 21:23:18.714658,41.5,52.845562,0.0006466830067647949,-0.02308174982955575,0.09764974270391902,36.09446859390736,-92.24360919585227,80.21211738781929
2024-09-23 21:23:18.726315,41.5,52.845562,0.0006466830067647949,-0.023429960042815445,0.0973512698629459,48.12595698684454,-92.24360919585227,80.21211738781929
2024-09-23 21:23:18.769011,41.5,52.845613,0.0006964318663124887,-0.02303200030545576,0.09725178296655933,48.12595698684454,-88.23529758782387,72.1922225099802
2024-09-23 21:23:18.812060,41.5,52.845613,0.0006964318663124887,-0.02303200030545576,0.09725178296655933,48.12595698684454,-100.26678939585686,72.1922225099802
2024-09-23 21:23:18.824598,41.5,52.845664,0.0009948937421727254,-0.02313149783467906,0.09725178296655933,48.12595698684454,-100.26678939585686,72.1922225099802
2024-09-23 21:23:18.856559,41.5,52.845664,0.0009948937421727254,-0.02313149783467906,0.0970030596496862,48.12595698684454,-100.26678939585686,72.1922225099802
2024-09-23 21:23:18.867648,41.5,52.845664,0.0009948937421727254,-0.02313149783467906,0.0970030596496862,44.11764879391193,-96.25519929585457,76.200527287817
2024-09-23 21:23:18.911194,41.5,52.845714,0.0006466830067647949,-0.02313149783467906,0.09715228999426605,44.11764879391193,-96.25519929585457,76.200527287817
2024-09-23 21:23:18.922877,41.5,52.845714,0.0006466830067647949,-0.02313149783467906,0.09715228999426605,48.12595698684454,-96.25519929585457,76.200527287817
2024-09-23 21:23:18.957222,41.5,52.845803,0.0006466830067647949,-0.02313149783467906,0.09715228999426605,48.12595698684454,-96.25519929585457,76.200527287817
2024-09-23 21:23:18.968855,41.5,52.845803,0.00029846189959424716,-0.02313149783467906,0.09715228999426605,48.12595698684454,-96.25519929585457,76.200527287817
2024-09-23 21:23:19.012357,41.5,52.845854,0.00029846189959424716,-0.02303200030545576,0.09715228999426605,44.11764879391193,-104.27510100388527,76.200527287817
2024-09-23 21:23:19.054232,41.03,52.845854,0.0006964318663124887,-0.023429960042815445,0.09715228999426605,44.11764879391193,-104.27510100388527,76.200527287817
2024-09-23 21:23:19.066261,41.03,52.845854,0.0006964318663124887,-0.023429960042815445,0.09750050628343246,48.12595698684454,-92.24360919585227,80.21211738781929
2024-09-23 21:23:19.109971,41.03,52.845905,0.00014922575204880957,-0.022982261414192504,0.09740101331113918,40.106058693909645,-100.26678939585686,80.21211738781929
2024-09-23 21:23:19.153293,41.03,52.845956,0.0012436275969465451,-0.022982261414192504,0.09740101331113918,40.106058693909645,-100.26678939585686,76.200527287817
2024-09-23 21:23:19.164711,41.03,52.845956,0.0012436275969465451,-0.023579196463302005,0.09745075675933246,40.106058693909645,-100.26678939585686,76.200527287817
2024-09-23 21:23:19.208423,41.03,52.846047,0.000845657606494293,-0.02293251340906919,0.09750050628343246,40.106058693909645,-96.25519929585457,80.21211738781929
2024-09-23 21:23:19.251185,41.03,52.846047,0.000845657606494293,-0.02293251340906919,0.09750050628343246,40.106058693909645,-84.22370748782159,80.21211738781929
2024-09-23 21:23:19.263017,41.03,52.846098,0.0005969341946851222,-0.02263404056809607,0.09750050628343246,40.106058693909645,-84.22370748782159,80.21211738781929
2024-09-23 21:23:19.305978,41.03,52.846149,0.0011441298778511575,-0.02263404056809607,0.09759999317981902,36.09446859390736,-92.24360919585227,80.21211738781929
2024-09-23 21:23:19.348470,41.03,52.846149,0.0011441298778511575,-0.02338022115155219,0.09740101331113918,40.106058693909645,-92.24360919585227,80.21211738781929
2024-09-23 21:23:19.360098,41.03,52.846242,0.0011441298778511575,-0.02338022115155219,0.09740101331113918,40.106058693909645,-96.25519929585457,76.200527287817
2024-09-23 21:23:19.403006,41.03,52.846242,0.0011441298778511575,-0.023230986250042305,0.09720203344245934,44.11764879391193,-96.25519929585457,76.200527287817
2024-09-23 21:23:19.446451,41.03,52.846293,0.0008954064660419869,-0.023479709566915436,0.09720203344245934,44.11764879391193,-96.25519929585457,76.200527287817
2024-09-23 21:23:19.458680,41.03,52.846293,0.0008954064660419869,-0.023479709566915436,0.09755024973162574,44.11764879391193,-96.25519929585457,76.200527287817
2024-09-23 21:23:19.490464,41.03,52.846293,0.0008954064660419869,-0.023479709566915436,0.09755024973162574,44.11764879391193,-96.25519929585457,80.21211738781929
2024-09-23 21:23:19.502049,41.03,52.846344,0.0008954064660419869,-0.023230986250042305,0.09814718933766527,32.08287849390507,-96.25519929585457,80.21211738781929
2024-09-23 21:23:19.543959,41.03,52.846394,0.0008954064660419869,-0.023230986250042305,0.09814718933766527,32.08287849390507,-92.24360919585227,76.200527287817
2024-09-23 21:23:19.555104,41.03,52.846394,0.0012436275969465451,-0.02303200030545576,0.0976994861521123,32.08287849390507,-92.24360919585227,76.200527287817
2024-09-23 21:23:19.598534,41.03,52.846445,0.0011441298778511575,-0.0228827638849692,0.0976994861521123,36.09446859390736,-92.24360919585227,72.1922225099802
2024-09-23 21:23:19.641157,41.03,52.846445,0.0011441298778511575,-0.0228827638849692,0.0973015264147526,44.11764879391193,-92.24360919585227,72.1922225099802
2024-09-23 21:23:19.693841,41.03,52.846496,0.0006964318663124887,-0.02338022115155219,0.0973015264147526,44.11764879391193,-96.25519929585457,76.200527287817
2024-09-23 21:23:19.706042,41.03,52.846496,0.0006964318663124887,-0.02338022115155219,0.09745075675933246,44.11764879391193,-96.25519929585457,76.200527287817
2024-09-23 21:23:19.738404,41.03,52.846496,0.0006964318663124887,-0.02338022115155219,0.09745075675933246,40.106058693909645,-92.24360919585227,76.200527287817
2024-09-23 21:23:19.749903,41.03,52.846583,0.0007959191899112484,-0.023429960042815445,0.09745075675933246,40.106058693909645,-92.24360919585227,76.200527287817
2024-09-23 21:23:19.792463,41.03,52.846634,0.0009451553255896806,-0.023429960042815445,0.09774922960030558,48.12595698684454,-92.24360919585227,76.200527287817
2024-09-23 21:23:19.835951,41.03,52.846634,0.0009451553255896806,-0.022982261414192504,0.09750050628343246,36.09446859390736,-92.24360919585227,76.200527287817
2024-09-23 21:23:19.848011,41.03,52.846685,0.0009451553255896806,-0.022982261414192504,0.09750050628343246,36.09446859390736,-92.24360919585227,76.200527287817
2024-09-23 21:23:19.891236,41.03,52.846685,0.00024872343554318134,-0.022982261414192504,0.09784872257259886,40.106058693909645,-88.23529758782387,80.21211738781929
2024-09-23 21:23:19.933883,41.03,52.846779,0.0009948937421727254,-0.022982261414192504,0.09784872257259886,40.106058693909645,-88.23529758782387,80.21211738781929
2024-09-23 21:23:19.945603,41.03,52.846779,0.0009948937421727254,-0.02278327698858263,0.09759999317981902,44.11764879391193,-92.24360919585227,80.21211738781929
2024-09-23 21:23:19.978774,41.03,52.846779,0.0009948937421727254,-0.02278327698858263,0.09759999317981902,44.11764879391193,-92.24360919585227,80.21211738781929
2024-09-23 21:23:19.989863,41.03,52.84683,0.0009451553255896806,-0.023479709566915436,0.09764974270391902,40.106058693909645,-92.24360919585227,80.21211738781929
2024-09-23 21:23:20.032511,41.03,52.84688,0.0009451553255896806,-0.023479709566915436,0.09764974270391902,40.106058693909645,-96.25519929585457,84.22370748782159
2024-09-23 21:23:20.044356,41.03,52.84688,0.0009451553255896806,-0.023429960042815445,0.0976994861521123,40.106058693909645,-96.25519929585457,84.22370748782159
2024-09-23 21:23:20.076012,41.34,52.84688,0.0009451553255896806,-0.023429960042815445,0.0976994861521123,44.11764879391193,-96.25519929585457,84.22370748782159
2024-09-23 21:23:20.087497,41.34,52.846931,4.973845218406054e-05,-0.02308174982955575,0.0976994861521123,44.11764879391193,-100.26678939585686,76.200527287817
2024-09-23 21:23:20.130102,41.34,52.846931,4.973845218406054e-05,-0.02308174982955575,0.09670458680871308,40.106058693909645,-96.25519929585457,72.1922225099802
2024-09-23 21:23:20.141762,41.34,52.846982,0.0013431148730772837,-0.02308174982955575,0.09670458680871308,40.106058693909645,-96.25519929585457,72.1922225099802
2024-09-23 21:23:20.175691,41.34,52.846982,0.0013431148730772837,-0.02308174982955575,0.0970030596496862,40.106058693909645,-96.25519929585457,72.1922225099802
2024-09-23 21:23:20.188504,41.34,52.846982,0.0013431148730772837,-0.02308174982955575,0.0970030596496862,40.106058693909645,-96.25519929585457,72.1922225099802
2024-09-23 21:23:20.272707,41.34,52.84707,0.0013431148730772837,-0.02308174982955575,0.0970030596496862,40.106058693909645,-96.25519929585457,76.200527287817
2024-09-23 21:23:20.284409,41.34,52.84707,0.0005969341946851222,-0.0228827638849692,0.0970030596496862,40.106058693909645,-96.25519929585457,76.200527287817
2024-09-23 21:23:20.326749,41.34,52.847122,0.0005969341946851222,-0.0228827638849692,0.09759999317981902,36.09446859390736,-96.25519929585457,80.21211738781929
2024-09-23 21:23:20.338851,41.34,52.847122,0.0004974468710863627,-0.0228827638849692,0.09759999317981902,36.09446859390736,-96.25519929585457,80.21211738781929
2024-09-23 21:23:20.370572,41.34,52.847122,0.0004974468710863627,-0.023330473146428877,0.09695331012558621,36.09446859390736,-96.25519929585457,80.21211738781929
2024-09-23 21:23:20.381587,41.34,52.847173,0.0004974468710863627,-0.023330473146428877,0.09695331012558621,40.106058693909645,-96.25519929585457,80.21211738781929
2024-09-23 21:23:20.424216,41.34,52.847173,9.948729986474904e-05,-0.022733528983459317,0.09745075675933246,44.11764879391193,-96.25519929585457,80.21211738781929
2024-09-23 21:23:20.435998,41.34,52.847173,9.948729986474904e-05,-0.022733528983459317,0.09745075675933246,44.11764879391193,-96.25519929585457,72.1922225099802
2024-09-23 21:23:20.469204,41.34,52.847223,0.0011441298778511575,-0.023230986250042305,0.09745075675933246,44.11764879391193,-96.25519929585457,72.1922225099802
2024-09-23 21:23:20.480265,41.34,52.847223,0.0011441298778511575,-0.023230986250042305,0.0973015264147526,44.11764879391193,-96.25519929585457,72.1922225099802
2024-09-23 21:23:20.522405,41.34,52.847274,0.0007461703303635545,-0.02293251340906919,0.09725178296655933,36.09446859390736,-96.25519929585457,80.21211738781929
2024-09-23 21:23:20.566441,41.34,52.847413,0.0007461703303635545,-0.02293251340906919,0.09725178296655933,36.09446859390736,-92.24360919585227,80.21211738781929
2024-09-23 21:23:20.577669,41.34,52.847413,0.000845657606494293,-0.02263404056809607,0.09740101331113918,36.09446859390736,-92.24360919585227,80.21211738781929
2024-09-23 21:23:20.620140,41.34,52.847464,0.0006466830067647949,-0.02263404056809607,0.09740101331113918,40.106058693909645,-92.24360919585227,72.1922225099802
2024-09-23 21:23:20.631629,41.34,52.847464,0.0006466830067647949,-0.023330473146428877,0.09740101331113918,40.106058693909645,-92.24360919585227,72.1922225099802
2024-09-23 21:23:20.663017,41.34,52.847464,0.0006466830067647949,-0.023330473146428877,0.0976994861521123,52.137550501942634,-92.24360919585227,72.1922225099802
2024-09-23 21:23:20.674136,41.34,52.847515,0.00044769805900669,-0.023330473146428877,0.0976994861521123,52.137550501942634,-96.25519929585457,68.18063240997792
2024-09-23 21:23:20.717959,41.34,52.847607,0.00044769805900669,-0.02263404056809607,0.09764974270391902,40.106058693909645,-96.25519929585457,76.200527287817
2024-09-23 21:23:20.760804,41.34,52.847607,0.0013928637326249774,-0.02308174982955575,0.09764974270391902,40.106058693909645,-96.25519929585457,76.200527287817
2024-09-23 21:23:20.771751,41.34,52.847607,0.0013928637326249774,-0.02308174982955575,0.09755024973162574,52.137550501942634,-96.25519929585457,76.200527287817
2024-09-23 21:23:20.813758,41.34,52.847658,0.001044642601720419,-0.023230986250042305,0.09655535038822652,40.106058693909645,-96.25519929585457,76.200527287817
2024-09-23 21:23:20.825844,41.34,52.847658,0.001044642601720419,-0.023230986250042305,0.09655535038822652,40.106058693909645,-100.26678939585686,76.200527287817
2024-09-23 21:23:20.857588,41.34,52.847709,0.001044642601720419,-0.023230986250042305,0.09655535038822652,40.106058693909645,-100.26678939585686,76.200527287817
2024-09-23 21:23:20.910317,41.34,52.847709,0.0009451553255896806,-0.023230986250042305,0.09710254654607277,40.106058693909645,-100.26678939585686,76.200527287817
2024-09-23 21:23:20.922122,41.34,52.847709,0.0009451553255896806,-0.023230986250042305,0.09710254654607277,40.106058693909645,-88.23529758782387,76.200527287817
2024-09-23 21:23:20.954588,41.34,52.847709,0.0009451553255896806,-0.023230986250042305,0.09710254654607277,40.106058693909645,-88.23529758782387,72.1922225099802
2024-09-23 21:23:20.966079,41.34,52.847759,0.000845657606494293,-0.023579196463302005,0.098047696365372,36.09446859390736,-88.23529758782387,72.1922225099802
2024-09-23 21:23:21.008706,41.34,52.84781,0.0013928637326249774,-0.023579196463302005,0.098047696365372,36.09446859390736,-92.24360919585227,76.200527287817
2024-09-23 21:23:21.020581,41.34,52.84781,0.0013928637326249774,-0.023330473146428877,0.09715228999426605,36.09446859390736,-92.24360919585227,76.200527287817
2024-09-23 21:23:21.052924,41.34,52.84781,0.0013928637326249774,-0.023330473146428877,0.09715228999426605,40.106058693909645,-96.25519929585457,76.200527287817
2024-09-23 21:23:21.064583,41.34,52.847861,0.0009451553255896806,-0.02367869399252531,0.09715228999426605,40.106058693909645,-96.25519929585457,76.200527287817
2024-09-23 21:23:21.107705,41.69,52.847948,0.0007959191899112484,-0.02367869399252531,0.09750050628343246,48.12595698684454,-96.25519929585457,80.21211738781929
2024-09-23 21:23:21.150105,41.69,52.847948,0.0007959191899112484,-0.023230986250042305,0.09750050628343246,48.12595698684454,-96.25519929585457,80.21211738781929
2024-09-23 21:23:21.162005,41.69,52.847999,0.0007959191899112484,-0.023230986250042305,0.09779897304849887,44.11764879391193,-92.24360919585227,84.22370748782159
2024-09-23 21:23:21.204808,41.69,52.847999,0.00029846189959424716,-0.02278327698858263,0.09779897304849887,40.106058693909645,-92.24360919585227,84.22370748782159
2024-09-23 21:23:21.217284,41.69,52.847999,0.00029846189959424716,-0.02278327698858263,0.09779897304849887,40.106058693909645,-92.24360919585227,72.1922225099802
2024-09-23 21:23:21.248985,41.69,52.848095,0.0005471957306340564,-0.02352945757203875,0.09779897304849887,40.106058693909645,-92.24360919585227,72.1922225099802
2024-09-23 21:23:21.260641,41.69,52.848095,0.0005471957306340564,-0.02352945757203875,0.0973015264147526,40.106058693909645,-88.23529758782387,72.1922225099802
2024-09-23 21:23:21.303557,41.69,52.848146,0.0007461703303635545,-0.02308174982955575,0.0976994861521123,36.09446859390736,-88.23529758782387,72.1922225099802
2024-09-23 21:23:21.347327,41.69,52.848197,0.0007461703303635545,-0.02308174982955575,0.0976994861521123,36.09446859390736,-88.23529758782387,72.1922225099802
2024-09-23 21:23:21.358517,41.69,52.848197,9.948729986474904e-05,-0.022833026512682618,0.09764974270391902,36.09446859390736,-88.23529758782387,72.1922225099802
2024-09-23 21:23:21.400872,41.69,52.848247,0.0005969341946851222,-0.023280723622328886,0.09764974270391902,44.11764879391193,-96.25519929585457,72.1922225099802
2024-09-23 21:23:21.444242,41.69,52.848247,0.0005969341946851222,-0.023280723622328886,0.09779897304849887,36.09446859390736,-96.25519929585457,72.1922225099802
2024-09-23 21:23:21.456491,41.69,52.848298,0.0009948937421727254,-0.023280723622328886,0.09779897304849887,36.09446859390736,-96.25519929585457,72.1922225099802
2024-09-23 21:23:21.498756,41.69,52.848387,0.0009948937421727254,-0.0228827638849692,0.09764974270391902,48.12595698684454,-100.26678939585686,80.21211738781929
2024-09-23 21:23:21.540677,41.69,52.848387,0.001044642601720419,-0.02313149783467906,0.09764974270391902,48.12595698684454,-100.26678939585686,80.21211738781929
2024-09-23 21:23:21.552601,41.69,52.848387,0.001044642601720419,-0.02313149783467906,0.09784872257259886,48.12595698684454,-100.26678939585686,76.200527287817
2024-09-23 21:23:21.594942,41.69,52.848438,0.0007959191899112484,-0.02308174982955575,0.0973512698629459,44.11764879391193,-92.24360919585227,76.200527287817
2024-09-23 21:23:21.637745,41.69,52.848489,0.0007959191899112484,-0.02308174982955575,0.0973512698629459,44.11764879391193,-92.24360919585227,76.200527287817
